Nr,Categorie,Vraag NL,Antwoord,Status,Zoekterm,Artikel,Bron,Bewijszin,Toelichting,Bron (bestaand)
1,Biologie & gezondheid,Hoeveel chromosomen heeft een gewone ui Allium cepa in een lichaamscel?,16,niet gevonden,Allium,Allium,https://en.wikipedia.org/wiki/Allium,,,https://powo.science.kew.org/
2,Biologie & gezondheid,Hoeveel duizend knipperbewegingen met je ogen maak je gemiddeld per dag?,15,niet gevonden,,,,,,https://www.aao.org/eye-health/tips-prevention/how-often-do-you-blink
3,Biologie & gezondheid,Hoeveel miljard neuronen (zenuwcellen) bevat het menselijk brein naar schatting?,86,niet gevonden,,,,,,https://www.ninds.nih.gov/health-information/patient-caregiver-education/brain-basics
4,Biologie & gezondheid,In welk jaar werd het eerste succesvolle vaccin ontwikkeld?,1796,niet gevonden,,,,,,https://www.who.int/news-room/spotlight/history-of-vaccination/history-of-smallpox-vaccination
5,Boeken en literatuur,Hoeveel hoofdstukken bevat The Hobbit?,19,niet gevonden,The Hobbit,The Hobbit: An Unexpected Journey,https://nl.wikipedia.org/wiki/The_Hobbit%3A_An_Unexpected_Journey,,"getal wel gezien, maar te algemeen om bewijs te zijn",https://www.britannica.com/topic/The-Hobbit
6,Dagelijks leven,Hoeveel dagen telt een schrikkeljaar?,366,bevestigd,dagen schrikkeljaar,Schrikkeljaar,https://nl.wikipedia.org/wiki/Schrikkeljaar,Een schrikkeljaar is een kalenderjaar met 366 dagen in plaats van 365.,2 kernwoorden komen overeen,https://www.rmg.co.uk/stories/topics/what-leap-year
7,Dieren,Hoeveel kilo weegt een koningspinguin?,15,niet gevonden,,,,,,https://en.wikipedia.org/wiki/King_penguin
8,Dieren,Hoeveel kilogram weegt de tong van een blauwe vinvis ongeveer?,2700,niet gevonden,kilogram tong blauwe,Blauwe vinvis,https://nl.wikipedia.org/wiki/Blauwe_vinvis,,,https://ich.unesco.org/en/intangible-heritage-domains-00052
9,Dieren,Hoeveel kilometer per uur zwemt een dolfijn op zijn snelst?,32,niet gevonden,zwemt dolfijn,Chinese witte dolfijn,https://nl.wikipedia.org/wiki/Chinese_witte_dolfijn,,,https://www.ifaw.org/international/journal/fastest-whales-dolphins-ocean
10,Dieren,Hoeveel poten heeft een krab?,10,niet gevonden,,,,,,https://en.wikipedia.org/wiki/Crab
11,Eten & drinken,Hoeveel gram eiwit bevat een Amerikaanse McDonald’s Big Mac?,25,niet gevonden,American McDonald,Christopher McDonald,https://nl.wikipedia.org/wiki/Christopher_McDonald,,,https://www.mcdonalds.com/us/en-us/product/big-mac.html
12,Eten & drinken,Hoeveel gram suiker zit er in een blikje Coca-Cola van 330 ml?,35,niet gevonden,Coca-Cola van,Coca-Cola,https://nl.wikipedia.org/wiki/Coca-Cola,,,https://www.coca-cola.com/ng/en/about-us/faq/how-much-sugar-is-in-cocacola-original-taste
13,Eten & drinken,Hoeveel kilocalorieën bevat een Amerikaanse McDonald’s Big Mac?,580,niet gevonden,,,,,,https://www.mcdonalds.com/us/en-us/product/big-mac.html
14,Films en series,Hoeveel afleveringen telt de iconische serie Fawlty Towers?,12,niet gevonden,Fawlty Towers,Fawlty Towers,https://nl.wikipedia.org/wiki/Fawlty_Towers,,"getal wel gezien, maar te algemeen om bewijs te zijn",Kan je zelf opzoeken
15,Films en series,Hoeveel afleveringen telt de serie Breaking Bad?,62,bevestigd,Breaking Bad,Breaking Bad,https://en.wikipedia.org/wiki/Breaking_Bad,"Breaking Bad premiered on AMC on January 20, 2008, and concluded on September 29, 2013, after five seasons and 62 episodes.",1 kernwoord komt overeen,Zoek zelf op
16,"Filosofie, psychologie en religie",Hoeveel Muzen (dochters van Zeus) telt de Griekse mythologie?,9,niet gevonden,Muzen,Muzen,https://nl.wikipedia.org/wiki/Muzen,,,https://www.genome.gov/about-genomics/fact-sheets/Deoxyribonucleic-Acid-Fact-Sheet
17,"Filosofie, psychologie en religie",Hoeveel hoofdgoden telt de Griekse mythologie op de berg Olympus (de Twaalf Olympiërs)?,12,bevestigd,Olympus,Olympus Corporation,https://en.wikipedia.org/wiki/Olympus_Corporation,"Olympus was founded on October 12, 1919 as Takachiho Seisakusho by Takeshi Yamashita, initially specializing in microscopes and thermometers, and later in imaging.",1 kernwoord komt overeen,Zoek zelf op
18,Gebouwen en infrastructuur,Hoeveel kamers heeft Buckingham Palace?,775,bevestigd,Buckingham Palace,Buckingham Palace,https://nl.wikipedia.org/wiki/Buckingham_Palace,"Het paleis heeft 775 kamers (waarvan 78 badkamers), 1514 deuren en ruim 760 vensters, die om de zes weken worden gereinigd.",1 kernwoord komt overeen,https://www.royal.uk/buckingham-palace
19,Gebouwen en infrastructuur,Hoeveel liften heeft de Burj Khalifa?,57,bevestigd,Burj Khalifa,Burj Khalifa,https://en.wikipedia.org/wiki/Burj_Khalifa,The Burj Khalifa has 57 elevators and 8 escalators.,2 kernwoorden komen overeen,https://www.burjkhalifa.ae/en/the-tower/facts-figures/
20,Gebouwen en infrastructuur,Hoeveel meter hoog is de CN Tower?,553,bevestigd,CN Tower,CN Tower,https://en.wikipedia.org/wiki/CN_Tower,"The CN Tower is a 553.3-metre-high (1,815.3 ft) communications and observation tower in Toronto, Ontario, Canada.",1 kernwoord komt overeen,https://www.cntower.ca/en-ca/about-us.html
21,Gebouwen en infrastructuur,Hoeveel torens heeft het Kremlin in Moskou?,20,niet gevonden,Kremlin,Kremlin van Moskou,https://nl.wikipedia.org/wiki/Kremlin_van_Moskou,,,https://www.kreml.ru/en/around-kremlin/towers/
22,Gebouwen en infrastructuur,Hoeveel treden heeft de Burj Khalifa in Dubai?,2909,getal gezien,Burj Khalifa,Burj Khalifa,https://en.wikipedia.org/wiki/Burj_Khalifa,"The building has 2,909 stairs from the ground floor to the 160th floor.","het getal staat er wel, maar niet in een herkenbare zin",https://www.burjkhalifa.ae/en/the-tower/facts-figures/
23,Gebouwen en infrastructuur,Hoeveel treden heeft de trap van de CN Tower ongeveer?,1776,bevestigd,CN Tower,CN Tower,https://en.wikipedia.org/wiki/CN_Tower,"As of 2013, there were two other freestanding structures in the Western Hemisphere exceeding 500 m (1,640.4 ft) in height: the Willis Tower in Chicago, which stands at 527 m (1,729.0 ft) when measured to its pinnacle, and One World Trade Center in New York City, which has a pinnacle height of 541.33",1 kernwoord komt overeen,https://www.cntower.ca/en-ca/about-us.html
24,Gebouwen en infrastructuur,Hoeveel treden heeft het Empire State Building van straatniveau tot het observatiedek?,1860,afwijkend,treden empire,Empire State Building,https://nl.wikipedia.org/wiki/Empire_State_Building,Het Empire State Building is een 381 meter hoge wolkenkrabber in New York.,artikel noemt een ander getal bij dezelfde termen,https://www.esbnyc.com/about/facts-figures
25,Gebouwen en infrastructuur,Hoeveel verdiepingen hebben de Petronas Twin Towers?,88,bevestigd,Petronas Twin Towers,Petronas Twin Towers,https://nl.wikipedia.org/wiki/Petronas_Twin_Towers,Het gebouw heeft 88 verdiepingen.,1 kernwoord komt overeen,https://www.petronastwintowers.com.my/about-us/
26,Gebouwen en infrastructuur,Hoeveel verdiepingen heeft Taipei 101?,101,bevestigd,Taipei,Taipei,https://nl.wikipedia.org/wiki/Taipei,"Taipei kan verwijzen naar:

Taipei (stad), de hoofdstad van Taiwan
Nieuw Taipei, een stadsprovincie die de stad Taipei omringt
Chinees Taipei, een aanduiding voor Taiwan
Taipei 101, een wolkenkrabber in de Taiwanese hoofdstad",1 kernwoord komt overeen,https://www.taipei-101.com.tw/en/observatory/about
27,Gebouwen en infrastructuur,Hoeveel verdiepingen heeft de Burj Khalifa?,163,bevestigd,Burj Khalifa,Burj Khalifa,https://nl.wikipedia.org/wiki/Burj_Khalifa,In totaal heeft het gebouw 163 verdiepingen.,1 kernwoord komt overeen,https://www.burjkhalifa.ae/en/the-tower/facts-figures/
28,Gebouwen en infrastructuur,Hoeveel zuilen heeft de Grote Zuilenzaal van de Tempel van Karnak ongeveer?,134,bevestigd,Grote Zuilenzaal van de Tempel van Karnak,Tempel van Amon (Karnak),https://nl.wikipedia.org/wiki/Tempel_van_Amon_%28Karnak%29,De zaal telde 134 zuilen die ongeveer 15 meter hoog zijn.,1 kernwoord komt overeen,https://www.britannica.com/place/Karnak
29,Gebouwen en infrastructuur,Wat is de lengte van het Panamakanaal van de Atlantische naar de Stille Oceaan in km?,82,afwijkend,Panama Canal,Panamakanaal,https://nl.wikipedia.org/wiki/Panamakanaal,"Het gemiddelde waterniveau van de Atlantische Oceaan (met een lager niveau door een hogere massadichtheid wegens kouder en zoutrijker water) en de Stille Oceaan (met een hoger niveau wegens warmer en zoutarmer water dan dat van de Atlantische oceaan) verschilt op zich minder dan 30 cm, maar de getij",artikel noemt een ander getal bij dezelfde termen,https://pancanal.com/en/history-of-the-panama-canal/
30,Geografie,Hoeveel afzonderlijke riffen omvat het Great Barrier Reef ongeveer?,2900,bevestigd,Great Barrier Reef,Great Barrier Reef,https://en.wikipedia.org/wiki/Great_Barrier_Reef,"The Great Barrier Reef is the world's largest coral reef system, composed of over 2,900 individual reefs and 900 islands stretching for over 2,300 kilometres (1,400 mi) over an area of approximately 344,400 square kilometres (133,000 mi2).",3 kernwoorden komen overeen,https://www2.gbrmpa.gov.au/about/reef
31,Geografie,Hoeveel kilometer lang is het Baikalmeer ongeveer?,636,niet gevonden,Baikalmeer,Baikalmeer,https://nl.wikipedia.org/wiki/Baikalmeer,,,https://www.britannica.com/place/Lake-Baikal
32,Geografie,Hoeveel landen grenzen aan Zwitserland?,5,bevestigd,Zwitserland,Zwitserland,https://nl.wikipedia.org/wiki/Zwitserland,"Taal

De nationale en officiële talen van Zwitserland zijn:

Duits, als hoofdtaal gesproken door 63,0% van de bevolking
Frans, als hoofdtaal gesproken door 22,6% van de bevolking
Italiaans, als hoofdtaal gesproken door 8,1% van de bevolking
Reto-Romaans, als hoofdtaal gesproken door 0,6% van de bevo",1 kernwoord komt overeen,https://www.eda.admin.ch/aboutswitzerland/en/home/gesellschaft/geografie.html
33,Geografie,Hoeveel meter diep is het Tanganyikameer op het diepste punt ongeveer?,1470,getal gezien,Tanganyikameer,Tanganyikameer,https://nl.wikipedia.org/wiki/Tanganyikameer,"Het meer heeft een oppervlakte van 32.900 km², een oever met een lengte van 1.828 km, een gemiddelde diepte van 570 m en een maximumdiepte van 1.470 m (in het noordelijke bassin) en het bevat ongeveer 18.900 km³ water.","het getal staat er wel, maar niet in een herkenbare zin",https://www.britannica.com/place/Lake-Tanganyika
34,Geografie,Hoeveel meter hoog is Angel Falls ongeveer?,979,niet gevonden,Angel Falls,Angel Falls,https://en.wikipedia.org/wiki/Angel_Falls,,"getal wel gezien, maar te algemeen om bewijs te zijn",https://www.britannica.com/place/Angel-Falls
35,Geografie,Hoeveel procent van Antarctica is met ijs bedekt?,98,niet gevonden,Antarctica,Antarctica,https://nl.wikipedia.org/wiki/Antarctica,,,https://www.bas.ac.uk/about/about-antarctica/antarctica-facts/
36,Geografie,In welk jaar werd Antarctica voor het eerst waargenomen door een expeditie?,1820,bevestigd,Antarctica,Antarctica,https://nl.wikipedia.org/wiki/Antarctica,"Geschiedenis

Hoewel er al veel eerder vermoedens bestonden over een zuidelijk continent, werd Antarctica pas in 1820 ""ontdekt"".",1 kernwoord komt overeen,https://www.britannica.com/place/Antarctica
37,Geografie,Wat is de diepte van het diepste zoetwatermeer ter wereld (Baikalmeer in Rusland) in meters?,1642,getal gezien,Baikal Lake,Lake Baikal,https://en.wikipedia.org/wiki/Lake_Baikal,"However, because it is also the deepest lake, with a maximum depth of 1,642 metres (5,387 feet), Lake Baikal is the world's largest freshwater lake by volume, containing 23,615.39 km3 (5,670 cu mi) of water or 22–23% of the world's fresh surface water, more than all of the North American Great Lakes","het getal staat er wel, maar niet in een herkenbare zin",https://www.britannica.com/place/Lake-Baikal
38,Geschiedenis,Hoeveel dagen duurde de reis van de Mayflower naar Noord-Amerika?,66,niet gevonden,Noord-Amerika,Noord-Amerika,https://nl.wikipedia.org/wiki/Noord-Amerika,,,https://plimoth.org/learn/just-kids/homework-help/mayflower
39,Geschiedenis,Hoeveel mannen ondertekenden de Amerikaanse Onafhankelijkheidsverklaring?,56,bevestigd,Amerikaanse Onafhankelijkheidsverklaring,Amerikaanse Onafhankelijkheidsverklaring,https://nl.wikipedia.org/wiki/Amerikaanse_Onafhankelijkheidsverklaring,"Ondertekenaars
Hier de 56 ondertekenaars die hun staat vertegenwoordigden: (van het Noorden naar het Zuiden)


Varia
Thomas Jefferson schreef de onafhankelijkheidsverklaring op papier met het watermerk LvG, de initialen van de Veluwse papiermaker Lubbert van Gerrevink, eigenaar van molens bij Vaasse",1 kernwoord komt overeen,https://www.archives.gov/founding-docs/declaration
40,Geschiedenis,In welk jaar vond de Slag bij Waterloo plaats?,1815,bevestigd,Waterloo,Waterloo (België),https://nl.wikipedia.org/wiki/Waterloo_%28Belgi%C3%AB%29,"In 1815 nam Wellington, de bevelhebber van het Brits-Nederlandse leger, na de Slag bij Quatre-Bras zijn intrek in de Bodenghien-herberg.",1 kernwoord komt overeen,https://www.britannica.com/event/Battle-of-Waterloo
41,Geschiedenis,In welk jaar werd de Magna Carta bezegeld?,1215,bevestigd,Magna Carta,Magna Carta,https://nl.wikipedia.org/wiki/Magna_Carta,"De Magna Carta Libertatum (Grote Oorkonde van de Vrijheid) is de naam van een leenovereenkomst naar feodaal recht die de Engelse koning Jan zonder Land op 15 juni 1215 bezegelde, waarin regels zijn vastgelegd over zaken als vrijheden voor de kerk en de edelen, rechtspraak op basis van wetgeving en b",2 kernwoorden komen overeen,https://www.parliament.uk/about/living-heritage/evolutionofparliament/originsofparliament/magna-carta/
42,Geschiedenis,In welk jaar werd de eerste moderne volkstelling gehouden?,1665,niet gevonden,eerste moderne,Moderne vijfkamp,https://nl.wikipedia.org/wiki/Moderne_vijfkamp,,,https://www.ons.gov.uk/census/aboutcensus
43,Gebouwen en infrastructuur,Wat is de hoogte van de Burj Khalifa in Dubai in meters?,828,bevestigd,Burj Khalifa,Burj Khalifa,https://nl.wikipedia.org/wiki/Burj_Khalifa,"Op 17 januari 2009 bereikte de toren zijn hoogste punt, met een hoogte van 828 meter.",1 kernwoord komt overeen,https://www.nasa.gov/mission_pages/apollo/missions/index.html
44,Kunst en cultuur,Hoeveel centimeter breed is de Mona Lisa?,53,niet gevonden,Mona Lisa,Mona Lisa,https://nl.wikipedia.org/wiki/Mona_Lisa,,,
45,Landbouw en industrie,Hoeveel ton goud wordt wereldwijd jaarlijks gewonnen?,3000,niet gevonden,goud wordt wereldwijd,Goud,https://nl.wikipedia.org/wiki/Goud,,,https://www.usgs.gov/centers/national-minerals-information-center/gold-statistics-and-information
46,Landbouw en industrie,Welk percentage van het wereldwijde cement wordt geproduceerd in China?,55,niet gevonden,China,China,https://nl.wikipedia.org/wiki/China,,,https://www.usgs.gov/centers/national-minerals-information-center/cement-statistics-and-information
47,Merken en producten,Hoeveel filialen heeft Decathlon wereldwijd ongeveer?,1700,niet gevonden,Decathlon,Decathlon (winkel),https://nl.wikipedia.org/wiki/Decathlon_%28winkel%29,,,https://www.decathlon-united.media/
48,Merken en producten,Hoeveel landen heeft Coca-Cola als afzetmarkt ongeveer?,200,bevestigd,landen coca-cola afzetmarkt,The Coca-Cola Company,https://nl.wikipedia.org/wiki/The_Coca-Cola_Company,Na de oprichting in 1886 in de Verenigde Staten is het bedrijf nu actief in meer dan 200 landen.,1 kernwoord komt overeen,https://investors.coca-colacompany.com/financial-information/annual-reports
49,Milieu en duurzaamheid,Hoeveel procent van de bekende plant- en diersoorten leeft in tropische regenwouden?,50,niet gevonden,,,,,,https://www.britannica.com/science/tropical-rainforest
50,Milieu en duurzaamheid,Hoeveel procent van het Great Barrier Reef bestaat uit koraalriffen?,7,niet gevonden,Great Barrier Reef,Great Barrier Reef,https://en.wikipedia.org/wiki/Great_Barrier_Reef,,"getal wel gezien, maar te algemeen om bewijs te zijn",https://www2.gbrmpa.gov.au/about/reef
51,Milieu en duurzaamheid,Welk percentage van het aardoppervlak bestaat uit land?,29,niet gevonden,,,,,,https://oceanservice.noaa.gov/facts/oceanwater.html
52,Milieu en duurzaamheid,Welk percentage van het aardoppervlak bestaat uit oceanen en zeeën?,71,niet gevonden,,,,,,https://oceanservice.noaa.gov/facts/oceanwater.html
53,Milieu en duurzaamheid,Welk percentage van het zoete water zit vast in ijs en gletsjers?,69,niet gevonden,,,,,,https://www.usgs.gov/special-topics/water-science-school/science/where-earths-water
54,Wiskunde,Hoeveel graden heeft een gestrekte hoek?,180,bevestigd,graden gestrekte hoek,Hoek (meetkunde),https://nl.wikipedia.org/wiki/Hoek_%28meetkunde%29,"Twee lijnstukken in elkaars verlengde vormen een hoek van een halve cirkel, dus van 180°.",1 kernwoord komt overeen,https://www.levi.com/US/en_US/blog/article/the-fifth-pocket
55,Muziek,Hoeveel Grammy’s heeft Beyoncé volgens de stand na de Grammy Awards van 2025 gewonnen?,35,bevestigd,Grammy Awards van,Grammy Award,https://nl.wikipedia.org/wiki/Grammy_Award,"Records
(Tot en met 2025)
Meeste gewonnen Grammy's

35: Beyoncé
31: Sir Georg Solti
28: Quincy Jones
27: Alison Krauss, Kendrick Lamar
26: Pierre Boulez
25: Vladimir Horowitz, John Williams, Chick Corea, Jay-Z
24: Kanye West
22: U2, Stevie Wonder, Vince Gill
20: Henry Mancini, Bruce Springsteen, Pat",4 kernwoorden komen overeen,
56,Muziek,Hoeveel halve tonen bevat een octaaf?,12,bevestigd,halve tonen octaaf,Octaaf (muziek),https://nl.wikipedia.org/wiki/Octaaf_%28muziek%29,"Doordat de kwinten een verhouding 3:2 kennen en het octaaf een verhouding 2:1, volgt

  
    
      
        
          
            (
            
              
                
                  3
                  2
                
              
            
            )
          
          ",1 kernwoord komt overeen,
57,Muziek,Hoeveel toetsen heeft een standaard MIDI-pianotoetsenbord met vijf octaven?,61,niet gevonden,MIDI,MIDI,https://en.wikipedia.org/wiki/MIDI,,,https://midi.org/midi-1-0
58,Muziek,Hoeveel witte toetsen heeft een concertpiano?,52,niet gevonden,witte toetsen,Klavier (toetsen),https://nl.wikipedia.org/wiki/Klavier_%28toetsen%29,,,
59,Natuurkunde,Hoeveel kilometer per uur is de geluidssnelheid op zeeniveau afgerond?,1234,niet gevonden,,,,,,
60,Geografie,Hoeveel millimeter per jaar verschuiven de aardplaten gemiddeld?,25,niet gevonden,,,,,,https://whc.unesco.org/en/criteria/
61,Gebouwen en infrastructuur,Hoe hoog is de Euromast in Rotterdam?,185,niet gevonden,,,,,,
62,Vervoer,Hoeveel kilometer fietst een Nederlander gemiddeld per jaar?,1065,niet gevonden,Nederlander,Nederlander,https://en.wikipedia.org/wiki/Nederlander,,,
63,Vervoer,Hoeveel tramlijnen heeft Amsterdam?,15,bevestigd,Amsterdam,Amsterdam,https://nl.wikipedia.org/wiki/Amsterdam,In de 15e eeuw was Amsterdam uitgegroeid tot de belangrijkste handelsstad van Holland.,1 kernwoord komt overeen,https://www.gvb.nl/en/about-gvb
64,Politiek en recht,Hoeveel kiesmannen telt het Amerikaanse Electoral College?,538,bevestigd,kiesmannen amerikaanse,Amerikaanse presidentsverkiezingen 2028,https://nl.wikipedia.org/wiki/Amerikaanse_presidentsverkiezingen_2028,Een kandidaat moet minimaal 270 van de 538 kiesmannen behalen om de verkiezing te winnen.,1 kernwoord komt overeen,https://www.archives.gov/electoral-college
65,Politiek en recht,Hoeveel rechters telt het Internationaal Gerechtshof?,15,bevestigd,Internationaal Gerechtshof,Internationaal Gerechtshof,https://nl.wikipedia.org/wiki/Internationaal_Gerechtshof,Het ICJ bestaat uit 15 rechters die worden gekozen door de Algemene Vergadering en de Veiligheidsraad.,1 kernwoord komt overeen,
66,Records en vergelijkingen,Hoe groot was het grootste permanente IMAX-scherm in vierkante meter?,815,niet gevonden,IMAX,IMAX,https://nl.wikipedia.org/wiki/IMAX,,,
67,Records en vergelijkingen,Hoe lang duurde de langste voetbalwedstrijd ooit in minuten?,203,niet gevonden,,,,,,
68,Records en vergelijkingen,Hoe lang waren de langste mouwen aan een kledingstuk ooit in meters?,51,niet gevonden,waren langste,Lijst van langste rivieren ter wereld,https://nl.wikipedia.org/wiki/Lijst_van_langste_rivieren_ter_wereld,,,
69,Records en vergelijkingen,Hoe lang was de langste vrouw ooit in centimeters?,255,niet gevonden,langste vrouw,Lijst van langste vrouwen,https://nl.wikipedia.org/wiki/Lijst_van_langste_vrouwen,,,
70,Records en vergelijkingen,Hoe zwaar was de zwaarste hamburger ooit in kilogram?,1164,niet gevonden,zwaarste hamburger ooit,Hamburger SV,https://nl.wikipedia.org/wiki/Hamburger_SV,,,
71,Records en vergelijkingen,Hoe zwaar was de zwaarste pompoen ooit in kilogram?,1247,afwijkend,zwaarste pompoen,Pompoen,https://nl.wikipedia.org/wiki/Pompoen,De zwaarste pompoen ooit woog 1190 kg.,artikel noemt een ander getal bij dezelfde termen,
72,Records en vergelijkingen,Hoeveel procent van het lichaam was bedekt met tatoeages bij de meest getatoeëerde man?,97,niet gevonden,,,,,,
73,Scheikunde,Hoeveel protonen heeft een neutraal atoom van goud?,79,niet gevonden,protonen neutraal atoom,Atoom,https://nl.wikipedia.org/wiki/Atoom,,,https://www.rsc.org/periodic-table/element/79/gold
74,Spellen en speelgoed,Hoeveel LEGO-steentjes worden er wereldwijd per seconde gemaakt?,1300,niet gevonden,LEGO,LEGO,https://nl.wikipedia.org/wiki/LEGO,,,
75,Spellen en speelgoed,Hoeveel damstenen krijgt iedere speler bij de start van een standaard damspel?,20,niet gevonden,,,,,,
76,Spellen en speelgoed,Hoeveel speelkaarten zitten er in een standaard kaartspel (zonder jokers)?,52,bevestigd,Hoeveel speelkaarten zitten er in een standaard kaartspel (zonder jokers),Kaartspel,https://nl.wikipedia.org/wiki/Kaartspel,"De eerste groep wordt verder onderverdeeld in spelen met een kaartspel bestaande uit bijvoorbeeld 32, 52 of 54 kaarten.",1 kernwoord komt overeen,https://bicyclecards.com/how-to-play
77,Sport,Hoeveel etappes telt de Tour de France doorgaans?,21,bevestigd,Tour de France,Tour de France,https://en.wikipedia.org/wiki/Tour_de_France,"The modern editions of the Tour de France consist of 21 day-long stages over a 23- or 24-day period and cover approximately 3,500 kilometres (2,200 mi) total.",2 kernwoorden komen overeen,https://www.letour.fr/en/the-race
78,Sport,Hoeveel punten heeft een try in rugby union?,5,bevestigd,punten rugby union,Rugby union,https://nl.wikipedia.org/wiki/Rugby_union,Deze score levert 5 punten op.,1 kernwoord komt overeen,https://www.world.rugby/the-game/laws/law/9
79,Sport,Hoeveel spelers staan er per team op het veld bij honkbal?,9,niet gevonden,spelers team,Team deathmatch,https://nl.wikipedia.org/wiki/Team_deathmatch,,,https://www.mlb.com/official-information/official-rules
80,Sterrenkunde & ruimte,Hoeveel aardse dagen duurt één volledige draai van Venus ongeveer?,243,bevestigd,Venus,Venus (planeet),https://nl.wikipedia.org/wiki/Venus_%28planeet%29,"Sinds 1964 leveren radarwaarnemingen van het oppervlak een veel tragere, maar eveneens retrograde rotatieperiode van 243 aardse dagen.",2 kernwoorden komen overeen,https://science.nasa.gov/venus/venus-facts/
81,Sterrenkunde & ruimte,Hoeveel aardse uren duurt één volledige draai van Mars ongeveer?,25,bevestigd,Mars,Mars,https://en.wikipedia.org/wiki/Mars,"With a significant axial tilt of 25 degrees, Mars experiences seasons, like Earth (which has an axial tilt of 23.5 degrees).",1 kernwoord komt overeen,https://science.nasa.gov/mars/facts/
82,Sterrenkunde & ruimte,Hoeveel dagen doet de planeet Mars erover om rond de zon te draaien?,687,bevestigd,dagen doet planeet,Mars (planeet),https://nl.wikipedia.org/wiki/Mars_%28planeet%29,"De siderische periode is 687 (aardse) dagen (of 1,8809 aardse jaren), dit is de tijd die Mars nodig heeft om een omloop rond de zon te voltooien.",3 kernwoorden komen overeen,https://mars.nasa.gov/all-about-mars/facts/
83,Sterrenkunde & ruimte,In welk jaar werd de eerste exoplaneet rond een zonachtige ster ontdekt?,1995,bevestigd,eerste exoplaneet rond,Exoplaneet,https://nl.wikipedia.org/wiki/Exoplaneet,De eerste exoplaneet rond een normale ster werd in 1995 door de Zwitserse astronoom Michel Mayor bij de ster 51 Pegasi in het sterrenbeeld Pegasus ontdekt en wordt sindsdien 51 Pegasi b genoemd.,5 kernwoorden komen overeen,https://exoplanets.nasa.gov/resources/12/51-pegasi-b/
84,Sterrenkunde & ruimte,Wat is de geschatte leeftijd van de planeet Aarde in miljoenen jaren?,4540,niet gevonden,Aarde,Aarde,https://nl.wikipedia.org/wiki/Aarde,,,https://pubs.usgs.gov/gip/geotime/age.html
85,Taal,Hoeveel letters heeft het Armeense alfabet?,39,niet gevonden,Armenian,Armeense genocide,https://nl.wikipedia.org/wiki/Armeense_genocide,,,https://www.britannica.com/topic/Armenian-language
86,Taal,Hoeveel letters heeft het Hebreeuwse alfabet?,22,bevestigd,Hebrew,Hebrew language,https://en.wikipedia.org/wiki/Hebrew_language,"Writing system

Users of the language write Modern Hebrew from right to left using the Hebrew alphabet – an ""impure"" abjad, or consonant-only script, of 22 letters.",1 kernwoord komt overeen,https://www.britannica.com/topic/Hebrew-alphabet
87,Taal,Hoeveel letters heeft het Thaise alfabet?,44,niet gevonden,Thai,Thai Airways International,https://nl.wikipedia.org/wiki/Thai_Airways_International,,,https://www.britannica.com/topic/Thai-language
88,Taal,Hoeveel letters heeft het Turkse alfabet?,29,bevestigd,letters turkse alfabet,Turks alfabet,https://nl.wikipedia.org/wiki/Turks_alfabet,Het heeft 29 letters.,1 kernwoord komt overeen,https://www.britannica.com/topic/Turkish-language
89,Taal,Hoeveel naamvallen heeft het Fins?,15,niet gevonden,Fins,Fins,https://nl.wikipedia.org/wiki/Fins,,,https://www.britannica.com/topic/Finnish-language
90,Technologie,In welk jaar werd de eerste Nintendo Game Boy uitgebracht?,1989,bevestigd,Nintendo Game Boy,Game Boy,https://nl.wikipedia.org/wiki/Game_Boy,"Overzicht
De hardware is in de loop van de jaren ontwikkeld tot een volwaardige spelcomputer:

De originele Nintendo Game Boy: De 8 bit-versie uit 1989 kwam uit in de Benelux in 1990.",2 kernwoorden komen overeen,https://www.nintendo.com/us/about/history/
91,Technologie,In welk jaar werd de eerste digitale camera ontwikkeld?,1975,niet gevonden,eerste digitale camera,Digitale camera,https://nl.wikipedia.org/wiki/Digitale_camera,,,https://www.kodak.com/en/company/page/first-digital-camera/
92,Technologie,In welk jaar werd de eerste drukpers met losse letters in Europa gebruikt?,1450,bevestigd,eerste drukpers losse,Drukpers,https://nl.wikipedia.org/wiki/Drukpers,"Losse letters
Rond 1450 werd in Zuid-Duitsland voor het eerst gebruikgemaakt van losse letters om teksten te vormen die dan afgedrukt konden worden; dit staat bekend als de boekdrukkunst.",2 kernwoorden komen overeen,https://www.britannica.com/technology/printing-press
93,Technologie,In welk jaar werd de eerste internationale telefonische verbinding gemaakt?,1892,niet gevonden,eerste internationale,Eerste Internationale,https://nl.wikipedia.org/wiki/Eerste_Internationale,,,https://www.britannica.com/technology/telephone
94,Technologie,In welk jaar werd de eerste televisie-uitzending verzorgd?,1925,niet gevonden,,,,,,https://www.bbc.com/historyofthebbc/research/general/first-tv-transmission
95,Technologie,Wat is de totale lengte van alle onderzeese internetkabels op aarde in duizend kilometer?,1400,niet gevonden,Internet,Internet,https://nl.wikipedia.org/wiki/Internet,,,
96,Gebouwen en infrastructuur,Hoeveel meter hoog is de Golden Gate Bridge boven het water?,227,bevestigd,Golden Gate Bridge,Golden Gate Bridge,https://en.wikipedia.org/wiki/Golden_Gate_Bridge,"The Golden Gate Bridge's clearance above high water averages 220 feet (67 m) while its towers, at 746 feet (227 m) above the water, were the world's tallest on a suspension bridge until 1993 when it was surpassed by the Mezcala Bridge, in Mexico.",4 kernwoorden komen overeen,https://www.goldengate.org/bridge/bridge-overview/bridge-physical-facts/
97,Vervoer,Hoeveel metrostations heeft de Parijse metro?,308,niet gevonden,Paris,Paris,https://nl.wikipedia.org/wiki/Paris,,,https://www.ratp.fr/en/discover
98,Vervoer,Hoeveel start- en landingsbanen heeft Schiphol?,6,bevestigd,Schiphol,Luchthaven Schiphol,https://nl.wikipedia.org/wiki/Luchthaven_Schiphol,"Schiphol P6 Valet Parking, voornamelijk gericht op het gemak voor de reiziger.",1 kernwoord komt overeen,
99,Vervoer,Hoeveel wielen heeft een Airbus A380?,22,bevestigd,Airbus A380,Airbus A380,https://en.wikipedia.org/wiki/Airbus_A380,"In 2015, Airbus said development costs were €15 billion (£11.4 billion, $16.64 billion), though analysts believe the figure is likely to be at least €5bn ($5.55 Bn) more for a €20 Bn ($22.19 Bn) total.",1 kernwoord komt overeen,https://www.airbus.com/en/products-services/commercial-aircraft/passenger-aircraft/a380
100,Vervoer,In welk jaar vertrok de eerste commerciële passagiersvlucht?,1914,bevestigd,vertrok eerste,Eerste Wereldoorlog,https://nl.wikipedia.org/wiki/Eerste_Wereldoorlog,"De Eerste Wereldoorlog, voor het uitbreken van de Tweede Wereldoorlog in 1939 nog de Grote Oorlog genoemd, was een wereldoorlog die in Europa begon op 28 juli 1914 en tot 11 november 1918 om 11:00 duurde.",1 kernwoord komt overeen,https://www.faa.gov/about/history
101,Vervoer,In welk jaar werd de eerste stoomlocomotief gebouwd?,1804,bevestigd,eerste stoomlocomotief gebouwd,Stoomlocomotief,https://nl.wikipedia.org/wiki/Stoomlocomotief,"Geschiedenis

De eerste stoomlocomotief ter wereld werd in 1804 door Richard Trevithick in Engeland gebouwd.",3 kernwoorden komen overeen,https://www.britannica.com/technology/steam-locomotive
102,Wiskunde,Hoeveel diagonalen heeft een regelmatige tienhoek?,35,niet gevonden,,,,,,Wolfram MathWorld — Polygon diagonal
103,Wiskunde,Hoeveel diagonalen heeft een regelmatige twintighoek?,170,niet gevonden,,,,,,https://mathworld.wolfram.com/PolygonDiagonal.html
104,Wiskunde,Hoeveel is de som van de getallen 1 tot en met 100?,5050,niet gevonden,,,,,,
105,Wiskunde,Hoeveel manieren kun je 3 renners op een podium van 8 deelnemers indelen?,336,niet gevonden,,,,,,
106,Biologie & gezondheid,Hoeveel bloedgroepen kent het ABO-systeem?,4,niet gevonden,,,,,,https://www.nhs.uk/conditions/blood-groups/
107,Biologie & gezondheid,Hoeveel botten bevat één menselijke hand inclusief de pols?,27,niet gevonden,botten menselijke hand,Menselijke anatomie,https://nl.wikipedia.org/wiki/Menselijke_anatomie,,,https://my.clevelandclinic.org/health/body/25005-hand-anatomy
108,Biologie & gezondheid,Hoeveel botten heeft een volwassen menselijk lichaam?,206,niet gevonden,,,,,,https://health.clevelandclinic.org/how-many-bones-are-in-the-human-body
109,Biologie & gezondheid,Hoeveel botten heeft een volwassen menselijke schedel volgens de gebruikelijke anatomische indeling?,22,niet gevonden,,,,,,https://my.clevelandclinic.org/health/body/21796-skull
110,Biologie & gezondheid,"Hoeveel centimeter meten de dunne en dikke darm samen, volledig uitgestrekt?",750,niet gevonden,,,,,,https://whc.unesco.org/en/list/1187/
111,Biologie & gezondheid,Hoeveel chromosomen bevat een menselijke eicel vóór de bevruchting?,23,niet gevonden,Hoeveel chromosomen bevat een menselijke eicel vóór de bevruchting,Eicel,https://nl.wikipedia.org/wiki/Eicel,,,https://www.genome.gov/genetics-glossary/Chromosome
112,Biologie & gezondheid,Hoeveel chromosomen heeft een gewone tuinerwt Pisum sativum in een lichaamscel?,14,niet gevonden,,,,,,https://powo.science.kew.org/
113,Biologie & gezondheid,Hoeveel chromosomenparen heeft een mens?,23,niet gevonden,,,,,,https://www.genome.gov/genetics-glossary/Chromosome
114,Biologie & gezondheid,Hoeveel haren heeft een mens gemiddeld op zijn hoofd (afgerond)?,100000,niet gevonden,haren mens,Evolutie van de mens,https://nl.wikipedia.org/wiki/Evolutie_van_de_mens,,,https://health.clevelandclinic.org/how-many-hairs-on-your-head
115,Biologie & gezondheid,Hoeveel hartkleppen heeft het menselijk hart?,4,niet gevonden,hartkleppen menselijk hart,Hart,https://nl.wikipedia.org/wiki/Hart,,,https://www.heart.org/en/health-topics/heart-valve-problems/about-heart-valve-problems
116,Biologie & gezondheid,Hoeveel kamers heeft het menselijk hart?,4,niet gevonden,kamers menselijk hart,Hart,https://nl.wikipedia.org/wiki/Hart,,,https://www.nhlbi.nih.gov/health/heart
117,Biologie & gezondheid,Hoeveel melktanden heeft een kind in een compleet melkgebit?,20,niet gevonden,melktanden kind,Melkgebit,https://nl.wikipedia.org/wiki/Melkgebit,,,https://www.mouthhealthy.org/all-topics-a-z/eruption-charts
118,Biologie & gezondheid,Hoeveel miljard hartslagen maakt een mensenhart in een gemiddeld leven van 80 jaar?,3,niet gevonden,,,,,,https://www.heart.org/en/healthy-living/fitness/fitness-basics/target-heart-rates
119,Biologie & gezondheid,Hoeveel milliliter speeksel produceert een mens gemiddeld per dag?,1200,niet gevonden,,,,,,https://whc.unesco.org/en/list/1613/
120,Biologie & gezondheid,Hoeveel paar ribben heeft een mens normaal?,12,niet gevonden,,,,,,https://health.clevelandclinic.org/how-many-ribs-do-humans-have
121,Biologie & gezondheid,Hoeveel smaakpapillen heeft een menselijke tong ongeveer?,10000,niet gevonden,,,,,,https://www.nidcd.nih.gov/health/taste-disorders
122,Biologie & gezondheid,Hoeveel tanden heeft een volwassen mens normaal?,32,bevestigd,tanden volwassen mens,Tand (mens),https://nl.wikipedia.org/wiki/Tand_%28mens%29,"Anatomie
Een volwassen mens heeft normaal 32 gebitselementen, waarvan 16 in de boven- en 16 in de onderkaak.",3 kernwoorden komen overeen,https://www.mouthhealthy.org/all-topics-a-z/teeth
123,Biologie & gezondheid,Hoeveel wervels telt de menselijke wervelkolom in totaal?,33,bevestigd,wervels menselijke wervelkolom,Wervelkolom,https://nl.wikipedia.org/wiki/Wervelkolom,"De menselijke wervelkolom, ook wel ruggengraat genoemd, of columna vertebralis is, in het menselijke lichaam in de anatomische houding, een verticale kolom door het midden van de rug, die uit 33 of 34 wervels bestaat, met behalve tussen de bovenste twee, de atlas en de axis, tussen elke twee wervels",3 kernwoorden komen overeen,https://my.clevelandclinic.org/health/body/21640-spinal-cord
124,Biologie & gezondheid,In welk jaar werd de eerste reageerbuisbaby geboren?,1978,niet gevonden,,,,,,https://www.hfea.gov.uk/about-us/our-history/
125,Biologie & gezondheid,In welk jaar werd de eerste succesvolle harttransplantatie uitgevoerd?,1967,bevestigd,eerste succesvolle harttransplantatie,Harttransplantatie,https://nl.wikipedia.org/wiki/Harttransplantatie,Op 3 december 1967 werd de harttransplantatie uitgevoerd in het Groote Schuur-Hospitaal in Kaapstad door een team van 31 artsen.,2 kernwoorden komen overeen,https://www.britannica.com/science/heart-transplantation
126,Biologie & gezondheid,In welk jaar werd de eerste succesvolle orgaantransplantatie uitgevoerd?,1954,niet gevonden,,,,,,https://www.nobelprize.org/prizes/physiology-or-medicine/1990/summary/
127,Biologie & gezondheid,In welk jaar werd de eerste volledige sequentie van het menselijke genoom gepubliceerd?,2003,niet gevonden,,,,,,https://www.genome.gov/human-genome-project/Completion-FAQ
128,Biologie & gezondheid,Wat is de totale geschatte lengte van alle bloedvaten in een volwassen menselijk lichaam in kilometers?,100000,niet gevonden,,,,,,No single exact measurement; commonly cited estimate.
129,Gebouwen en infrastructuur,Hoe lang is de Afsluitdijk in kilometers?,32,bevestigd,Afsluitdijk,Afsluitdijk,https://nl.wikipedia.org/wiki/Afsluitdijk,"Het dijklichaam van de Afsluitdijk is 32 km lang, gemeten van kust tot kust, en ongeveer 90 meter breed.",1 kernwoord komt overeen,https://www.britannica.com/topic/The-Canterbury-Tales
130,Boeken en literatuur,Hoeveel boeken bevat The Chronicles of Narnia?,7,bevestigd,The Chronicles of Narnia,The Chronicles of Narnia,https://en.wikipedia.org/wiki/The_Chronicles_of_Narnia,"The Silver Chair (1953)

Completed at the beginning of March 1951 and published 7 September 1953, The Silver Chair is the first Narnia book not involving the Pevensie children, focusing instead on Eustace.",1 kernwoord komt overeen,https://www.britannica.com/topic/The-Chronicles-of-Narnia
131,Boeken en literatuur,Hoeveel boeken bevat de Harry Potter-hoofdserie?,7,niet gevonden,Harry Potter-hoofdserie,Harry Potter (computerspelserie),https://nl.wikipedia.org/wiki/Harry_Potter_%28computerspelserie%29,,,https://www.britannica.com/topic/Harry-Potter
132,Boeken en literatuur,Hoeveel boeken bevat de gepubliceerde hoofdserie A Song of Ice and Fire?,5,niet gevonden,Song of Ice,A Song of Ice and Fire,https://en.wikipedia.org/wiki/A_Song_of_Ice_and_Fire,,"getal wel gezien, maar te algemeen om bewijs te zijn",https://www.britannica.com/topic/A-Song-of-Ice-and-Fire
133,Boeken en literatuur,Hoeveel boeken bevat de protestantse Bijbel?,66,bevestigd,Bijbel,Bijbel (christendom),https://nl.wikipedia.org/wiki/Bijbel_%28christendom%29,"Samenstelling

Afhankelijk van welke vorm binnen het christendom een Bijbel dient, bevat de Bijbel tussen de 66 en 81 boeken, en bevat ongeveer 800.000 à 900.000 woorden.",2 kernwoorden komen overeen,https://www.britannica.com/topic/biblical-canon
134,Boeken en literatuur,Hoeveel boeken bevat het Nieuwe Testament?,27,bevestigd,Nieuwe Testament,Nieuwe Testament,https://nl.wikipedia.org/wiki/Nieuwe_Testament,"Het Nieuwe Testament (Koinè: Ἡ καινὴ διαθήκη, Hē kainḕ diathḗkē; Latijn: Novum Testamentum) is het tweede deel van de christelijke Bijbel en bestaat uit 27 werken, 'boeken', die alle in het Koinè Grieks zijn geschreven.",2 kernwoorden komen overeen,https://www.britannica.com/topic/New-Testament
135,Boeken en literatuur,Hoeveel delen bevat Don Quichot?,2,bevestigd,Don Quichot,Don Quichot (boek),https://nl.wikipedia.org/wiki/Don_Quichot_%28boek%29,"Opera2Day: De vernuftige edelman Don Quichot van La Mancha, avontuurlijke opera uit 2023.",1 kernwoord komt overeen,https://www.britannica.com/topic/Don-Quixote-novel
136,Boeken en literatuur,Hoeveel delen bevatte de oorspronkelijke publicatie van The Lord of the Rings?,3,bevestigd,The Lord of the Rings,The Lord of the Rings (films),https://nl.wikipedia.org/wiki/The_Lord_of_the_Rings_%28films%29,"Alternatieve Lord of the Rings-films
Op 3 mei 2009 werd de eerste fanfilm van The Lord of the Rings uitgebracht onder de titel The Hunt for Gollum.",2 kernwoorden komen overeen,https://www.britannica.com/topic/The-Lord-of-the-Rings
137,Boeken en literatuur,Hoeveel hoofdstukken bevat Animal Farm?,10,niet gevonden,Animal Farm,Animal Farm (boek),https://nl.wikipedia.org/wiki/Animal_Farm_%28boek%29,,,https://www.britannica.com/topic/Animal-Farm
138,Boeken en literatuur,Hoeveel komedies schreef Shakespeare volgens de traditionele genre-indeling?,14,niet gevonden,Shakespeare,William Shakespeare,https://nl.wikipedia.org/wiki/William_Shakespeare,,"getal wel gezien, maar te algemeen om bewijs te zijn",https://www.folger.edu/explore/shakespeares-works/
139,Sterrenkunde & ruimte,Hoeveel natuurlijke manen heeft Mars?,2,bevestigd,Mars,Mars,https://nl.wikipedia.org/wiki/Mars,"Mars kan verwijzen naar:

Mythologie

Mars (mythologie), de Romeinse god van de oorlog (veel andere betekenissen zijn direct of indirect hieraan ontleend)
Planeet

Mars (planeet), een planeet in het zonnestelsel genoemd naar de gelijknamige Romeinse god
Mars (astrologie), een planeet in de astrologi",1 kernwoord komt overeen,https://www.bl.uk/medieval-literature/articles/beowulf
140,Muziek,Hoeveel snaren heeft een standaard concert-pedaalharp?,47,niet gevonden,,,,,,https://www.britannica.com/topic/Divine-Comedy
141,Boeken en literatuur,Hoeveel sonnetten schreef Shakespeare?,154,bevestigd,Shakespeare,William Shakespeare,https://nl.wikipedia.org/wiki/William_Shakespeare,Hij schreef 154 sonnetten en een aantal langere gedichten en kan beschouwd worden als de eerste moderne toneelschrijver.,2 kernwoorden komen overeen,https://www.folger.edu/explore/shakespeares-works/sonnets/
142,Boeken en literatuur,Hoeveel werken schreef William Shakespeare volgens de meest gebruikte telling?,39,afwijkend,werken schreef william,William Shakespeare,https://nl.wikipedia.org/wiki/William_Shakespeare,In 2007 is van de hand van Jan Jonk De blijspelen verschenen van de op de eerste folio-editie gebaseerde vertaling van De volledige werken van William Shakespeare.,artikel noemt een ander getal bij dezelfde termen,https://www.britannica.com/biography/William-Shakespeare
143,Boeken en literatuur,Hoeveel zangen telt Dante’s Inferno?,34,niet gevonden,Dante’s Inferno,Dante's Inferno,https://nl.wikipedia.org/wiki/Dante%27s_Inferno,,,https://www.britannica.com/topic/Inferno
144,Boeken en literatuur,In welk jaar werd de eerste moderne krant gepubliceerd?,1605,bevestigd,eerste moderne krant,Krant,https://nl.wikipedia.org/wiki/Krant,"Hoewel de krant met periodieke uitgaven pas opgericht werd in 1620, zijn er publicaties van de Nieuwe Tijdinghen beschikbaar vanaf 1605.",1 kernwoord komt overeen,https://www.britannica.com/topic/newspaper
145,Geografie,Hoeveel kleuren heeft de vlag van België?,3,bevestigd,België,België,https://nl.wikipedia.org/wiki/Belgi%C3%AB,"3 dat België drie gewesten omvat: het Vlaams Gewest (waarin vooral Nederlandstaligen wonen, met in bepaalde gemeenten faciliteiten voor Franstaligen), het Waals Gewest (waarin vooral Franstaligen en de Duitstalige gemeenschap wonen, in bepaalde gemeenten faciliteiten voor de Nederlandstaligen) en he",1 kernwoord komt overeen,https://www.belgium.be/en/about_belgium/country/identity
146,Dagelijks leven,Hoeveel poten heeft een standaard statief?,3,niet gevonden,,,,,,https://www.britannica.com/technology/tripod
147,Biologie & gezondheid,Hoeveel stappen per dag is de vaak geciteerde streefwaarde?,10000,niet gevonden,,,,,,
148,Dieren,Hoeveel armen heeft de gewone vijfarmige zeester?,5,niet gevonden,,,,,,https://oceanservice.noaa.gov/facts/seastars.html
149,Dieren,Hoeveel bulten heeft een dromedaris?,1,niet gevonden,bulten dromedaris,Dromedaris,https://nl.wikipedia.org/wiki/Dromedaris,,,https://animals.sandiegozoo.org/animals/camel
150,Dieren,Hoeveel bulten heeft een kameel?,2,niet gevonden,,,,,,https://animals.sandiegozoo.org/animals/camel
151,Dieren,Hoeveel harten heeft een octopus?,3,niet gevonden,,,,,,https://ocean.si.edu/ocean-life/invertebrates/octopus
152,Dieren,Hoeveel kamers heeft de maag van een koe?,4,niet gevonden,,,,,,https://www.merckvetmanual.com/digestive-system/the-gastrointestinal-system-of-ruminants/overview-of-the-gastrointestinal-system-of-ruminants
153,Dieren,Hoeveel kamers heeft het hart van een kakkerlak?,13,niet gevonden,kamers hart kakkerlak,Hart en vaatstelsel,https://nl.wikipedia.org/wiki/Hart_en_vaatstelsel,,,https://www.britannica.com/animal/cockroach
154,Dieren,Hoeveel kamers heeft het hart van een krokodil?,4,niet gevonden,kamers hart,Hart,https://nl.wikipedia.org/wiki/Hart,,,https://www.britannica.com/animal/crocodilian
155,Dieren,Hoeveel keer per minuut klopt het hart van een kolibrie tijdens het vliegen maximaal?,1200,niet gevonden,keer minuut,Omwentelingen per minuut,https://nl.wikipedia.org/wiki/Omwentelingen_per_minuut,,,https://whc.unesco.org/en/list/1314/
156,Dieren,Hoeveel kilometer diep kan de potvis duiken?,2000,getal gezien,potvis duiken,Potvis,https://nl.wikipedia.org/wiki/Potvis,Tussen 2000 en 2016 waren er elf strandingen.,"het getal staat er wel, maar niet in een herkenbare zin",
157,Dieren,Hoeveel kilometer legt de Noordse stern jaarlijks trekafstand af?,70000,niet gevonden,Noordse,Noordse mythologie,https://nl.wikipedia.org/wiki/Noordse_mythologie,,,
158,Dieren,Hoeveel maagcompartimenten heeft een schaap?,4,niet gevonden,,,,,,https://www.merckvetmanual.com/digestive-system/the-gastrointestinal-system-of-ruminants/overview-of-the-gastrointestinal-system-of-ruminants
159,Dieren,Hoeveel ogen heeft een bij?,5,niet gevonden,,,,,,https://www.britannica.com/animal/bee
160,Dieren,Hoeveel paar chromosomen heeft een hond?,39,bevestigd,Hoeveel paar chromosomen heeft een hond,Afrikaanse wilde hond,https://nl.wikipedia.org/wiki/Afrikaanse_wilde_hond,"Chromosomen
De Afrikaanse wilde hond heeft 39 paar homologe chromosomen (2n=78), net als andere hondachtigen.",3 kernwoorden komen overeen,https://www.genome.gov/10002154
161,Dieren,Hoeveel paar chromosomen heeft een kat?,19,niet gevonden,,,,,,https://www.genome.gov/10002154
162,Dieren,Hoeveel poten heeft een kreeftachtige van de orde Isopoda?,14,niet gevonden,Isopoda,Isopoda,https://en.wikipedia.org/wiki/Isopoda,,,https://www.britannica.com/animal/isopod
163,Dieren,Hoeveel poten heeft een spin?,8,niet gevonden,,,,,,https://nationalzoo.si.edu/animals/spider
164,Dieren,Hoeveel tanden heeft een volwassen hond?,42,bevestigd,tanden volwassen hond,Hond,https://nl.wikipedia.org/wiki/Hond,"Ondanks deze variatie hebben alle honden dezelfde basisanatomie, meestal met krachtige kaken en doorgaans 42 tanden.",1 kernwoord komt overeen,https://vcahospitals.com/know-your-pet/dental-development-of-dogs
165,Dieren,Hoeveel vleugels heeft een bij?,4,niet gevonden,,,,,,https://www.ars.usda.gov/oc/pubs/afm/afm0720.pdf
166,Dieren,Hoeveel vleugels heeft een kever?,4,niet gevonden,,,,,,https://www.britannica.com/animal/beetle
167,Dieren,Hoeveel vleugelslagen per seconde kan een kolibrie in volle vlucht maken?,80,niet gevonden,,,,,,https://nationalzoo.si.edu/animals/animal-facts/hummingbird
168,Dieren,Wat weegt het hart van een volwassen Blauwe Vinvis in kilogram?,180,niet gevonden,Blauwe Vinvis,Blauwe vinvis,https://nl.wikipedia.org/wiki/Blauwe_vinvis,,,https://ocean.si.edu/ocean-life/marine-mammals/blue-whale
169,Economie & geld,Hoeveel EU-landen voerden de euro in bij de start van de euro in 1999?,21,niet gevonden,,,,,,https://www.ecb.europa.eu/euro/changeover/2002/html/index.en.html
170,Economie & geld,Hoeveel bitcoins kunnen er maximaal worden gecreëerd?,21000000,niet gevonden,,,,,,https://bitcoin.org/bitcoin.pdf
171,Economie & geld,Hoeveel individuele landen telt de G20?,19,niet gevonden,,,,,,https://www.g20.org/en/about-g20/
172,Economie & geld,Hoeveel landen gebruiken de CFA-frank in West- en Centraal-Afrika samen?,14,niet gevonden,Centraal-Afrika,Centraal-Afrika,https://nl.wikipedia.org/wiki/Centraal-Afrika,,,https://www.bceao.int/en/content/west-african-cfa-franc
173,Economie & geld,Hoeveel landen hadden de euro als officiële munt bij de introductie van contant eurogeld?,12,bevestigd,landen hadden euro,Euro,https://nl.wikipedia.org/wiki/Euro,"Symbool

Het valutateken voor de euro (€) werd gepresenteerd door de Europese Commissie op 12 december 1996.",1 kernwoord komt overeen,https://www.ecb.europa.eu/euro/changeover/2002/html/index.en.html
174,Economie & geld,Hoeveel landen vormen de G20?,19,niet gevonden,landen vormen,Lijst van landen in 2026,https://nl.wikipedia.org/wiki/Lijst_van_landen_in_2026,,,https://www.g20.org/en/about-g20/
175,Economie & geld,Hoeveel landen zijn lid van de G20?,19,niet gevonden,,,,,,
176,Economie & geld,Hoeveel leden heeft de G7?,7,niet gevonden,,,,,,https://www.g7italy.it/en/about-g7/
177,Politiek en recht,Hoeveel lidstaten telt de Europese Unie?,27,bevestigd,Europese Unie,Europese Unie,https://nl.wikipedia.org/wiki/Europese_Unie,De Europese Unie (EU) is een uit 27 Europese landen bestaand statenverband.,2 kernwoorden komen overeen,https://european-union.europa.eu/principles-countries-history/country-profiles_en
178,Economie & geld,Hoeveel procent bedraagt het standaard-btw-tarief in België?,21,bevestigd,bedraagt standaard-btw-tarief belgië,Sociale zekerheid (België),https://nl.wikipedia.org/wiki/Sociale_zekerheid_%28Belgi%C3%AB%29,"Het tarief van de sociale zekerheid voor ""gevestigde"" zelfstandigen in hoofdberoep bedraagt 21,50% op jaarbasis.",1 kernwoord komt overeen,https://taxation-customs.ec.europa.eu/taxation/vat/vat-rates_en
179,Economie & geld,Hoeveel procent bedraagt het standaard-btw-tarief in Duitsland?,19,bevestigd,Duitsland,Duitsland,https://nl.wikipedia.org/wiki/Duitsland,"Wetenschap

De 19e eeuw zag de politieke eenwording van Duitsland, maar ook een groei van wetenschappelijke en culturele uitingen.",1 kernwoord komt overeen,https://taxation-customs.ec.europa.eu/taxation/vat/vat-rates_en
180,Economie & geld,In welk jaar werd de New York Stock Exchange opgericht?,1792,getal gezien,New York Stock Exchange,New York Stock Exchange,https://nl.wikipedia.org/wiki/New_York_Stock_Exchange,"Geschiedenis


Het begin
Het begin van de NYSE gaat terug tot de ondertekening, op 17 mei 1792, van het Buttonwood Agreement, een overeenkomst getekend door 24 aandelenhandelaren.","het getal staat er wel, maar niet in een herkenbare zin",https://www.nyse.com/history-of-the-nyse
181,Economie & geld,In welk jaar werd de eerste Bitcoin-transactie uitgevoerd?,2009,bevestigd,Bitcoin,Bitcoin,https://nl.wikipedia.org/wiki/Bitcoin,"Begin
Het ontstaansblok, ook wel genesis block, het eerste blok op de bitcoinblockchain, werd op 3 januari 2009 om 18:15:05 GMT gegenereerd met de tekst: The Times 03/Jan/2009 Chancellor on brink of second bailout for banks.",1 kernwoord komt overeen,https://bitcoin.org/bitcoin.pdf
182,Eten & drinken,Hoeveel basis-ingrediënten heeft een klassieke pizza Margherita?,3,niet gevonden,Margherita,Pizza margherita,https://nl.wikipedia.org/wiki/Pizza_margherita,,,https://www.pizzanapoletana.org/en/associazione_pizza_napoletana
183,Eten & drinken,Hoeveel gram koffie gebruikt een standaard espresso van 25 ml?,7,bevestigd,gram koffie,Espresso,https://nl.wikipedia.org/wiki/Espresso,"Dit proces wordt traditioneel gedefinieerd door de volgende karakteristieken:

6,5 - 7,5 gram
20 - 30 seconden
8 - 9 bar
92 - 96 °C
Dat wil zeggen: voor één espresso (ook wel een shot genoemd of zo'n 30 ml koffie) wordt water van zo'n 95 °C door 6,5-7,5 gram koffie gestuwd bij een druk van tussen 8 ",3 kernwoorden komen overeen,
184,Eten & drinken,Hoeveel gram koolhydraten bevat een Amerikaanse McDonald’s Big Mac?,45,niet gevonden,American McDonald,Christopher McDonald,https://nl.wikipedia.org/wiki/Christopher_McDonald,,,https://www.mcdonalds.com/us/en-us/product/big-mac.html
185,Eten & drinken,Hoeveel gram koolhydraten bevat een Amerikaanse McDonald’s cheeseburger?,31,niet gevonden,American McDonald's,McDonald's All-American Team,https://nl.wikipedia.org/wiki/McDonald%27s_All-American_Team,,,https://www.mcdonalds.com/us/en-us/product/cheeseburger.html
186,Eten & drinken,Hoeveel gram weegt een standaard Mars reep?,51,niet gevonden,Mars,Mars,https://nl.wikipedia.org/wiki/Mars,,,
187,Eten & drinken,Hoeveel kcal heeft een middelgroot ei?,70,niet gevonden,,,,,,
188,Eten & drinken,Hoeveel minuten kook je een ei voor een zacht gekookt ei?,6,niet gevonden,,,,,,
189,Eten & drinken,Hoeveel rundvleesburgers verkocht McDonald’s wereldwijd in 2023?,44000000000,niet gevonden,,,,,,https://corporate.mcdonalds.com/corpmcd/our-company/annual-reports.html
190,Eten & drinken,Hoeveel shotjes espresso zitten er in een cappuccino?,1,niet gevonden,,,,,,
191,Eten & drinken,Hoeveel suikerklontjes zitten er volgens de standaardverpakking in een blikje Coca-Cola van 330 ml?,9,bevestigd,Coca-Cola of,Coca-Cola,https://en.wikipedia.org/wiki/Coca-Cola,"As of 2023, Coca-Cola held a 9% market-share in India while Thums Up and Sprite had a 16% and 20% market share respectively.",1 kernwoord komt overeen,https://www.coca-cola.com/gb/en/brands/coca-cola-original-taste
192,Eten & drinken,Hoeveel vakken heeft een klassieke eierdoos meestal?,12,niet gevonden,,,,,,https://www.incredibleegg.org/eggcyclopedia/c/carton/
193,Films en series,Hoeveel Oscars won The Lord of the Rings: The Return of the King?,11,bevestigd,The Lord of the Rings,The Lord of the Rings,https://en.wikipedia.org/wiki/The_Lord_of_the_Rings,"The final instalment of this trilogy was the second film to break the one-billion-dollar barrier and won a total of 11 Oscars (something only two other films in history, Ben-Hur and Titanic, have accomplished), including Best Picture, Best Director and Best Adapted Screenplay.",1 kernwoord komt overeen,
194,Films en series,Hoeveel Oscars won de film Titanic (1997)?,11,bevestigd,Titanic,"Titanic (schip, 1912)",https://nl.wikipedia.org/wiki/Titanic_%28schip%2C_1912%29,"Op 11 april ankerde de Titanic tegen de middag voor Queenstown (het tegenwoordige Cobh) in Ierland, waar voornamelijk passagiers met een kaartje voor de derde klas aan boord gingen.",1 kernwoord komt overeen,
195,Films en series,Hoeveel afleveringen telt de Amerikaanse versie van The Office?,201,niet gevonden,The Office,The Office,https://nl.wikipedia.org/wiki/The_Office,,,
196,Films en series,Hoeveel afleveringen telt de originele Britse serie The Office (inclusief specials)?,14,niet gevonden,The Office,The Office,https://nl.wikipedia.org/wiki/The_Office,,,
197,Films en series,Hoeveel afleveringen telt de serie Friends in totaal?,236,niet gevonden,,,,,,
198,Films en series,Hoeveel afleveringen telt de serie Game of Thrones?,73,afwijkend,Game of Thrones,Game of Thrones,https://nl.wikipedia.org/wiki/Game_of_Thrones,In Nederland waren de nieuwe afleveringen van Game of Thrones sinds 2017 alleen te zien bij Ziggo.,artikel noemt een ander getal bij dezelfde termen,
199,Films en series,Hoeveel afleveringen telt de serie Seinfeld?,180,bevestigd,Seinfeld,Seinfeld,https://nl.wikipedia.org/wiki/Seinfeld,"Er zijn 180 afleveringen gemaakt die elk zo'n 21 minuten duren, verdeeld over 9 seizoenen.",1 kernwoord komt overeen,
200,Boeken en literatuur,Hoeveel boeken bevat de originele The Hunger Games-trilogie?,3,niet gevonden,The Hunger Games,The Hunger Games (film),https://nl.wikipedia.org/wiki/The_Hunger_Games_%28film%29,,,
201,Films en series,Hoeveel delen telt de originele The Godfather-filmreeks?,3,niet gevonden,The Godfather,The Godfather,https://nl.wikipedia.org/wiki/The_Godfather,,"getal wel gezien, maar te algemeen om bewijs te zijn",
202,Films en series,Hoeveel films regisseerde Christopher Nolan vóór Oppenheimer?,11,afwijkend,Oppenheimer,J. Robert Oppenheimer,https://en.wikipedia.org/wiki/J._Robert_Oppenheimer,"In the 2023 American film Oppenheimer, directed by Christopher Nolan and based on American Prometheus, Oppenheimer is portrayed by Cillian Murphy.",artikel noemt een ander getal bij dezelfde termen,
203,Films en series,Hoeveel films telt de originele Back to the Future-trilogie?,3,bevestigd,Future-trilogie,Back to the Future (filmtrilogie),https://nl.wikipedia.org/wiki/Back_to_the_Future_%28filmtrilogie%29,"Back to the Future: The Game, een avonturenspel dat zich afspeelt 3 maanden na het laatste deel van de trilogie.",1 kernwoord komt overeen,
204,Films en series,Hoeveel films telt de originele The Matrix-trilogie?,3,niet gevonden,The Matrix,The Matrix,https://nl.wikipedia.org/wiki/The_Matrix,,,
205,Films en series,Hoeveel films vormen de originele Jurassic Park-trilogie?,3,bevestigd,Jurassic Park,Jurassic Park (franchise),https://nl.wikipedia.org/wiki/Jurassic_Park_%28franchise%29,"Jurassic World Evolution 3 (2025)
Jurassic World Evolution 3 is een bedrijfssimulatiespel ontwikkeld en uitgegeven door Frontier Developments.",1 kernwoord komt overeen,
206,Films en series,Hoeveel seizoenen heeft The Sopranos?,6,bevestigd,The Sopranos,The Sopranos,https://en.wikipedia.org/wiki/The_Sopranos,"A 2015 The Hollywood Reporter survey of 2,800 actors, producers, directors, and other industry people named The Sopranos as their #6 favorite show.",1 kernwoord komt overeen,
207,Films en series,Hoeveel seizoenen telt The Simpsons?,35,niet gevonden,The Simpsons,The Simpsons,https://nl.wikipedia.org/wiki/The_Simpsons,,,
208,Films en series,In hoeveel officiële James Bond-films speelde Sean Connery de hoofdrol?,6,bevestigd,James Bond-films,Lijst van James Bondfilms,https://nl.wikipedia.org/wiki/Lijst_van_James_Bondfilms,"Live and Let Die (1973)

James Bond (gespeeld door Roger Moore) wordt op missie gestuurd om onderzoek te doen naar de moord van drie MI6-agenten in 24 uur tijd.",1 kernwoord komt overeen,
209,"Filosofie, psychologie en religie",Hoeveel Titanen (eerste generatie goden) kent de Griekse mythologie doorgaans?,12,niet gevonden,Titans,Tennessee Titans,https://nl.wikipedia.org/wiki/Tennessee_Titans,,,https://www.galleriaaccademiafirenze.it/en/artworks/david-michelangelo/
210,"Filosofie, psychologie en religie",Hoeveel delen bevat Plato’s De Staat?,10,niet gevonden,,,,,,https://www.britannica.com/topic/Republic
211,"Filosofie, psychologie en religie",Hoeveel gebeden per dag schrijft de islamitische traditie voor?,5,niet gevonden,,,,,,https://www.britannica.com/topic/salat
212,"Filosofie, psychologie en religie","Hoeveel koppen had Cerberus, de mythologische hond die de onderwereld bewaakt?",3,bevestigd,Cerberus,Cerberus,https://en.wikipedia.org/wiki/Cerberus,"Plato refers to Cerberus' composite nature, and Euphorion of Chalcis (3rd century BC) describes Cerberus as having multiple snake tails, and presumably in connection to his serpentine nature, associates Cerberus with the creation of the poisonous aconite plant.",1 kernwoord komt overeen,
213,"Filosofie, psychologie en religie",Hoeveel koppen had de Hydra van Lerna volgens de bekendste versie?,9,bevestigd,Hydra van Lerna,Hydra (Within Temptation album),https://en.wikipedia.org/wiki/Hydra_%28Within_Temptation_album%29,"Hunker alleged that ""Hydra finds [Within Temptation] further pushing their boundaries, exploring new elements and influences, while at the same time revisiting their heavier metal roots"" and gave the album a score of 9.5 out of 10.",1 kernwoord komt overeen,https://forecast.weather.gov/glossary.php?word=nautical%20mile
214,"Filosofie, psychologie en religie",Hoeveel ogen had de Noorse god Odin nadat hij er één opofferde voor wijsheid?,1,bevestigd,Odin,Odin,https://en.wikipedia.org/wiki/Odin,"In her examination of the tapestry, scholar Anne Stine Ingstad interprets these birds as Huginn and Muninn flying over a covered cart containing an image of Odin, drawing comparison to the images of Nerthus attested by Tacitus in 1 CE.",1 kernwoord komt overeen,
215,"Filosofie, psychologie en religie",Hoeveel werelden verbindt de wereldboom Yggdrasil in de Noorse mythologie?,9,niet gevonden,Yggdrasil,Yggdrasil,https://nl.wikipedia.org/wiki/Yggdrasil,,,https://www.canada.ca/en/intergovernmental-affairs/services/provinces-territories.html
216,"Filosofie, psychologie en religie",Hoeveel zuilen kent de islam?,5,niet gevonden,Islam,Islam,https://nl.wikipedia.org/wiki/Islam,,"getal wel gezien, maar te algemeen om bewijs te zijn",https://www.britannica.com/topic/Five-Pillars-of-Islam
217,Gebouwen en infrastructuur,Hoeveel badkamers heeft het Witte Huis?,35,bevestigd,Witte Huis,Witte Huis (Washington),https://nl.wikipedia.org/wiki/Witte_Huis_%28Washington%29,"In cijfers omvat het Witte Huis:

6 verdiepingen waarvan 2 ondergronds
5111 m² vloeroppervlakte
132 kamers
412 deuren
147 ramen
35 toiletten
28 open haarden
8 trappen
3 liften
1 bowlinghal
1 filmzaal
1 zwembad
1 basketbalveld
1 tennisveld
1 staatsbalzaal


Galerij


Zie ook
Witte Huis (Moskou)


Ext",2 kernwoorden komen overeen,https://www.whitehouse.gov/about-the-white-house/the-grounds/
218,Gebouwen en infrastructuur,Hoeveel beelden staan er op de top van de Brandenburger Tor?,5,niet gevonden,Brandenburger Tor,Brandenburger Tor (Berlijn),https://nl.wikipedia.org/wiki/Brandenburger_Tor_%28Berlijn%29,,,https://www.berlin.de/en/attractions-and-sights/3560266-3104050-brandenburg-gate.en.html
219,Gebouwen en infrastructuur,Hoeveel bogen heeft de Romeinse brug Pont du Gard in de onderste booglaag?,6,niet gevonden,Romeinse,Romeinse Rijk,https://nl.wikipedia.org/wiki/Romeinse_Rijk,,"getal wel gezien, maar te algemeen om bewijs te zijn",https://whc.unesco.org/en/list/344/
220,Gebouwen en infrastructuur,Hoeveel bogen heeft de Sydney Harbour Bridge?,2,bevestigd,Sydney Harbour Bridge,Sydney Harbour Bridge,https://en.wikipedia.org/wiki/Sydney_Harbour_Bridge,"The main roadway across the bridge is known as the Bradfield Highway and is about 2.4 km (1.5 mi) long, making it one of the shortest highways in Australia.",1 kernwoord komt overeen,https://www.transport.nsw.gov.au/projects/current-projects/sydney-harbour-bridge
221,Gebouwen en infrastructuur,Hoeveel centimeter zet de Eiffeltoren uit op een hete zomerdag?,15,niet gevonden,Eiffeltoren,Eiffeltoren,https://nl.wikipedia.org/wiki/Eiffeltoren,,"getal wel gezien, maar te algemeen om bewijs te zijn",https://whc.unesco.org/en/list/1187/
222,Gebouwen en infrastructuur,Hoeveel jaar duurde de bouw van de Hagia Sophia?,5,niet gevonden,Hagia Sophia,Hagia Sophia,https://nl.wikipedia.org/wiki/Hagia_Sophia,,,https://muze.gen.tr/muze-detay/ayasofya
223,Gebouwen en infrastructuur,Hoeveel jaar duurde de bouw van de Taj Mahal?,21,niet gevonden,Taj Mahal,Taj Mahal,https://nl.wikipedia.org/wiki/Taj_Mahal,,,https://asi.nic.in/taj-mahal/
224,Gebouwen en infrastructuur,Hoeveel kamers heeft het Witte Huis?,132,bevestigd,Witte Huis,Witte Huis (Washington),https://nl.wikipedia.org/wiki/Witte_Huis_%28Washington%29,"In cijfers omvat het Witte Huis:

6 verdiepingen waarvan 2 ondergronds
5111 m² vloeroppervlakte
132 kamers
412 deuren
147 ramen
35 toiletten
28 open haarden
8 trappen
3 liften
1 bowlinghal
1 filmzaal
1 zwembad
1 basketbalveld
1 tennisveld
1 staatsbalzaal


Galerij


Zie ook
Witte Huis (Moskou)


Ext",3 kernwoorden komen overeen,https://www.whitehouse.gov/about-the-white-house/the-grounds/
225,Gebouwen en infrastructuur,"Hoeveel kilogram weegt de Great Bell, de grote klok van Big Ben?",13700,niet gevonden,Great Bell,The Great Khali,https://nl.wikipedia.org/wiki/The_Great_Khali,,,https://whc.unesco.org/en/list/1613/
226,Gebouwen en infrastructuur,Hoeveel klinknagels houden de metalen delen van de Eiffeltoren bij elkaar?,2500000,niet gevonden,Eiffeltoren,Eiffeltoren,https://nl.wikipedia.org/wiki/Eiffeltoren,,,https://www.toureiffel.paris/en/the-monument/key-figures
227,Vervoer,Hoeveel klinknagels zaten er naar schatting in de romp van de Titanic?,3000000,niet gevonden,Titanic,"Titanic (schip, 1912)",https://nl.wikipedia.org/wiki/Titanic_%28schip%2C_1912%29,,,https://whc.unesco.org/en/list/1321/
228,Gebouwen en infrastructuur,Hoeveel leeuwen staan er rond de Nelson’s Column in Londen?,4,bevestigd,Londen,Londen,https://nl.wikipedia.org/wiki/Londen,"Andere grote religieuze groeperingen in Londen zijn moslims (8,5%), hindoes (4,1%), joden (2,1%), sikhs (1,5%), boeddhisten (0,8%), paganisten (0,3%) en overige (0,2%).",1 kernwoord komt overeen,https://historicengland.org.uk/listing/the-list/list-entry/1226873
229,Gebouwen en infrastructuur,Hoeveel liften heeft het Empire State Building?,73,bevestigd,Empire State Building,Empire State Building,https://nl.wikipedia.org/wiki/Empire_State_Building,Van de 73 liften gaat er niet één rechtstreeks naar de bovenste verdieping.,1 kernwoord komt overeen,https://www.esbnyc.com/about/facts-figures
230,Gebouwen en infrastructuur,Hoeveel meter hoog is One World Trade Center?,541,bevestigd,One World Trade Center,One World Trade Center,https://en.wikipedia.org/wiki/One_World_Trade_Center,"On May 10, 2013, the final piece of the spire was lifted to the top of One WTC, bringing the tower to its full height of 1,776 feet (541 m), and making it the fourth-tallest building in the world at the time.",1 kernwoord komt overeen,https://www.wtc.com/about/one-world-trade-center
231,Gebouwen en infrastructuur,Hoeveel meter hoog is Taipei 101?,508,niet gevonden,Taipei,Taipei,https://nl.wikipedia.org/wiki/Taipei,,,https://www.taipei-101.com.tw/en/observatory/about
232,Gebouwen en infrastructuur,Hoeveel meter hoog is het Empire State Building inclusief antenne?,443,bevestigd,Empire State Building,Empire State Building,https://en.wikipedia.org/wiki/Empire_State_Building,"The building has a roof height of 1,250 feet (380 m) and stands a total of 1,454 feet (443.2 m) tall including its antenna.",1 kernwoord komt overeen,https://www.esbnyc.com/about/facts-figures
233,Gebouwen en infrastructuur,Hoeveel meter hoog is het hoogste punt van het Millauviaduct?,343,niet gevonden,hoogste punt,Lijst van hoogste punten in het Koninkrijk der Nederlanden,https://nl.wikipedia.org/wiki/Lijst_van_hoogste_punten_in_het_Koninkrijk_der_Nederlanden,,,https://www.leviaducdemillau.com/en/
234,Gebouwen en infrastructuur,Hoeveel meter hoog zijn de torens van de Brooklyn Bridge?,84,bevestigd,torens brooklyn bridge,List of tallest buildings in Brooklyn,https://en.wikipedia.org/wiki/List_of_tallest_buildings_in_Brooklyn,"Brooklyn, the most populous of New York City's five boroughs, is home to 84 high-rise buildings that stand taller than 300 feet (91 m), 17 of which are skyscrapers taller than 492 ft (150 m) as of 2026.",1 kernwoord komt overeen,https://www.nyc.gov/html/dot/html/infrastructure/brooklyn-bridge.shtml
235,Gebouwen en infrastructuur,Hoeveel meter lang is de Akashi Kaikyōbrug in Japan?,3911,getal gezien,Akashi Kaikyō Bridge,Akashi Kaikyo Bridge,https://en.wikipedia.org/wiki/Akashi_Kaikyo_Bridge,"The bridge is 3,911 m (12,831 ft) long overall.","het getal staat er wel, maar niet in een herkenbare zin",https://www.jb-honshi.co.jp/english/
236,Gebouwen en infrastructuur,Hoeveel meter lang is de Brooklyn Bridge?,1825,bevestigd,Brooklyn Bridge,Brooklyn Bridge,https://nl.wikipedia.org/wiki/Brooklyn_Bridge,"Statistieken
Lengte totaal = 1825 meter
Lengte rivieroverspanning = 486 meter
Lengte landoverspanningen = 283 meter
Lengte brugoprit Brooklyn = 296 meter
Lengte brugoprit Manhattan = 476 meter
Breedte totaal = 28 meter
Kabelstrengen = 5 stuks
Diameter van kabelstreng = 40 centimeter
Lengte kabelstre",1 kernwoord komt overeen,https://www.nyc.gov/html/dot/html/infrastructure/brooklyn-bridge.shtml
237,Gebouwen en infrastructuur,Hoeveel meter lang is het Millauviaduct in Frankrijk?,2460,niet gevonden,Frankrijk,Frankrijk,https://nl.wikipedia.org/wiki/Frankrijk,,,https://www.leviaducdemillau.com/en/
238,Gebouwen en infrastructuur,Hoeveel miljoen kubieke meter aarde werd er uitgegraven voor de bouw van het Panamakanaal?,210,niet gevonden,Panamakanaal,Panamakanaal,https://nl.wikipedia.org/wiki/Panamakanaal,,,https://whc.unesco.org/en/list/1321/
239,Gebouwen en infrastructuur,Hoeveel minaretten heeft de Blauwe Moskee in Istanbul?,6,bevestigd,Istanbul,Istanbul,https://nl.wikipedia.org/wiki/Istanbul,"De luchthaven nam vanaf 6 april 2019 alle passagiersvluchten van en naar Istanbul verzorgd door Turkish Airlines van de twee andere luchthavens over, en groeide in 2019 verder om zo de passagiersvluchten op Ataturk volledig te vervangen en de vluchten op Sabiha Gökçen te verlichten.",1 kernwoord komt overeen,https://www.britannica.com/place/Blue-Mosque
240,Gebouwen en infrastructuur,Hoeveel minaretten heeft de Taj Mahal?,4,niet gevonden,Taj Mahal,Taj Mahal,https://nl.wikipedia.org/wiki/Taj_Mahal,,,https://asi.nic.in/taj-mahal/
241,Gebouwen en infrastructuur,Hoeveel piramides vormen het belangrijkste piramidecomplex van Gizeh?,3,niet gevonden,Gizeh,Piramiden van Gizeh,https://nl.wikipedia.org/wiki/Piramiden_van_Gizeh,,,https://www.britannica.com/place/Pyramids-of-Giza
242,Gebouwen en infrastructuur,Hoeveel toeschouwers konden er tegelijk plaatsnemen in het Colosseum in het Oude Rome?,50000,bevestigd,Colosseum,Colosseum,https://nl.wikipedia.org/wiki/Colosseum,De cavea bood plaats aan meer dan 50.000 toeschouwers.,1 kernwoord komt overeen,https://www.britannica.com/topic/Colosseum
243,Gebouwen en infrastructuur,Hoeveel torens heeft de Notre-Dame van Parijs aan de voorzijde?,2,bevestigd,Notre-Dame van Parijs,Notre-Dame van Parijs,https://nl.wikipedia.org/wiki/Notre-Dame_van_Parijs,"ISBN 2-86959-795-9
Claude Gauvard, Notre-Dame de Paris (coll.",1 kernwoord komt overeen,https://www.notredamedeparis.fr/en/cathedral/architecture/
244,Gebouwen en infrastructuur,Hoeveel torens heeft de Sagrada Família volgens het voltooide ontwerp?,18,niet gevonden,Sagrada Família,Sagrada Família,https://nl.wikipedia.org/wiki/Sagrada_Fam%C3%ADlia,,,https://sagradafamilia.org/en/the-basilica
245,Gebouwen en infrastructuur,Hoeveel torens heeft de Tower Bridge in Londen?,2,bevestigd,Tower Bridge,Tower Bridge,https://en.wikipedia.org/wiki/Tower_Bridge,"The structure was designed to withstand wind pressures of 56 lb per square foot (2.7 kPa), a design constraint introduced following the Tay Bridge disaster which had occurred just 15 years before the opening of Tower Bridge.",2 kernwoorden komen overeen,https://www.towerbridge.org.uk/discover/bridge-history
246,Gebouwen en infrastructuur,Hoeveel traptreden beklim je naar de 86e verdieping van het Empire State Building?,1576,getal gezien,Empire State Building,Empire State Building,https://nl.wikipedia.org/wiki/Empire_State_Building,Hierbij worden 1576 treden beklommen.,"het getal staat er wel, maar niet in een herkenbare zin",https://www.esbnyc.com/about/facts-figures
247,Gebouwen en infrastructuur,Hoeveel treden telt de wenteltrap in het Vrijheidsbeeld naar de kroon?,354,niet gevonden,Vrijheidsbeeld,Vrijheidsbeeld (New York),https://nl.wikipedia.org/wiki/Vrijheidsbeeld_%28New_York%29,,,https://www.nps.gov/stli/learn/historyculture/statue-statistics.htm
248,Gebouwen en infrastructuur,Hoeveel verdiepingen heeft de Shanghai Tower?,128,bevestigd,Shanghai Tower,Shanghai Tower,https://nl.wikipedia.org/wiki/Shanghai_Tower,Het gebouw heeft een hoogte van 632 meter en telt 128 verdiepingen boven de grond en 5 verdiepingen onder de grond.,1 kernwoord komt overeen,https://www.shanghaitower.com/en/
249,Gebouwen en infrastructuur,Hoeveel verdiepingen heeft het Empire State Building?,102,bevestigd,Empire State Building,Empire State Building,https://nl.wikipedia.org/wiki/Empire_State_Building,"Enkele opmerkelijke feiten

De toren heeft 102 verdiepingen.",1 kernwoord komt overeen,https://www.esbnyc.com/about/facts-figures
250,Gebouwen en infrastructuur,Hoeveel zuilen heeft het Parthenon aan de lange zijde?,17,bevestigd,Parthenon,Parthenon,https://nl.wikipedia.org/wiki/Parthenon,De verhouding van de zuilen van de buitenste colonnade is 8 × 17 en deze telt in totaal 46 zuilen.,1 kernwoord komt overeen,https://www.britannica.com/topic/Parthenon
251,Gebouwen en infrastructuur,Hoeveel zware stenen kalksteenblokken zijn er gebruikt om de Grote Piramide van Gizeh (Cheops) te bouwen?,2300000,niet gevonden,Grote Piramide van Gizeh,Piramiden van Gizeh,https://nl.wikipedia.org/wiki/Piramiden_van_Gizeh,,,https://www.britannica.com/topic/Great-Pyramid-of-Giza
252,Gebouwen en infrastructuur,Uit hoeveel afzonderlijke onderdelen bestaat de UNESCO-site van Le Corbusier?,17,niet gevonden,UNESCO-site van Le Corbusier,Architecturaal werk van Le Corbusier,https://nl.wikipedia.org/wiki/Architecturaal_werk_van_Le_Corbusier,,,UNESCO World Heritage Centre — Architectural Work of Le Corbusier
253,Gebouwen en infrastructuur,Wat is de dakhoogte van het Empire State Building in New York in meters?,381,bevestigd,Empire State Building,Empire State Building,https://nl.wikipedia.org/wiki/Empire_State_Building,Het Empire State Building is een 381 meter hoge wolkenkrabber in New York.,4 kernwoorden komen overeen,https://www.esrtreit.com/properties/empire-state-building/
254,Gebouwen en infrastructuur,Wat is de hoogte van de Eiffeltoren in meters (met antenne)?,330,bevestigd,Eiffeltoren,Eiffeltoren,https://nl.wikipedia.org/wiki/Eiffeltoren,"De toren heeft een hoogte van 330 meter, met zijn 116 antennes.",1 kernwoord komt overeen,https://www.toureiffel.paris/en/the-monument/key-figures
255,Gebouwen en infrastructuur,Wat is de hoogte van het Vrijheidsbeeld in New York inclusief sokkel in meters?,93,bevestigd,Vrijheidsbeeld,Vrijheidsbeeld (New York),https://nl.wikipedia.org/wiki/Vrijheidsbeeld_%28New_York%29,"Kenmerken
Het 46 meter hoge beeld (93 meter als de sokkel wordt meegerekend) met een gewicht van 225 ton was een geschenk van Frankrijk ter ere van het eeuwfeest van de Amerikaanse Onafhankelijkheidsverklaring en ook als teken van vriendschap.",1 kernwoord komt overeen,https://www.nps.gov/stli/learn/historyculture/statue-statistics.htm
256,Gebouwen en infrastructuur,Wat is de lengte van het Suezkanaal in Egypte in kilometers?,193,bevestigd,Suezkanaal,Suezkanaal,https://nl.wikipedia.org/wiki/Suezkanaal,"Het Suezkanaal (Arabisch: قناة السويس Qanâ el Suweis) is een 193 km lang kanaal in de Landengte van Suez in Egypte, officieel geopend in 1869.",2 kernwoorden komen overeen,https://www.suezcanal.gov.eg/English/About/Pages/AboutSuezCanal.aspx
257,Geografie,Door hoeveel landen loopt het UNESCO-werelderfgoedgebied de Waddenzee?,3,niet gevonden,,,,,,UNESCO World Heritage Centre — Wadden Sea
258,Geografie,Hoe diep is de Grand Canyon op het diepste punt ongeveer?,1857,niet gevonden,,,,,,https://www.nps.gov/grca/learn/nature/facts.htm
259,Geografie,Hoeveel actieve vulkanen zijn er op aarde naar schatting?,1350,niet gevonden,Earth,Earth,https://nl.wikipedia.org/wiki/Earth,,,https://volcano.si.edu/
260,Geografie,Hoeveel deelstaten (Bundesländer) telt Duitsland?,16,bevestigd,Duitsland,Duitsland,https://nl.wikipedia.org/wiki/Duitsland,Duitsland telt 16 nationale parken en meer dan 100 natuurparken.,1 kernwoord komt overeen,https://www.bundesregierung.de/breg-en/federal-government/federal-states
261,Geografie,Hoeveel eilanden telt de Filipijnen officieel (volgens NAMRIA)?,7641,bevestigd,Filipijnen of,Filipijnen,https://nl.wikipedia.org/wiki/Filipijnen,"De archipel bestaat uit 7641 eilanden, waarvan de grootste twee Luzon en Mindanao zijn.",1 kernwoord komt overeen,https://www.namria.gov.ph/
262,Geografie,Hoeveel gewesten heeft België?,3,bevestigd,België,België,https://nl.wikipedia.org/wiki/Belgi%C3%AB,"3 dat België drie gewesten omvat: het Vlaams Gewest (waarin vooral Nederlandstaligen wonen, met in bepaalde gemeenten faciliteiten voor Franstaligen), het Waals Gewest (waarin vooral Franstaligen en de Duitstalige gemeenschap wonen, in bepaalde gemeenten faciliteiten voor de Nederlandstaligen) en he",2 kernwoorden komen overeen,https://www.belgium.be/en/about_belgium/government/regions
263,Geografie,Hoeveel hoofdeilanden heeft Japan?,4,bevestigd,Japan,Japan,https://en.wikipedia.org/wiki/Japan,"In the following table, the prefectures are grouped by region:


Foreign relations

A member state of the United Nations since 1956, Japan is one of the G4 countries seeking reform of the Security Council.",1 kernwoord komt overeen,
264,Geografie,Hoeveel inwoners heeft Monaco?,39000,niet gevonden,Monaco,Monaco,https://nl.wikipedia.org/wiki/Monaco,,,
265,Geografie,Hoeveel kilometer lang is Japan van noord naar zuid ongeveer?,3000,getal gezien,Japan,Japan,https://en.wikipedia.org/wiki/Japan,It stretches over 3000 km (1900 mi) northeast–southwest from the Sea of Okhotsk to the East China Sea.,"het getal staat er wel, maar niet in een herkenbare zin",https://www.britannica.com/place/Japan
266,Geografie,Hoeveel kilometer lang is de Grand Canyon ongeveer?,446,bevestigd,Grand Canyon,Grand Canyon,https://en.wikipedia.org/wiki/Grand_Canyon,"The Grand Canyon is 277 miles (446 km) long, up to 18 miles (29 km) wide and attains a depth of over a mile (6,093 feet or 1,857 meters).",2 kernwoorden komen overeen,https://www.nps.gov/grca/learn/nature/facts.htm
267,Geografie,Hoeveel kilometer lang is de Mississippi ongeveer?,3766,niet gevonden,Mississippi,Mississippi,https://nl.wikipedia.org/wiki/Mississippi,,,https://www.britannica.com/place/Mississippi-River
268,Geografie,Hoeveel kilometer lang is de Yangtze ongeveer?,6300,niet gevonden,Yangtze,Yangtze,https://nl.wikipedia.org/wiki/Yangtze,,,https://www.britannica.com/place/Yangtze-River
269,Geografie,Hoeveel kilometer lang is de kustlijn van Japan ongeveer?,29750,niet gevonden,Japan,Japan,https://nl.wikipedia.org/wiki/Japan,,,https://www.stat.go.jp/english/data/handbook/c0117.html
270,Geografie,"Hoeveel kilometer lang is de kustlijn van Noorwegen ongeveer, inclusief eilanden?",25000,bevestigd,Noorwegen,Noorwegen,https://nl.wikipedia.org/wiki/Noorwegen,"Inclusief fjorden, kleine voor de kust gelegen eilanden en andere inhammen is de kustlijn minstens 25.000 km lang.",3 kernwoorden komen overeen,https://www.kartverket.no/en/about-kartverket/english
271,Geografie,"Hoeveel kilometer lang is de langste grot ter wereld, Mammoth Cave, ongeveer?",685,niet gevonden,Mammoth Cave,Mammoth Cave National Park,https://nl.wikipedia.org/wiki/Mammoth_Cave_National_Park,,,https://www.nps.gov/maca/learn/nature/index.htm
272,Geografie,Hoeveel kilometer lang is het Great Barrier Reef ongeveer?,2300,bevestigd,Great Barrier Reef,Great Barrier Reef,https://en.wikipedia.org/wiki/Great_Barrier_Reef,"The Great Barrier Reef is the world's largest coral reef system, composed of over 2,900 individual reefs and 900 islands stretching for over 2,300 kilometres (1,400 mi) over an area of approximately 344,400 square kilometres (133,000 mi2).",3 kernwoorden komen overeen,https://www2.gbrmpa.gov.au/about/reef
273,Geografie,Hoeveel kilometer lang is het Himalayagebergte ongeveer?,2500,niet gevonden,Himalayas,Himalayas,https://nl.wikipedia.org/wiki/Himalayas,,,https://www.britannica.com/place/Himalayas
274,Geografie,Hoeveel kilometer lang is het Victoriameer ongeveer?,337,niet gevonden,Victoriameer,Victoriameer,https://nl.wikipedia.org/wiki/Victoriameer,,,https://www.britannica.com/place/Lake-Victoria
275,Geografie,Hoeveel landen delen het eiland Borneo?,3,niet gevonden,Borneo,Borneo,https://nl.wikipedia.org/wiki/Borneo,,,https://www.britannica.com/place/Borneo-island
276,Geografie,Hoeveel landen grenzen aan Duitsland?,9,niet gevonden,Duitsland,Duitsland,https://nl.wikipedia.org/wiki/Duitsland,,"getal wel gezien, maar te algemeen om bewijs te zijn",https://www.auswaertiges-amt.de/en/aussenpolitik/laenderinformationen
277,Geografie,Hoeveel landen grenzen aan de Dode Zee?,2,bevestigd,Dode Zee,Dode Zee,https://nl.wikipedia.org/wiki/Dode_Zee,"Aan de Jordaanse kant van de Dode Zee produceert Arab Potash (APC), gevormd in 1956, jaarlijks 2,0 miljoen ton potas, evenals natriumchloride en broom.",1 kernwoord komt overeen,https://www.britannica.com/place/Dead-Sea
278,Geografie,Hoeveel landen grenzen aan de Rode Zee?,6,niet gevonden,Rode Zee,Rode Zee,https://nl.wikipedia.org/wiki/Rode_Zee,,,https://www.britannica.com/place/Red-Sea
279,Geografie,Hoeveel landen grenzen aan het Victoriameer?,3,niet gevonden,Victoriameer,Victoriameer,https://nl.wikipedia.org/wiki/Victoriameer,,,https://www.britannica.com/place/Lake-Victoria
280,Geografie,Hoeveel landen grenzen landinwaarts aan de Kaspische Zee?,5,bevestigd,Kaspische Zee,Kaspische Zee,https://nl.wikipedia.org/wiki/Kaspische_Zee,"Eilanden
Tjoeleni is een eiland in het noordwesten van de Kaspische Zee;
de Tjoeleni-eilanden zijn een archipel van 5 eilanden in het noordoosten van de Kaspische Zee.",1 kernwoord komt overeen,https://www.britannica.com/place/Caspian-Sea
281,Geografie,Hoeveel landen liggen aan de Adriatische Zee?,6,niet gevonden,Adriatische Zee,Adriatische Zee,https://nl.wikipedia.org/wiki/Adriatische_Zee,,,https://www.britannica.com/place/Adriatic-Sea
282,Geografie,Hoeveel landen liggen aan het Meer van Genève?,2,niet gevonden,Meer van Genève,Meer van Genève,https://nl.wikipedia.org/wiki/Meer_van_Gen%C3%A8ve,,,https://www.britannica.com/place/Lake-Geneva
283,Geografie,Hoeveel landen liggen aan het Titicacameer?,2,niet gevonden,Titicacameer,Titicacameer,https://nl.wikipedia.org/wiki/Titicacameer,,,https://www.britannica.com/place/Lake-Titicaca
284,Geografie,Hoeveel landen liggen volledig op het zuidelijk halfrond?,32,niet gevonden,,,,,,World Atlas is not definitive; classification depends on boundary convention.
285,Geografie,Hoeveel landen telt Zuid-Amerika?,12,niet gevonden,,,,,,https://www.britannica.com/place/South-America
286,Politiek en recht,Hoeveel landen telt de Schengenzone?,29,bevestigd,Schengen,Verdragen van Schengen,https://nl.wikipedia.org/wiki/Verdragen_van_Schengen,De verdragen zijn voor 29 landen in werking getreden.,1 kernwoord komt overeen,
287,Geografie,Hoeveel landen vormen het Verenigd Koninkrijk?,4,niet gevonden,Verenigd Koninkrijk,Verenigd Koninkrijk,https://nl.wikipedia.org/wiki/Verenigd_Koninkrijk,,"getal wel gezien, maar te algemeen om bewijs te zijn",https://www.parliament.uk/about/how/role/relations-with-other-institutions/devolved/
288,Geografie,Hoeveel liter water stroomt er gemiddeld per seconde over de Niagarawatervallen?,2400000,niet gevonden,Niagarawatervallen,Niagarawatervallen,https://nl.wikipedia.org/wiki/Niagarawatervallen,,,https://unesdoc.unesco.org/en/archives/about-unesco-history-and-mission
289,Geografie,Hoeveel meter diep is het Victoriameer op het diepste punt ongeveer?,84,niet gevonden,Victoriameer,Victoriameer,https://nl.wikipedia.org/wiki/Victoriameer,,,https://www.britannica.com/place/Lake-Victoria
290,Geografie,Hoeveel meter onder zeeniveau ligt het diepste punt van de Noordzee ongeveer?,700,bevestigd,Noordzee,Noordzee,https://nl.wikipedia.org/wiki/Noordzee,"Alleen de Noorse geul, een smal gebied van de Noordelijke Noordzee voor Noorwegen, is veel dieper (zo'n 700 meter) en is daarom geen onderdeel meer van het continent Europa.",1 kernwoord komt overeen,https://www.britannica.com/place/North-Sea
291,Geografie,Hoeveel officiële inwoners heeft Vaticaanstad?,800,niet gevonden,Vaticaanstad,Vaticaanstad,https://nl.wikipedia.org/wiki/Vaticaanstad,,,
292,Taal,Hoeveel officiële talen heeft Zwitserland?,4,bevestigd,Zwitserland,HC Klein Zwitserland,https://en.wikipedia.org/wiki/HC_Klein_Zwitserland,"Honours


Men
Hoofdklasse

Winners (8): 1976–77, 1977–78, 1978–79, 1979–80, 1980–81, 1981–82, 1982–83, 1983–84
Runners-up (2): 1974–75, 1975–76 :
Gold Cup

Winners (1): 2021–22
EuroHockey Club Champions Cup:

Winners (2): 1979, 1981
Runners-up (4): 1980, 1982, 1983, 1985
Hoofdklasse Indoor

Winners ",1 kernwoord komt overeen,
293,Geografie,Hoeveel officiële tijdzones heeft China?,1,bevestigd,China,China,https://nl.wikipedia.org/wiki/China,"Ongeveer 1,4 miljard van hen leven in de Volksrepubliek China, dat daarmee qua inwoners na India het grootste land ter wereld is.",1 kernwoord komt overeen,https://www.timeanddate.com/time/zone/china
294,Geografie,Hoeveel oorspronkelijke meetpunten van de Struve-geodetische boog zijn als UNESCO-onderdeel opgenomen?,34,bevestigd,Struve-geodetische,Geodetische boog van Struve,https://nl.wikipedia.org/wiki/Geodetische_boog_van_Struve,34 daarvan bestaan thans nog en zijn als tastbare herinnering aan dit enorme project op de Werelderfgoedlijst van UNESCO geplaatst als de Geodetische boog van Struve.,1 kernwoord komt overeen,UNESCO World Heritage Centre — Struve Geodetic Arc
295,Geografie,Hoeveel staten heeft Australië?,6,niet gevonden,Australië,Australië (land),https://nl.wikipedia.org/wiki/Australi%C3%AB_%28land%29,,,https://www.australia.gov.au/about-australia/our-country/states-and-territories
296,Geografie,Hoeveel tijdzones overspant Rusland over zijn gehele grondgebied?,11,bevestigd,Rusland,Rusland,https://nl.wikipedia.org/wiki/Rusland,"Rusland telt 11 tijdzones, van UTC+2 tot UTC+12, en heeft daarmee het grootste aantal opeenvolgende tijdzones ter wereld.",2 kernwoorden komen overeen,https://www.britannica.com/place/Russia
297,Geografie,Hoeveel vierkante kilometer is Antarctica ongeveer groot?,14200000,bevestigd,Antarctica,Antarctica,https://en.wikipedia.org/wiki/Antarctica,"Antarctica is the fifth-largest continent, being about 40% larger than Europe, and has an area of 14,200,000 km2 (5,500,000 sq mi).",1 kernwoord komt overeen,https://www.bas.ac.uk/about/about-antarctica/
298,Geografie,Hoeveel vierkante kilometer is de Noordzee ongeveer groot?,575000,bevestigd,Noordzee,Noordzee,https://nl.wikipedia.org/wiki/Noordzee,De oppervlakte van de Noordzee bedraagt ongeveer 575.000 km² bij een watermassa van 54.000 km³.,1 kernwoord komt overeen,https://www.britannica.com/place/North-Sea
299,Geografie,Hoeveel vierkante kilometer is de Sahara ongeveer groot?,9200000,getal gezien,Sahara,Sahara,https://en.wikipedia.org/wiki/Sahara,"With an area of 9,200,000 square kilometres (3,600,000 sq mi), it is the largest hot desert in the world and the third-largest desert overall, smaller only than the deserts of Antarctica and the northern Arctic.","het getal staat er wel, maar niet in een herkenbare zin",https://www.britannica.com/place/Sahara-desert-Africa
300,Geografie,Hoeveel vierkante kilometer is de oppervlakte van IJsland ongeveer?,103000,bevestigd,IJsland,IJsland,https://nl.wikipedia.org/wiki/IJsland,IJsland had een bevolkingsaantal van 368.792 per 1 januari 2021 en meet een oppervlakte van 103.000 km².,2 kernwoorden komen overeen,https://www.statice.is/statistics/geography/area-and-productivity/
301,Geografie,Hoeveel vierkante kilometer is de oppervlakte van Japan ongeveer?,378000,getal gezien,Japan,Japan,https://nl.wikipedia.org/wiki/Japan,378.000 km².,"het getal staat er wel, maar niet in een herkenbare zin",https://www.stat.go.jp/english/data/handbook/c0117.html
302,Geografie,Hoeveel vierkante kilometer is het Arctische zee-ijs in de zomer ongeveer minimaal?,4000000,niet gevonden,Arctic,Arctic Monkeys,https://nl.wikipedia.org/wiki/Arctic_Monkeys,,,https://nsidc.org/arcticseaicenews/
303,Geschiedenis,In welk jaar bereikte de eerste expeditie de Noordpool volgens de traditionele erkenning?,1909,bevestigd,Noordpool,Noordpool,https://nl.wikipedia.org/wiki/Noordpool,"Ontdekkingsreizen

De eerste personen die de geografische noordpool zouden hebben bereikt op 6 april 1909 zijn Robert Edwin Peary, Matthew Henson en vier Inuit genaamd Ootah, Seegloo, Egingway, en Ooqueah.",2 kernwoorden komen overeen,https://www.britannica.com/place/North-Pole
304,Geschiedenis,In welk jaar bereikte een expeditie voor het eerst de Zuidpool?,1911,bevestigd,Zuidpool,Zuidpool,https://nl.wikipedia.org/wiki/Zuidpool,"Eerste mensen op de zuidpool
De eerste mensen die de geografische zuidpool bereikten, waren de Noor Roald Amundsen en diens ploeg op 14 december 1911.",1 kernwoord komt overeen,https://www.britannica.com/place/South-Pole
305,Geschiedenis,In welk jaar werd de Mount Everest voor het eerst succesvol beklommen?,1953,bevestigd,Mount Everest,Mount Everest,https://nl.wikipedia.org/wiki/Mount_Everest,1953 - De eersten die de Everest beklommen en levend terugkwamen waren de Nieuw-Zeelander Edmund Hillary en sherpa Tenzing Norgay.,2 kernwoorden komen overeen,https://www.rgs.org/geography/everest
306,Geschiedenis,In welk jaar werd de eerste volledige kaart van de wereldbol gemaakt?,1492,niet gevonden,,,,,,https://www.britannica.com/science/cartography
307,Geografie,Op welke hoogte ligt het Titicacameer ongeveer boven zeeniveau?,3810,niet gevonden,Titicacameer,Titicacameer,https://nl.wikipedia.org/wiki/Titicacameer,,,https://www.britannica.com/place/Lake-Titicaca
308,Geografie,Wat is de lengte van de rivier de Amazone in kilometers?,6400,bevestigd,Amazon River,Amazon River,https://en.wikipedia.org/wiki/Amazon_River,"It has a recognized length of 6,400 kilometers (4,000 mi), but according to some reports, its length varies from 6,575 to 7,062 kilometers (4,086 to 4,388 mi).",1 kernwoord komt overeen,https://www.britannica.com/place/Amazon-River
309,Geografie,Wat is de oppervlakte van de Sahara-woestijn in miljoen vierkante kilometer?,9,bevestigd,Sahara Desert,Sahara,https://nl.wikipedia.org/wiki/Sahara,"Landen in de Sahara

De oppervlakte van de Sahara bedraagt ongeveer 9.065.000 vierkante kilometer.",2 kernwoorden komen overeen,https://www.britannica.com/place/Sahara-desert-Africa
310,Geschiedenis,Hoeveel afgevaardigden ondertekenden de Amerikaanse Grondwet?,39,niet gevonden,Amerikaanse Grondwet,Grondwet van de Verenigde Staten,https://nl.wikipedia.org/wiki/Grondwet_van_de_Verenigde_Staten,,,https://www.archives.gov/founding-docs/constitution
311,Biologie & gezondheid,Hoeveel chromosomen telt een gezonde menselijke cel?,46,niet gevonden,,,,,,
312,Geschiedenis,Hoeveel componenten telt het UNESCO-deel van de Neder-Germaanse Limes?,102,niet gevonden,UNESCO-deel van de Neder-Germaanse Limes,Neder-Germaanse limes,https://nl.wikipedia.org/wiki/Neder-Germaanse_limes,,,UNESCO World Heritage Centre — Lower German Limes
313,Geschiedenis,Hoeveel dynastieën kent de traditionele indeling van het oude Egypte?,31,niet gevonden,Egypte,Egypte (land),https://nl.wikipedia.org/wiki/Egypte_%28land%29,,,https://www.britannica.com/place/ancient-Egypt
314,Geschiedenis,Hoeveel farao’s hadden de drie grote piramides van Gizeh als opdrachtgever?,3,niet gevonden,Gizeh,Piramiden van Gizeh,https://nl.wikipedia.org/wiki/Piramiden_van_Gizeh,,,https://www.britannica.com/place/Pyramids-of-Giza
315,Geschiedenis,Hoeveel farao’s waren er volgens de traditionele telling tijdens de 18e dynastie van Egypte?,14,niet gevonden,Egypte,Egypte (land),https://nl.wikipedia.org/wiki/Egypte_%28land%29,,"getal wel gezien, maar te algemeen om bewijs te zijn",https://www.britannica.com/topic/18th-dynasty-Egypt
316,Geschiedenis,Hoeveel jaar bestond de Berlijnse Muur?,28,bevestigd,Berlijnse Muur,Berlijnse Muur,https://nl.wikipedia.org/wiki/Berlijnse_Muur,"Val van de Muur in 1989

Het duurde ruim 28 jaar voor de inwoners van Oost-Duitsland zich door de Muur niet meer lieten tegenhouden.",1 kernwoord komt overeen,https://www.berlin.de/mauer/en/history/berlin-wall-fall/
317,Geschiedenis,Hoeveel jaar duurde de Honderdjarige Oorlog daadwerkelijk?,116,bevestigd,Honderdjarige Oorlog,Honderdjarige Oorlog,https://nl.wikipedia.org/wiki/Honderdjarige_Oorlog,"De oorlog
Het conflict duurde 116 jaar, onderbroken door verscheidene periodes van vrede, voordat het uiteindelijk eindigde door het verdrijven van de Plantagenets uit Frankrijk (behalve uit Calais).",2 kernwoorden komen overeen,https://www.britannica.com/event/Hundred-Years-War
318,Geschiedenis,Hoeveel jaar duurde de regering van Elizabeth II?,70,niet gevonden,Elizabeth II,Elizabeth II van het Verenigd Koninkrijk,https://nl.wikipedia.org/wiki/Elizabeth_II_van_het_Verenigd_Koninkrijk,,,https://www.royal.uk/queen-elizabeth-ii
319,Geschiedenis,Hoeveel jaar duurden de Punische oorlogen samen?,118,niet gevonden,Punische,Punische oorlogen,https://nl.wikipedia.org/wiki/Punische_oorlogen,,,https://www.britannica.com/event/Punic-Wars
320,Geschiedenis,"Hoeveel kilometer lang was de Romeinse rijksgrens, de Roman Limes, volgens UNESCO ongeveer?",5000,afwijkend,Roman Limes,Limes (Roman Empire),https://en.wikipedia.org/wiki/Limes_%28Roman_Empire%29,"Gallery


See also
Roman military frontiers and fortifications
Great Wall – structures of similar scale and function, built by various dynasties in China
Sasanian defense lines – the borders of the Neo-Persian Empire
Limitanei – soldiers on the late Roman and early Byzantine limites
March (territori",artikel noemt een ander getal bij dezelfde termen,UNESCO World Heritage Centre — Frontiers of the Roman Empire
321,Geschiedenis,Hoeveel koloniën kwamen in 1776 in opstand tegen Groot-Brittannië?,13,afwijkend,koloniën kwamen,Dertien koloniën,https://nl.wikipedia.org/wiki/Dertien_koloni%C3%ABn,De dertien koloniën (Engels: Thirteen Colonies) waren de Britse koloniën aan de oostkust van Noord-Amerika die in 1775 in opstand kwamen en op 4 juli 1776 hun onafhankelijkheid uitriepen als de Verenigde Staten van Amerika.,artikel noemt een ander getal bij dezelfde termen,https://www.archives.gov/founding-docs/declaration
322,Taal,Hoeveel letters telt ons Latijnse alfabet?,26,afwijkend,letters latijnse alfabet,Berber-Latijns alfabet,https://nl.wikipedia.org/wiki/Berber-Latijns_alfabet,"Noord-Berber-Latijns alfabet
Het Noord-Berber-Latijnse alfabet (bedoeld voor alle Berber-varianten behalve het Toeareg-Berber) bestaat, over het algemeen, uit 34 letters: 

23 standaardletters (alle letters uit het standaard Latijnse alfabet met uitzondering van O, P en V)
11 aangepaste letters, te ",artikel noemt een ander getal bij dezelfde termen,https://www.britannica.com/topic/Seven-Wonders-of-the-World
323,Geschiedenis,Hoeveel mensen werden geëvacueerd tijdens de evacuatie van Duinkerke?,338000,afwijkend,Duinkerke,Duinkerke,https://nl.wikipedia.org/wiki/Duinkerke,Tijdens een nieuw beleg werden de Spaanse troepen op 14 juni 1658 in de Slag bij Duinkerke verslagen door een Frans-Engels leger onder maarschalk Turenne.,artikel noemt een ander getal bij dezelfde termen,https://www.iwm.org.uk/history/what-was-the-dunkirk-evacuation
324,Geschiedenis,Hoeveel oorspronkelijke koloniën vormden de Verenigde Staten?,13,bevestigd,Verenigde Staten,Verenigde Staten,https://nl.wikipedia.org/wiki/Verenigde_Staten,"Geografie


Bestuurlijke indeling

Sinds de Onafhankelijkheidsverklaring in 1776, waarbij de VS bestond uit 13 staten, groeide het land uit tot vijftig staten:
Alabama - Alaska - Arizona - Arkansas - Californië - Colorado - Connecticut - Delaware - Florida - Georgia - Hawaï - Idaho - Illinois - Indi",1 kernwoord komt overeen,https://www.archives.gov/founding-docs/declaration
325,Geschiedenis,Hoeveel parachutisten werden tijdens D-Day achter de Duitse linies gedropt?,23000,niet gevonden,Duitse,Duitse Huis,https://en.wikipedia.org/wiki/Duitse_Huis,,,https://www.iwm.org.uk/history/d-day-the-unheard-tapes
326,Geschiedenis,Hoeveel republieken vormden de Sovjet-Unie bij haar ontbinding in 1991?,15,bevestigd,Sovjet-Unie,Sovjet-Unie,https://nl.wikipedia.org/wiki/Sovjet-Unie,"(Zie: Uiteenvallen van de Sovjet-Unie)


Republieken

De Sovjet-Unie bestond uit 15 republieken:

Armeense SSR
Azerbeidzjaanse SSR
Wit-Russische SSR
Estische SSR
Georgische SSR
Kazachse SSR
Kirgizische SSR
Letse SSR
Litouwse SSR
Moldavische SSR
Russische Socialistische Federatieve Sovjetrepubliek (R",2 kernwoorden komen overeen,https://www.britannica.com/place/Soviet-Union
327,Geschiedenis,Hoeveel schepen ondersteunden de geallieerde landing in Normandië?,6000,niet gevonden,Normandië,Normandië,https://nl.wikipedia.org/wiki/Normandi%C3%AB,,,https://www.iwm.org.uk/history/d-day-the-unheard-tapes
328,Geschiedenis,Hoeveel schepen telde de Spaanse Armada volgens de gebruikelijke telling?,130,niet gevonden,Spaanse Armada,Spaanse Armada,https://nl.wikipedia.org/wiki/Spaanse_Armada,,,https://www.britannica.com/event/Spanish-Armada
329,Geschiedenis,Hoeveel schepen werden ingezet bij de evacuatie van Duinkerke?,850,niet gevonden,Duinkerke,Duinkerke,https://nl.wikipedia.org/wiki/Duinkerke,,,https://www.iwm.org.uk/history/what-was-the-dunkirk-evacuation
330,Geschiedenis,Hoeveel soldaten namen aan beide kanten samen deel aan de Slag bij Waterloo?,190000,afwijkend,Battle of Waterloo,Slag bij Waterloo,https://nl.wikipedia.org/wiki/Slag_bij_Waterloo,In 1817 werd aan alle Nederlandse militairen die deel hadden genomen aan de slag bij Waterloo en de bezetting van Parijs een gratificatie uitgedeeld.,artikel noemt een ander getal bij dezelfde termen,https://www.britannica.com/event/Battle-of-Waterloo
331,Geschiedenis,Hoeveel soldaten telde het Franse leger bij Waterloo ongeveer?,73000,niet gevonden,Waterloo,Waterloo (België),https://nl.wikipedia.org/wiki/Waterloo_%28Belgi%C3%AB%29,,,https://www.britannica.com/event/Battle-of-Waterloo
332,Geschiedenis,Hoeveel soldaten telde het leger van Napoleon tijdens de invasie van Rusland?,600000,afwijkend,Napoleon,Napoleon Bonaparte,https://nl.wikipedia.org/wiki/Napoleon_Bonaparte,Dit beeld werd versterkt door de Romeinse symbolen die in het empire gebruikt werden en door de invasie van Rusland met een enorm leger in 1812.,artikel noemt een ander getal bij dezelfde termen,https://www.britannica.com/event/Napoleonic-Wars
333,Geschiedenis,Hoeveel soldaten vochten tijdens de Slag bij Verdun ongeveer mee?,2000000,bevestigd,Battle of Verdun,Slag om Verdun,https://nl.wikipedia.org/wiki/Slag_om_Verdun,"Tijdens de slag bij Verdun zijn in totaal 2.000.000 Franse soldaten langs deze weg vervoerd, samen met meer dan 1.000.000 ton munitie.",4 kernwoorden komen overeen,https://www.britannica.com/event/Battle-of-Verdun
334,Geschiedenis,Hoeveel soldaten vochten tijdens de Slag om Gettysburg ongeveer mee?,165000,niet gevonden,Gettysburg,Slag bij Gettysburg,https://nl.wikipedia.org/wiki/Slag_bij_Gettysburg,,,https://www.nps.gov/gett/learn/historyculture/civil-war-overview.htm
335,Geschiedenis,Hoeveel strepen staan er op de vlag van de Verenigde Staten?,13,bevestigd,Verenigde Staten,Verenigde Staten,https://nl.wikipedia.org/wiki/Verenigde_Staten,"Geografie


Bestuurlijke indeling

Sinds de Onafhankelijkheidsverklaring in 1776, waarbij de VS bestond uit 13 staten, groeide het land uit tot vijftig staten:
Alabama - Alaska - Arizona - Arkansas - Californië - Colorado - Connecticut - Delaware - Florida - Georgia - Hawaï - Idaho - Illinois - Indi",1 kernwoord komt overeen,https://usa.usembassy.de/etexts/gov/federal/flag.htm
336,Geschiedenis,In welk jaar begon de Franse Revolutie?,1789,bevestigd,Franse Revolutie,Franse Revolutie,https://nl.wikipedia.org/wiki/Franse_Revolutie,"De Franse Revolutie (1789–1799) was een internationaal invloedrijke politieke omwenteling, waarbij de absolute monarchie die Frankrijk ongeveer twee eeuwen had geregeerd werd afgeschaft, en de Eerste Franse Republiek werd gesticht.",2 kernwoorden komen overeen,https://www.britannica.com/event/French-Revolution
337,Geschiedenis,In welk jaar bereikte Christoffel Columbus volgens de traditionele Europese geschiedschrijving Amerika?,1492,bevestigd,Christoffel Columbus,Christoffel Columbus,https://nl.wikipedia.org/wiki/Christoffel_Columbus,Hij maakte naam door zijn ontdekking van Amerika onder Spaanse vlag in 1492.,1 kernwoord komt overeen,https://www.britannica.com/biography/Christopher-Columbus
338,Geschiedenis,In welk jaar eindigde de Tweede Wereldoorlog in Europa?,1945,bevestigd,Tweede Wereldoorlog,Tweede Wereldoorlog,https://nl.wikipedia.org/wiki/Tweede_Wereldoorlog,De Tweede Wereldoorlog was de escalatie van de Tweede Chinees-Japanse Oorlog die begon in 1937 en een Europese oorlog begonnen in 1939 tot een militair conflict dat van 1941 tot 1945 op wereldschaal werd uitgevochten tussen twee allianties: de asmogendheden en de geallieerden.,2 kernwoorden komen overeen,https://www.iwm.org.uk/history/what-was-ve-day
339,Geschiedenis,In welk jaar vond de Slag bij Hastings plaats?,1066,bevestigd,Hastings,Slag bij Hastings,https://nl.wikipedia.org/wiki/Slag_bij_Hastings,De Slag bij Hastings werd op 14 oktober 1066 uitgevochten tussen een Normandisch-Frans leger onder leiding van hertog Willem I van Normandië en een leger onder leiding van de Angelsaksische koning Harold II.,2 kernwoorden komen overeen,https://www.britannica.com/event/Battle-of-Hastings
340,Geschiedenis,In welk jaar vond de kernramp in Fukushima plaats?,2011,bevestigd,Fukushima,Kernramp van Fukushima,https://nl.wikipedia.org/wiki/Kernramp_van_Fukushima,"De kernramp van Fukushima (Japans: 福島第一原子力発電所事故 Fukushima daiichi genshiryoku hatsudensho jiko) rond de kerncentrale Fukushima I in Ōkuma, Japan was het gevolg van de zeebeving en de daaropvolgende tsunami van 11 maart 2011.",2 kernwoorden komen overeen,https://www.christies.com/en/stories/leonardo-and-post-war-results-new-york-ad70dd5889e64989a76c94e4358c760d
341,Geschiedenis,In welk jaar vond de kernramp in Tsjernobyl plaats?,1986,bevestigd,Tsjernobyl,Kernramp van Tsjernobyl,https://nl.wikipedia.org/wiki/Kernramp_van_Tsjernobyl,"Het ongeval gebeurde op 26 april 1986 nabij de Oekraïense (toen nog deel van de Sovjet-Unie) steden Tsjernobyl en Pripjat, vlak bij de grens met Wit-Rusland.",1 kernwoord komt overeen,https://www.museivaticani.va/content/museivaticani/en/collezioni/musei/cappella-sistina/volta.html
342,Geschiedenis,In welk jaar werd de eerste Nobelprijs uitgereikt?,1901,bevestigd,Nobelprijs,Nobelprijs,https://nl.wikipedia.org/wiki/Nobelprijs,"De prijs werd ingesteld in 1895 in het testament van Alfred Nobel, en in 1901 na zijn overlijden voor het eerst uitgereikt.",1 kernwoord komt overeen,https://www.nobelprize.org/the-nobel-prizes/
343,Geschiedenis,In welk jaar zonk de Titanic?,1912,bevestigd,Titanic,"Titanic (schip, 1912)",https://nl.wikipedia.org/wiki/Titanic_%28schip%2C_1912%29,Titanic was eigendom van rederij White Star Line en kwam in de nacht van 14 op 15 april 1912 op haar eerste reis met bijna volle kracht (in dienst) in aanvaring met een ijsberg.,1 kernwoord komt overeen,https://www.britannica.com/event/Titanic
344,Geografie,Wat is de autorij-afstand van Amsterdam naar Parijs in km?,510,niet gevonden,Amsterdam,Amsterdam,https://nl.wikipedia.org/wiki/Amsterdam,,"getal wel gezien, maar te algemeen om bewijs te zijn",
345,Kunst en cultuur,Hoeveel centimeter hoog is Michelangelo’s David?,517,niet gevonden,Michelangelo’s David,David (Michelangelo),https://en.wikipedia.org/wiki/David_%28Michelangelo%29,,,Galleria dell’Accademia — David
346,Kunst en cultuur,Hoeveel centimeter hoog is de Mona Lisa?,77,niet gevonden,Mona Lisa,Mona Lisa,https://nl.wikipedia.org/wiki/Mona_Lisa,,,
347,Kunst en cultuur,Hoeveel centrale Bijbelse scènes staan op het plafond van de Sixtijnse Kapel?,9,bevestigd,Sixtijnse Kapel,Sixtijnse Kapel,https://nl.wikipedia.org/wiki/Sixtijnse_Kapel,"In de middelste rechthoek op het plafond zijn de volgende schilderijen, van de entree tot de achterwand, op onderstaande afbeelding van rechts naar links:

de scheiding van donker en licht, 1:4-5
de schepping van de zon en de maan, 1:14:18, de schepping van de planten, 1:11-12
de scheiding van water",2 kernwoorden komen overeen,Vatican Museums — Sistine Chapel ceiling
348,Kunst en cultuur,Hoeveel domeinen noemt UNESCO voor immaterieel cultureel erfgoed?,5,bevestigd,UNESCO,UNESCO,https://en.wikipedia.org/wiki/UNESCO,"The 12 Directors-General of UNESCO have come from seven regions within the organization: West Europe (5), Central America (1), North America (2), West Africa (1), East Asia (1), East Europe (1), Middle East (1).",1 kernwoord komt overeen,UNESCO — Intangible Heritage domains
349,Sterrenkunde & ruimte,Hoeveel dwergplaneten worden in de NASA-overview genoemd?,5,niet gevonden,NASA,NASA,https://en.wikipedia.org/wiki/NASA,,"getal wel gezien, maar te algemeen om bewijs te zijn",https://www.museivaticani.va/content/museivaticani/en/collezioni/musei/cappella-sistina.html
350,Wiskunde,Hoeveel graden heeft een volledige cirkel?,360,niet gevonden,,,,,,https://www.galleriaaccademiafirenze.it/en/michelangelos-david/
351,Kunst en cultuur,Hoeveel landen ondertekenden de UNESCO-grondwet in 1945?,37,niet gevonden,UNESCO Constitution,UNESCO,https://en.wikipedia.org/wiki/UNESCO,,,UNESCO — History and mission
352,Gebouwen en infrastructuur,Hoeveel meter hoog is het Vrijheidsbeeld inclusief voetstuk?,93,niet gevonden,Vrijheidsbeeld,Vrijheidsbeeld (New York),https://nl.wikipedia.org/wiki/Vrijheidsbeeld_%28New_York%29,,"getal wel gezien, maar te algemeen om bewijs te zijn",
353,Taal,Hoeveel nationale talen heeft Zuid-Afrika volgens de grondwet?,11,niet gevonden,Zuid-Afrika,Zuid-Afrika,https://nl.wikipedia.org/wiki/Zuid-Afrika,,"getal wel gezien, maar te algemeen om bewijs te zijn",
354,Kunst en cultuur,Hoeveel schilderijen uit de serie Zonnebloemen maakte Van Gogh?,7,bevestigd,Van Gogh,Vincent van Gogh,https://en.wikipedia.org/wiki/Vincent_van_Gogh,"Because the Yellow House had to be furnished before he could fully move in, Van Gogh moved from the Hôtel Carrel to the Café de la Gare on 7 May 1888.",1 kernwoord komt overeen,
355,Kunst en cultuur,Hoeveel zelfportretten schilderde Rembrandt volgens gangbare catalogi?,40,bevestigd,Rembrandt,Rembrandt van Rijn,https://nl.wikipedia.org/wiki/Rembrandt_van_Rijn,In 1647 stelde Rembrandt op verzoek van de familie van zijn vrouw een inventaris op van zijn bezittingen en kwam hij aan een totaal van 40.750 gulden aan kapitaal en bezittingen.,1 kernwoord komt overeen,
356,Kunst en cultuur,Uit hoeveel kuuroorden bestaat de UNESCO-site The Great Spa Towns of Europe?,11,bevestigd,UNESCO-site The Great Spa Towns of Europe,Great Spa Towns of Europe,https://en.wikipedia.org/wiki/Great_Spa_Towns_of_Europe,The Great Spa Towns of Europe is a transnational World Heritage Site consisting of a selection of 11 spa towns across seven European countries.,3 kernwoorden komen overeen,UNESCO World Heritage Centre — Great Spa Towns of Europe
357,Landbouw en industrie,Hoeveel dagen duurt de zwangerschap van een koe?,283,niet gevonden,dagen zwangerschap,Zwangerschap,https://nl.wikipedia.org/wiki/Zwangerschap,,,https://www.merckvetmanual.com/management-and-nutrition/management-of-reproduction-cattle
358,Landbouw en industrie,Hoeveel dagen duurt de zwangerschap van een schaap?,152,niet gevonden,dagen zwangerschap,Zwangerschap,https://nl.wikipedia.org/wiki/Zwangerschap,,,https://www.merckvetmanual.com/management-and-nutrition/management-of-reproduction-sheep
359,Landbouw en industrie,Hoeveel kilogram aluminium zit er ongeveer in een gemiddelde auto?,200,bevestigd,kilogram aluminium,Aluminium,https://en.wikipedia.org/wiki/Aluminium,"The yield strength of pure aluminium is 7–11 MPa, while aluminium alloys have yield strengths ranging from 200 MPa to 600 MPa.",1 kernwoord komt overeen,https://international-aluminium.org/resource/aluminium-in-cars/
360,Landbouw en industrie,Hoeveel kilogram koffiebonen wordt wereldwijd jaarlijks geproduceerd?,10000000,niet gevonden,,,,,,https://www.ico.org/coffee-facts/
361,Landbouw en industrie,Hoeveel procent van de wereldbevolking werkt direct of indirect in de landbouw?,26,niet gevonden,,,,,,https://www.fao.org/statistics/en/
362,Landbouw en industrie,Hoeveel ton bananen worden wereldwijd jaarlijks geproduceerd?,135000000,niet gevonden,,,,,,https://www.fao.org/faostat/en/#data/QCL
363,Landbouw en industrie,Hoeveel ton koper wordt wereldwijd jaarlijks geproduceerd?,22000000,niet gevonden,koper wordt,Koper (element),https://nl.wikipedia.org/wiki/Koper_%28element%29,,,https://www.usgs.gov/centers/national-minerals-information-center/copper-statistics-and-information
364,Landbouw en industrie,Hoeveel ton maïs werd wereldwijd geproduceerd in 2023?,1200000000,niet gevonden,maïs wereldwijd geproduceerd,Kerstgebruiken wereldwijd,https://nl.wikipedia.org/wiki/Kerstgebruiken_wereldwijd,,,https://www.fao.org/faostat/en/#data/QCL
365,Landbouw en industrie,Hoeveel ton suiker wordt wereldwijd jaarlijks geproduceerd?,180000000,niet gevonden,suiker wordt,Suiker,https://nl.wikipedia.org/wiki/Suiker,,,https://www.fao.org/faostat/en/#data/QCL
366,Landbouw en industrie,Hoeveel werknemers werken wereldwijd in de landbouw?,1000000000,niet gevonden,,,,,,https://www.ilo.org/industries-and-sectors/agriculture-plantations-other-rural-sectors
367,Merken en producten,Hoeveel IKEA-winkels zijn er wereldwijd ongeveer?,480,niet gevonden,IKEA,IKEA,https://nl.wikipedia.org/wiki/IKEA,,,https://www.ikea.com/global/en/our-business/annual-summary-and-report/
368,Merken en producten,Hoeveel Starbucks-winkels zijn er wereldwijd ongeveer?,40000,niet gevonden,Starbucks,Starbucks,https://nl.wikipedia.org/wiki/Starbucks,,,https://investor.starbucks.com/financial-data/annual-reports/default.aspx
369,Merken en producten,Hoeveel restaurants heeft McDonald’s wereldwijd ongeveer?,42000,niet gevonden,restaurants mcdonald’s,Liebeck v. McDonald's Restaurants,https://en.wikipedia.org/wiki/Liebeck_v._McDonald%27s_Restaurants,,,https://corporate.mcdonalds.com/corpmcd/investors/financial-information/annual-reports.html
370,Milieu en duurzaamheid,Hoeveel hectare bos gaat volgens FAO wereldwijd per jaar netto verloren?,4700000,niet gevonden,,,,,,https://www.fao.org/interactive/forest-resources-assessment/2020/en/
371,Milieu en duurzaamheid,Hoeveel liter water is volgens de gangbare berekening nodig om één kilogram rundvlees te produceren?,15000,afwijkend,liter water,Saline water,https://en.wikipedia.org/wiki/Saline_water,"Seawater has a salinity of roughly 35,000 ppm, equivalent to 35 grams of salt per one liter (or kilogram) of water.",artikel noemt een ander getal bij dezelfde termen,https://www.waterfootprint.org/resources/interactive-tools/product-gallery/
372,Milieu en duurzaamheid,Hoeveel miljoen ton plastic afval lekt jaarlijks in de oceaan volgens een gangbare schatting?,19,niet gevonden,,,,,,https://www.unep.org/interactives/beat-plastic-pollution/
373,Milieu en duurzaamheid,Hoeveel procent van de atmosfeer bestaat ongeveer uit zuurstof?,21,bevestigd,atmosfeer bestaat zuurstof,Zuurstof (element),https://nl.wikipedia.org/wiki/Zuurstof_%28element%29,Op zeeniveau bestaat de lucht voor ongeveer 21% uit zuurstofgas.,1 kernwoord komt overeen,https://www.noaa.gov/jetstream/layers-of-atmosphere
374,Milieu en duurzaamheid,Hoeveel procent van de extra warmte door klimaatverandering wordt door de oceanen opgenomen?,90,niet gevonden,extra warmte,Warmte,https://nl.wikipedia.org/wiki/Warmte,,,https://www.ipcc.ch/report/ar6/wg1/chapter/chapter-5/
375,Milieu en duurzaamheid,Hoeveel procent van het aardoppervlak bestaat uit water en land samen?,100,bevestigd,aardoppervlak bestaat water,Water,https://nl.wikipedia.org/wiki/Water,De temperatuurschaal van Celsius is gebaseerd op de overgang tussen deze toestanden: bij 0 °C smelt ijs en bij 100 °C kookt water (bij standaarddruk).,1 kernwoord komt overeen,https://oceanservice.noaa.gov/facts/oceanwater.html
376,Milieu en duurzaamheid,Hoeveel procent van het landoppervlak van de aarde is bedekt met bos?,31,bevestigd,landoppervlak aarde,Aarde (planeet),https://nl.wikipedia.org/wiki/Aarde_%28planeet%29,"Van al het zoetwater op Aarde ligt 68,7% opgeslagen in de vorm van ijs en gletsjers, en 31,0% bevindt zich in de ondergrond als grondwater of permafrost.",1 kernwoord komt overeen,https://www.fao.org/interactive/forest-resources-assessment/2020/en/
377,Milieu en duurzaamheid,Hoeveel procent van het voedsel dat wereldwijd wordt geproduceerd gaat verloren of wordt verspild?,33,niet gevonden,voedsel wereldwijd wordt,Voedsel,https://nl.wikipedia.org/wiki/Voedsel,,,https://www.unep.org/resources/report/unep-food-waste-index-report-2024
378,Milieu en duurzaamheid,Hoeveel procent van het wereldwijde waterverbruik gaat naar landbouw?,70,niet gevonden,,,,,,https://www.fao.org/aquastat/en/overview/methodology/water-use
379,Milieu en duurzaamheid,Welk percentage van het zoete water bevindt zich in grondwater?,30,niet gevonden,,,,,,https://www.usgs.gov/special-topics/water-science-school/science/where-earths-water
380,Milieu en duurzaamheid,Welk percentage van plastic afval wordt wereldwijd slecht beheerd?,22,bevestigd,percentage plastic,Plastic pollution,https://en.wikipedia.org/wiki/Plastic_pollution,"27.)


External links

""22 Facts About Plastic Pollution (And 10 Things We Can Do About It)"".",1 kernwoord komt overeen,https://www.oecd.org/environment/plastics/
381,Mode en lifestyle,Hoeveel centimeter lang is een standaard das bij het strikken?,145,niet gevonden,centimeter standaard,De Standaard,https://nl.wikipedia.org/wiki/De_Standaard,,,
382,Mode en lifestyle,Hoeveel gaten heeft een standaard schoenveter meestal in één schoen?,12,niet gevonden,,,,,,
383,Mode en lifestyle,Hoeveel meter lang was de langste trouwjurkstaart volgens Guinness World Records?,8100,afwijkend,Guinness World Records,Guinness World Records,https://en.wikipedia.org/wiki/Guinness_World_Records,"Guinness World Records (), known from its inception in 1955 until 1999 as The Guinness Book of Records and in previous United States editions as The Guinness Book of World Records, is a British reference book published annually, listing world records both of human achievements and the extremes of th",artikel noemt een ander getal bij dezelfde termen,
384,Mode en lifestyle,Hoeveel millimeter breed is een standaard herenhorlogeband?,22,niet gevonden,,,,,,
385,Mode en lifestyle,Hoeveel strepen heeft het klassieke Adidas-logo?,3,bevestigd,Adidas,Adidas,https://nl.wikipedia.org/wiki/Adidas,"Hierbij staat de Y voor Yohji, de 3 voor de kenmerkende 3 strepen en het verbindende streepje symboliseert de verbinding tussen de twee.",1 kernwoord komt overeen,
386,Muziek,Hoeveel Grammy-nominaties had Beyoncé volgens de Grammy’s vóór de uitreiking van 2025?,99,niet gevonden,Beyoncé,Beyoncé,https://nl.wikipedia.org/wiki/Beyonc%C3%A9,,,
387,Muziek,Hoeveel noten bevat een standaard majeurtoonladder inclusief het herhaalde octaaf?,8,niet gevonden,noten standaard,De Standaard,https://nl.wikipedia.org/wiki/De_Standaard,,"getal wel gezien, maar te algemeen om bewijs te zijn",https://openstax.org/books/music-appreciation/pages/2-2-pitch-and-melody
388,Muziek,Hoeveel nummers bevatte het album Un Verano Sin Ti van Bad Bunny?,23,bevestigd,Un Verano Sin Ti van Bad Bunny,Bad Bunny,https://nl.wikipedia.org/wiki/Bad_Bunny,"Op 5 mei 2025 kondigde Bad Bunny Debí Tirar Más Fotos World Tour aan, een wereldtournee van 23 stadionconcerten in Europa, Australië, Japan en Latijns-Amerika, die in november 2025 van start is gegaan.",1 kernwoord komt overeen,
389,Muziek,Hoeveel nummers staan er op het album Thriller van Michael Jackson?,9,bevestigd,Thriller van Michael Jackson,Michael Jackson,https://nl.wikipedia.org/wiki/Michael_Jackson,Brett Barnes (geboren in 1982) was met Jackson bevriend sinds 1991 als 9-jarige jongen.,1 kernwoord komt overeen,
390,Muziek,Hoeveel pianoconcerten componeerde Mozart volgens de nummering voor solo piano en orkest?,27,bevestigd,Mozart,Wolfgang Amadeus Mozart,https://nl.wikipedia.org/wiki/Wolfgang_Amadeus_Mozart,"Wolfgang Amadeus Mozart (Salzburg, 27 januari 1756 – Wenen, 5 december 1791), doopnaam Joannes Chrysostomus Wolfgangus Theophilus Mozart, was een uit het prinsaartsbisdom Salzburg afkomstige componist, pianist, violist en dirigent.",1 kernwoord komt overeen,
391,Muziek,Hoeveel snaren heeft een standaard elektrische gitaar?,6,bevestigd,snaren standaard elektrische,Gitaar,https://nl.wikipedia.org/wiki/Gitaar,"Over het algemeen wordt de 7-snarige gitaar gebruikt om de extra bassnaar toe te voegen aan de 6-snarige hals, dus bij de 'normale' stemming komt er een B-snaar bij.",1 kernwoord komt overeen,
392,Muziek,Hoeveel snaren heeft een standaard gitaar?,6,bevestigd,snaren standaard gitaar,Gitaar,https://nl.wikipedia.org/wiki/Gitaar,"Over het algemeen wordt de 7-snarige gitaar gebruikt om de extra bassnaar toe te voegen aan de 6-snarige hals, dus bij de 'normale' stemming komt er een B-snaar bij.",1 kernwoord komt overeen,https://hub.yamaha.com/guitars/g-how-to/how-many-strings-does-a-guitar-have/
393,Muziek,Hoeveel snaren heeft een standaard viool?,4,niet gevonden,,,,,,https://www.britannica.com/art/violin
394,Muziek,Hoeveel strijkkwartetten componeerde Beethoven?,16,bevestigd,Beethoven,Ludwig van Beethoven,https://nl.wikipedia.org/wiki/Ludwig_van_Beethoven,"Ludwig van Beethoven (Bonn, 15, 16 of 17 december 1770 – Wenen, 26 maart 1827) was een Duitse componist, musicus, virtuoos en dirigent.",1 kernwoord komt overeen,https://www.britannica.com/biography/Ludwig-van-Beethoven
395,Muziek,Hoeveel studioalbums bracht Michael Jackson uit?,10,bevestigd,Michael Jackson,Michael Jackson,https://nl.wikipedia.org/wiki/Michael_Jackson,"Safechuck zegt dat hij vanaf toen, toen hij 10 was, tot zijn veertiende seksueel misbruikt is door Jackson.",1 kernwoord komt overeen,
396,Muziek,Hoeveel studioalbums bracht Queen uit?,15,niet gevonden,Queen,Queen,https://nl.wikipedia.org/wiki/Queen,,"getal wel gezien, maar te algemeen om bewijs te zijn",
397,Muziek,Hoeveel symfonieën schreef Beethoven?,9,bevestigd,Beethoven,Ludwig van Beethoven,https://nl.wikipedia.org/wiki/Ludwig_van_Beethoven,"Bekende werken
negen symfonieën, waarvan de 3e Eroïca, de 5e, de 6e Pastorale en de 9e de bekendste zijn.",1 kernwoord komt overeen,https://www.britannica.com/biography/Ludwig-van-Beethoven
398,Muziek,Hoeveel toetsen heeft een standaard piano?,88,niet gevonden,,,,,,https://www.yamaha.com/en/musical_instrument_guide/piano/structure/
399,Muziek,Hoeveel toonstaven heeft een standaard marimba met vier octaven?,1,niet gevonden,,,,,,https://www.yamaha.com/en/musical_instrument_guide/marimba/structure/
400,Mode en lifestyle,Hoeveel facetten (geslepen vlakjes) heeft een standaard ronde briljant geslepen diamant?,57,niet gevonden,,,,,,
401,Muziek,Hoeveel hertz is de toonhoogte van de standaard a in de muziek?,440,niet gevonden,hertz toonhoogte,Toonhoogte,https://nl.wikipedia.org/wiki/Toonhoogte,,"getal wel gezien, maar te algemeen om bewijs te zijn",
402,Biologie & gezondheid,Hoeveel keer klopt een menselijk hart gemiddeld op één dag (bij rust)?,100800,niet gevonden,,,,,,https://physics.nist.gov/cgi-bin/cuu/Value?c
403,Sterrenkunde & ruimte,Hoeveel kilometer per seconde draait de aarde om de zon?,30,bevestigd,Hoeveel kilometer per seconde draait de aarde om de zon,Aarde (planeet),https://nl.wikipedia.org/wiki/Aarde_%28planeet%29,"In massapercentages bestaat de Aarde uit 32,1% ijzer, 30,1% zuurstof, 15,1% silicium, 13,9% magnesium, 2,9% zwavel, 1,8% nikkel, 1,5% calcium, 1,4% aluminium en 1,2% andere elementen.",1 kernwoord komt overeen,
404,Natuurkunde,Hoeveel kilometer per uur waait wind bij windkracht 8 volgens de schaal van Beaufort?,75,afwijkend,Hoeveel kilometer per uur waait wind bij windkracht 8 volgens de schaal van Beaufort,Wind (meteorologie),https://nl.wikipedia.org/wiki/Wind_%28meteorologie%29,"Wanneer in het weerbericht wordt gesproken over windkracht 8 (op de schaal van Beaufort), dan wordt verwacht dat de windsnelheid gedurende 10 minuten gemiddeld tussen 17,2 en 20,7 m/s (62–74 km/h) ligt.",artikel noemt een ander getal bij dezelfde termen,
405,Natuurkunde,Hoeveel meter is één internationale zeemijl exact?,1852,bevestigd,internationale zeemijl exact,Zeemijl,https://nl.wikipedia.org/wiki/Zeemijl,"Een (internationale) zeemijl (Engels: (international) nautical mile, afgekort NM of nmi) is een lengtemaat die gelijk is aan precies 1852 meter.",2 kernwoorden komen overeen,NOAA — Nautical mile
406,Geografie,Hoeveel millimeter per jaar groeit de Mount Everest gemiddeld?,4,afwijkend,Mount Everest,Mount Everest,https://nl.wikipedia.org/wiki/Mount_Everest,Er is een mos dat groeit op 6480 meter op de Mount Everest.,artikel noemt een ander getal bij dezelfde termen,https://ich.unesco.org/en/intangible-heritage-domains-00052
407,Natuurkunde,Hoeveel procent van de lucht bestaat uit stikstof?,78,bevestigd,lucht bestaat stikstof,Stikstof (element),https://nl.wikipedia.org/wiki/Stikstof_%28element%29,"De aardatmosfeer, en dus de ingeademde lucht, bestaat voor 78% uit distikstof (stikstofgas), en voor 21% uit dizuurstof (zuurstofgas).",2 kernwoorden komen overeen,
408,Natuurkunde,Hoeveel windturbinebladen heeft een moderne windturbine meestal?,3,niet gevonden,,,,,,https://www.energy.gov/cmei/wind/articles/wind-turbines
409,Natuurkunde,Wat is de snelheid van het licht in vacuüm in kilometer per seconde?,300000,afwijkend,snelheid licht vacuüm,Licht,https://nl.wikipedia.org/wiki/Licht,Licht plant zich in vacuüm voort met een snelheid van per definitie 299 792 458 meter per seconde.,artikel noemt een ander getal bij dezelfde termen,https://physics.nist.gov/cgi-bin/cuu/Value?c
410,Politiek en recht,Hoeveel artikelen bevat de Nederlandse Grondwet?,142,bevestigd,Nederlandse Grondwet,Nederlandse Grondwet,https://nl.wikipedia.org/wiki/Nederlandse_Grondwet,"Indien de Grondwet afwijkt van het Statuut, kan deze bij gewone wet (dus in één lezing met gewone meerderheden in beide kamers) met het Statuut in overeenstemming worden gebracht (artikel 142 Grondwet).",1 kernwoord komt overeen,https://www.government.nl/topics/constitution-and-democracy/the-constitution-of-the-netherlands
411,Milieu en duurzaamheid,Hoeveel kg afval produceert een Nederlander gemiddeld per jaar?,449,niet gevonden,Nederlander,Nederlander,https://en.wikipedia.org/wiki/Nederlander,,,
412,Geografie,Hoeveel kilometer lang is de Nederlandse kustlijn ongeveer?,1500,niet gevonden,Dutch,Dutch,https://nl.wikipedia.org/wiki/Dutch,,,https://www.rijkswaterstaat.nl/english
413,Politiek en recht,Hoeveel leden heeft de Nederlandse Eerste Kamer?,75,bevestigd,Nederlandse Eerste Kamer,Eerste Kamer der Staten-Generaal,https://nl.wikipedia.org/wiki/Eerste_Kamer_der_Staten-Generaal,"De Eerste Kamer heeft 75 zetels, de zittingsduur is vier jaar.",2 kernwoorden komen overeen,https://www.eerstekamer.nl/begrip/english
414,Vervoer,Hoeveel lijnen heeft de metro van Rotterdam?,5,bevestigd,Rotterdam,Rotterdam,https://en.wikipedia.org/wiki/Rotterdam,The top 5 highest buildings in the Netherlands consist entirely of buildings in Rotterdam.,1 kernwoord komt overeen,https://www.ret.nl/en/home.html
415,Milieu en duurzaamheid,Hoeveel liter water gebruikt een gemiddeld huishouden per persoon per dag in Nederland?,129,niet gevonden,Nederland,Nederland,https://nl.wikipedia.org/wiki/Nederland,,,https://www.nibud.nl/onderwerpen/rondkomen/water-en-energie/
416,Vervoer,Hoeveel metrolijnen heeft Amsterdam?,5,bevestigd,Amsterdam,Amsterdam,https://nl.wikipedia.org/wiki/Amsterdam,"Elk jaar komen in het weekeind na 12 maart gemiddeld zo'n 5.000 bedevaartgangers naar het Spui en het Begijnhof, alwaar de huidige Heilige Stede voor het Mirakel van Amsterdam is gelegen.",1 kernwoord komt overeen,https://www.gvb.nl/en/about-gvb
417,Geografie,Hoeveel officiële gemeenten telde Nederland in 2024?,342,bevestigd,Nederland,Nederland,https://nl.wikipedia.org/wiki/Nederland,Bestuurlijk is het land verdeeld in twaalf provincies en 342 gemeenten.,1 kernwoord komt overeen,
418,Geografie,Hoeveel provincies heeft Nederland?,12,niet gevonden,Nederland,Nederland,https://nl.wikipedia.org/wiki/Nederland,,"getal wel gezien, maar te algemeen om bewijs te zijn",https://www.government.nl/topics/provinces
419,Technologie,Hoeveel volt heeft een standaard stopcontact in Nederland?,230,niet gevonden,Nederland,Nederland,https://nl.wikipedia.org/wiki/Nederland,,,
420,Gebouwen en infrastructuur,Hoeveel wieken heeft een klassieke Nederlandse grondzeiler?,4,niet gevonden,Dutch,Dutch,https://nl.wikipedia.org/wiki/Dutch,,,
421,Gebouwen en infrastructuur,Hoeveel windmolens staan er op de werelderfgoedlocatie Kinderdijk?,19,bevestigd,Kinderdijk,Kinderdijk,https://nl.wikipedia.org/wiki/Kinderdijk,"De 19 windmolens zijn verdeeld in een rij van acht molens aan de Nederwaard (dit zijn de ronde stenen molens), een rij van acht rietgedekte achtkanters aan de Overwaard, met daarnaast een wipmolen; de Blokweerse molen die de polder Blokweer bemaalt en in de polder Nieuw-Lekkerland twee rietgedekte a",1 kernwoord komt overeen,https://whc.unesco.org/en/list/818/
422,Geografie,Wat is de autorij-afstand van Amsterdam naar Rome in km?,1650,bevestigd,Amsterdam,Amsterdam,https://en.wikipedia.org/wiki/Amsterdam,"Zelfbewuste stadsstaat 1650–1813, Amsterdam: SUN, ISBN 978-9058751386
Mak, Geert (1994), Een kleine geschiedenis van Amsterdam, Amsterdam & Antwerp: Atlas, ISBN 978-9045019536
Charles Caspers & Peter Jan Margry (2017), Het Mirakel van Amsterdam.",1 kernwoord komt overeen,No fixed official value; route-dependent.
423,Politiek en recht,Hoeveel advocaten-generaal heeft het Hof van Justitie van de Europese Unie?,11,bevestigd,Court of Justice of the European Union,Europese politieke partij,https://nl.wikipedia.org/wiki/Europese_politieke_partij,Bedrag (€)Europese overheidsfinanciering van Europese politieke partijen03.000.0006.000.0009.000.00012.000.00015.000.00018.000.00020042008201220162020ADDEADIEAENMAENAFEALDEAPFCVFEAFECPPECHEDPEVAEGPELAEVPESNEUDLibertasMELDPatriotsPES.mw-chart-80f86eb6bf7c33d66fd67d5885627f2768d3e62d11e59cf422fcb10a36,1 kernwoord komt overeen,https://curia.europa.eu/jcms/jcms/Jo2_7024/en/
424,Politiek en recht,Hoeveel amendementen bevat de Amerikaanse Grondwet?,27,bevestigd,Amerikaanse Grondwet,Grondwet van de Verenigde Staten,https://nl.wikipedia.org/wiki/Grondwet_van_de_Verenigde_Staten,"Sinds de inwerkingtreding van de Grondwet op 4 maart 1789 werden 27 amendementen aan de Grondwet toegevoegd, waaronder één amendement dat een vorig amendement herriep (in verband met de Drooglegging), om zo in te spelen op de veranderende noden in de samenleving sinds het einde van de 18e eeuw.",2 kernwoorden komen overeen,https://www.archives.gov/founding-docs/constitution
425,Politiek en recht,Hoeveel artikelen bevat de Franse Verklaring van de Rechten van de Mens en de Burger?,17,afwijkend,Franse Verklaring van de Rechten van de Mens,Universele Verklaring van de Rechten van de Mens,https://nl.wikipedia.org/wiki/Universele_Verklaring_van_de_Rechten_van_de_Mens,De Universele Verklaring van de Rechten van de Mens (UVRM) is een verklaring die op 10 december 1948 is aangenomen door de Algemene Vergadering van de Verenigde Naties (A/RES/217) om de Rechten van de mens (basisrechten/grondrechten) te omschrijven.,artikel noemt een ander getal bij dezelfde termen,https://www.conseil-constitutionnel.fr/en/declaration-of-human-and-civic-rights-of-26-august-1789
426,Politiek en recht,Hoeveel artikelen bevat het Handvest van de Verenigde Naties?,111,bevestigd,United Nations Charter,Verenigde Naties,https://nl.wikipedia.org/wiki/Verenigde_Naties,"Artikel 111 van het Handvest van de Verenigde Naties vermeldt dat de Chinese, de Engelse, de Franse, de Russische en de Spaanse tekst van het Handvest gelijkelijk authentiek zijn: sindsdien verschijnen alle documenten in deze vijf talen, en sinds 1973 ook in het Arabisch.",3 kernwoorden komen overeen,https://www.un.org/en/about-us/un-charter
427,Politiek en recht,Hoeveel landen hebben een permanente zetel in de VN-Veiligheidsraad?,5,niet gevonden,UN Security Council,United Nations Security Council,https://en.wikipedia.org/wiki/United_Nations_Security_Council,,"getal wel gezien, maar te algemeen om bewijs te zijn",https://www.un.org/securitycouncil/content/current-members
428,Politiek en recht,Hoeveel landen zijn lid van de NAVO?,32,niet gevonden,NAVO,NAVO,https://en.wikipedia.org/wiki/NAVO,,,https://www.nato.int/cps/en/natohq/topics_52044.htm
429,Politiek en recht,Hoeveel leden telt de Duitse Bondsdag volgens de wettelijke omvang sinds de hervorming?,630,bevestigd,Duitse Bondsdag,Bondsdag,https://nl.wikipedia.org/wiki/Bondsdag,"De Bondsdag bestaat uit 630 afgevaardigden, waarvan er (maximaal) 299 direct in kiesdistricten gekozen worden.",1 kernwoord komt overeen,https://www.bundestag.de/en/parliament/function-organisation/legalstatus
430,Taal,Hoeveel officiële talen erkent de Verenigde Naties (VN)?,6,bevestigd,Verenigde Naties,Verenigde Naties,https://nl.wikipedia.org/wiki/Verenigde_Naties,"De dagen zijn als volgt:

Arabisch (18 december)
Chinees (20 april)
Engels (23 april)
Spaans (12 oktober)
Frans (20 maart)
Russisch (6 juni)


Resoluties

De resoluties van de Verenigde Naties worden genummerd vanaf het jaar 1946, sinds 1976.",2 kernwoorden komen overeen,https://www.un.org/en/observances/international-days-and-weeks/official-languages
431,Politiek en recht,Hoeveel ondertekenende landen telde het Verdrag van Rome bij de ondertekening in 1957?,1,bevestigd,Verdrag van Rome,Verdrag tot oprichting van de Europese Economische Gemeenschap,https://nl.wikipedia.org/wiki/Verdrag_tot_oprichting_van_de_Europese_Economische_Gemeenschap,"Geschiedenis
Het Verdrag van Rome werd officieel ondertekend op 25 maart 1957 en trad in werking op 1 januari 1958.",3 kernwoorden komen overeen,https://european-union.europa.eu/principles-countries-history/history-eu/1945-59/treaties-rome_en
432,Politiek en recht,Hoeveel oorspronkelijke leden had de NAVO bij de oprichting in 1949?,12,niet gevonden,NAVO,NAVO,https://en.wikipedia.org/wiki/NAVO,,,https://www.nato.int/cps/en/natolive/topics_52044.htm
433,Politiek en recht,Uit hoeveel leden bestaat de VN-Veiligheidsraad in totaal?,15,niet gevonden,UN Security Council,United Nations Security Council,https://en.wikipedia.org/wiki/United_Nations_Security_Council,,"getal wel gezien, maar te algemeen om bewijs te zijn",https://www.un.org/securitycouncil/content/current-members
434,Records en vergelijkingen,Hoe groot was de grootste pizza ooit in vierkante meter?,1297,niet gevonden,grootste pizza,Pizza Hut,https://nl.wikipedia.org/wiki/Pizza_Hut,,,
435,Records en vergelijkingen,Hoe hoog was de hoogste hond ooit in centimeters?,112,niet gevonden,hoogste hond ooit,Hond,https://nl.wikipedia.org/wiki/Hond,,,
436,Records en vergelijkingen,Hoe hoog was de hoogste zandsculptuur ooit in meters?,21,niet gevonden,,,,,,
437,Records en vergelijkingen,Hoe hoog was het hoogste paard ooit in centimeters?,219,niet gevonden,hoogste paard ooit,Paard (dier),https://nl.wikipedia.org/wiki/Paard_%28dier%29,,"getal wel gezien, maar te algemeen om bewijs te zijn",
438,Records en vergelijkingen,Hoe klein was het kleinste paard ooit in centimeters?,36,niet gevonden,klein kleinste paard,Paard (dier),https://nl.wikipedia.org/wiki/Paard_%28dier%29,,,
439,Records en vergelijkingen,Hoe lang duurde de langste plank ooit in minuten?,579,niet gevonden,,,,,,
440,Records en vergelijkingen,Hoe lang is de langste levende man in centimeters?,251,niet gevonden,langste levende,Lijst van langste vrouwen,https://nl.wikipedia.org/wiki/Lijst_van_langste_vrouwen,,,
441,Records en vergelijkingen,Hoe lang is de langste levende vrouw in centimeters?,215,niet gevonden,langste levende vrouw,Lijst van langste vrouwen,https://nl.wikipedia.org/wiki/Lijst_van_langste_vrouwen,,,
442,Records en vergelijkingen,Hoe lang waren de langste vingernagels aan één hand in meters?,9,niet gevonden,waren langste,Lijst van langste rivieren ter wereld,https://nl.wikipedia.org/wiki/Lijst_van_langste_rivieren_ter_wereld,,,
443,Records en vergelijkingen,Hoe lang was de langste hond ooit in centimeters?,250,niet gevonden,langste hond ooit,Hond,https://nl.wikipedia.org/wiki/Hond,,,
444,Records en vergelijkingen,Hoe lang was de langste hotdog ooit in meters?,203,niet gevonden,,,,,,
445,Records en vergelijkingen,Hoe lang was de langste kat ooit in centimeters?,123,niet gevonden,,,,,,
446,Records en vergelijkingen,Hoe lang was de langste snoepstaaf ooit in kilometer?,1,niet gevonden,,,,,,
447,Records en vergelijkingen,Hoe oud werd de oudste hond volgens Guinness World Records in jaren?,29,afwijkend,Guinness World Records,Guinness World Records,https://en.wikipedia.org/wiki/Guinness_World_Records,"Guinness World Records (), known from its inception in 1955 until 1999 as The Guinness Book of Records and in previous United States editions as The Guinness Book of World Records, is a British reference book published annually, listing world records both of human achievements and the extremes of th",artikel noemt een ander getal bij dezelfde termen,
448,Records en vergelijkingen,Hoe zwaar was de grootste kaas ooit gemaakt in kilogram?,26000,niet gevonden,grootste kaas,Parmezaanse kaas,https://nl.wikipedia.org/wiki/Parmezaanse_kaas,,,
449,Records en vergelijkingen,Hoe zwaar was de zwaarste hond ooit in kilogram?,156,niet gevonden,,,,,,
450,Gebouwen en infrastructuur,Hoeveel kilogram weegt een gemiddeld stenen blok van de Piramide van Cheops?,2500,bevestigd,Piramide van Cheops,Piramide van Cheops,https://nl.wikipedia.org/wiki/Piramide_van_Cheops,"Kenmerken


Afmetingen
De piramide heeft een grondvlak van ongeveer 230 × 230 meter, was oorspronkelijk 146,59 meter hoog en bevat ongeveer 2,3 miljoen stenen met elk een gemiddeld gewicht van 2500 kilogram.",3 kernwoorden komen overeen,
451,Records en vergelijkingen,Hoeveel kilometer was de langste zwemtocht ooit?,500,niet gevonden,,,,,,
452,Records en vergelijkingen,Hoeveel marathons liep de persoon met het record voor de meeste marathons?,1000,niet gevonden,,,,,,
453,Records en vergelijkingen,Hoeveel mensen namen deel aan de grootste massale yogales?,100000,niet gevonden,mensen namen deel,Lijst van rijkste mensen ter wereld,https://nl.wikipedia.org/wiki/Lijst_van_rijkste_mensen_ter_wereld,,,
454,Records en vergelijkingen,Hoeveel piercings had de persoon met de meeste piercings ooit?,453,niet gevonden,,,,,,
455,Records en vergelijkingen,Hoeveel punten scoorde een team in de hoogste basketbalscore ooit?,186,niet gevonden,,,,,,
456,Records en vergelijkingen,Hoeveel uur duurde het langste videogame-marathonrecord?,135,niet gevonden,,,,,,
457,Records en vergelijkingen,Hoeveel voertuigen stonden er ongeveer in de langste file ooit?,12000,niet gevonden,voertuigen stonden,Lijst van landcodes voor voertuigen,https://nl.wikipedia.org/wiki/Lijst_van_landcodes_voor_voertuigen,,,
458,Sport,Wat is de capaciteit van het Narendra Modi Stadium in India?,132000,bevestigd,Narendra Modi Stadium,Narendra Modi Stadium,https://nl.wikipedia.org/wiki/Narendra_Modi_Stadium,Met een capaciteit van 132.000 zitplaatsen is het het grootste stadion ter wereld.,1 kernwoord komt overeen,
459,Reizen en toerisme,Hoeveel Disneyland-resorts bestaan er wereldwijd?,6,niet gevonden,Disneyland,Disneyland,https://en.wikipedia.org/wiki/Disneyland,,"getal wel gezien, maar te algemeen om bewijs te zijn",https://disneyparks.disney.go.com/
460,Scheikunde,Hoeveel atomen bevat één molecuul water?,3,niet gevonden,atomen molecuul water,Molecuul,https://nl.wikipedia.org/wiki/Molecuul,,"getal wel gezien, maar te algemeen om bewijs te zijn",https://pubchem.ncbi.nlm.nih.gov/compound/Water
461,Scheikunde,Hoeveel chemische elementen telt het huidige periodiek systeem?,118,bevestigd,chemische elementen huidige,Periodiek systeem,https://nl.wikipedia.org/wiki/Periodiek_systeem,Anno 2026 zijn de elementen met atoomnummer 1 (waterstof) tot en met 118 (oganesson) ontdekt of gesynthetiseerd.,1 kernwoord komt overeen,https://iupac.org/what-we-do/periodic-table-of-elements/
462,Scheikunde,Hoeveel elektronen deelt een enkelvoudige covalente binding?,2,niet gevonden,,,,,,https://openstax.org/books/chemistry-2e/pages/7-2-covalent-bonding
463,Scheikunde,"Hoeveel elektronen heeft een natriumion, Na⁺?",10,niet gevonden,,,,,,https://openstax.org/books/chemistry-2e/pages/2-3-atomic-structure-and-symbolism
464,Scheikunde,Hoeveel elementen bevat baking soda?,4,niet gevonden,,,,,,https://pubchem.ncbi.nlm.nih.gov/compound/Sodium-bicarbonate
465,Scheikunde,"Hoeveel elementen bevat keukenzout, natriumchloride?",2,niet gevonden,,,,,,https://pubchem.ncbi.nlm.nih.gov/compound/Sodium-chloride
466,Scheikunde,Hoeveel elementen bevat koolstofdioxide?,2,niet gevonden,,,,,,https://pubchem.ncbi.nlm.nih.gov/compound/Carbon-dioxide
467,Scheikunde,Hoeveel graden Celsius is het smeltpunt van aluminium ongeveer?,660,niet gevonden,Celsius,Celsius,https://nl.wikipedia.org/wiki/Celsius,,,https://www.rsc.org/periodic-table/element/13/aluminium
468,Scheikunde,Hoeveel graden Celsius is het smeltpunt van tin ongeveer?,232,niet gevonden,Celsius,Celsius,https://nl.wikipedia.org/wiki/Celsius,,,https://www.rsc.org/periodic-table/element/50/tin
469,Scheikunde,Hoeveel gram per kubieke centimeter is de dichtheid van water ongeveer?,1,bevestigd,gram kubieke centimeter,Gram (eenheid),https://nl.wikipedia.org/wiki/Gram_%28eenheid%29,Een kubieke centimeter water heeft een massa van 1 gram.,4 kernwoorden komen overeen,https://webbook.nist.gov/cgi/cbook.cgi?ID=C7732185
470,Scheikunde,Hoeveel groepen heeft het moderne periodiek systeem?,18,bevestigd,groepen moderne periodiek,Periodiek systeem,https://nl.wikipedia.org/wiki/Periodiek_systeem,"Zes van de achttien groepen hebben een groepsnaam; zo wordt groep 17 gevormd door de halogenen, terwijl groep 18 alle edelgassen omvat.",1 kernwoord komt overeen,https://iupac.org/what-we-do/periodic-table-of-elements/
471,Scheikunde,Hoeveel perioden heeft het moderne periodiek systeem?,7,niet gevonden,perioden moderne periodiek,Periodiek systeem,https://nl.wikipedia.org/wiki/Periodiek_systeem,,"getal wel gezien, maar te algemeen om bewijs te zijn",https://iupac.org/what-we-do/periodic-table-of-elements/
472,Scheikunde,Hoeveel procent azijnzuur bevat gewone huishoudazijn ongeveer?,5,niet gevonden,,,,,,https://www.ecfr.gov/current/title-21/chapter-I/subchapter-B/part-169
473,Scheikunde,Hoeveel protonen heeft een neutraal atoom van uranium?,92,niet gevonden,protonen neutraal atoom,Atoom,https://nl.wikipedia.org/wiki/Atoom,,,https://www.rsc.org/periodic-table/element/92/uranium
474,Scheikunde,Hoeveel protonen heeft een neutraal atoom van wolfraam?,74,niet gevonden,protonen neutraal atoom,Atoom,https://nl.wikipedia.org/wiki/Atoom,,,https://www.rsc.org/periodic-table/element/74/tungsten
475,Scheikunde,Wat is het atoomnummer van ijzer?,26,bevestigd,atoomnummer ijzer,IJzer (element),https://nl.wikipedia.org/wiki/IJzer_%28element%29,IJzer is een scheikundig element met symbool Fe (uit het Latijn: ferrum) en atoomnummer 26.,2 kernwoorden komen overeen,https://www.rsc.org/periodic-table/element/26/iron
476,Scheikunde,Welke pH-waarde heeft zuiver water bij kamertemperatuur ongeveer?,7,niet gevonden,,,,,,https://www.usgs.gov/special-topics/water-science-school/science/ph-and-water
477,Spellen en speelgoed,Hoeveel Algemeen Fonds-kaarten bevat een klassiek Monopoly-spel?,16,bevestigd,Monopoly,Monopoly,https://nl.wikipedia.org/wiki/Monopoly,In Nederlandse versies van het spel zijn de 16 Kanskaarten vaak blauw en de 16 Algemeen fonds-kaarten roze.,2 kernwoorden komen overeen,
478,Spellen en speelgoed,"Hoeveel Pokémon telt de eerste generatie, de Kanto Pokédex?",151,bevestigd,Kanto Pokédex,List of Pokémon,https://en.wikipedia.org/wiki/List_of_Pok%C3%A9mon,"Generation I with 151 Pokémon refers to Red, Green, Blue, and Yellow; generation II with 100 Pokémon refers to Gold, Silver, and Crystal; generation III with 135 Pokémon refers to Ruby, Sapphire, FireRed, LeafGreen, and Emerald; generation IV with 107 Pokémon refers to Diamond, Pearl, Platinum, Hear",1 kernwoord komt overeen,
479,Spellen en speelgoed,Hoeveel dorpen krijgt iedere speler bij de start van Catan?,5,bevestigd,Catan,Catan,https://nl.wikipedia.org/wiki/Catan,"De officiële regels zeggen dat dezelfde regel geldt in een spel voor 5-6 spelers, maar dat alle spelers aan het eind van iedere beurt mogen kopen wat ze maar willen (dorpen, steden, schepen, kaartjes) tijdens een tussentijdse bouwronde na iedere beurt (andere acties dan kopen zijn niet toegestaan).",2 kernwoorden komen overeen,
480,Spellen en speelgoed,Hoeveel genummerde scorevakken heeft een dartbord?,20,niet gevonden,,,,,,
481,Spellen en speelgoed,"Hoeveel genummerde vakjes heeft een Europees roulettewiel, inclusief 0?",37,niet gevonden,European,European Sleeper,https://nl.wikipedia.org/wiki/European_Sleeper,,,
482,Spellen en speelgoed,Hoeveel kaarten bevat een standaard UNO-deck?,112,niet gevonden,kaarten standaard,De Standaard,https://nl.wikipedia.org/wiki/De_Standaard,,,
483,Spellen en speelgoed,Hoeveel ontwikkelingskaarten zitten er in het basisspel van Catan?,25,bevestigd,Catan,Catan,https://nl.wikipedia.org/wiki/Catan,"Aan het begin van een spel voor 3 of 4 personen bestaat de stapel van 25 ontwikkelingskaarten uit: 14 x ridder, 5 x overwinningspunt, 2 x monopolie, 2 x stratenbouw en 2 x uitvinding.",1 kernwoord komt overeen,
484,Spellen en speelgoed,Hoeveel pionnen bevat een klassieke Monopoly-set volgens de moderne standaarduitvoering?,8,niet gevonden,Monopoly,Monopoly,https://nl.wikipedia.org/wiki/Monopoly,,"getal wel gezien, maar te algemeen om bewijs te zijn",
485,Spellen en speelgoed,Hoeveel pionnen gebruikt iedere speler bij Mens-erger-je-niet?,4,niet gevonden,,,,,,
486,Spellen en speelgoed,Hoeveel steden krijgt iedere speler bij de start van Catan?,4,bevestigd,Catan,Catan,https://nl.wikipedia.org/wiki/Catan,"Handelen met de bank
Bank (4:1): in zijn beurt, mag een speler 4 gelijke grondstoffen ruilen voor één naar keuze.",1 kernwoord komt overeen,
487,Spellen en speelgoed,Hoeveel stippen (inclusief de 4 grote power pellets) moet Pac-Man opeten om een level uit te spelen?,244,niet gevonden,Pac-Man,Pac-Man,https://nl.wikipedia.org/wiki/Pac-Man,,,
488,Spellen en speelgoed,Hoeveel stippen staan er in totaal op een standaard set van 28 dominostenen?,168,niet gevonden,,,,,,https://www.fidomino.org/
489,Spellen en speelgoed,"Hoeveel straten, stations en nutsbedrijven kun je kopen op een klassiek Monopoly-bord?",28,niet gevonden,Monopoly,Monopoly,https://nl.wikipedia.org/wiki/Monopoly,,,
490,Spellen en speelgoed,Hoeveel stukken heeft iedere speler bij de start van schaken?,16,niet gevonden,,,,,,https://handbook.fide.com/chapter/E012023
491,Spellen en speelgoed,Hoeveel vakjes heeft een standaard Mens-erger-je-niet-bord per spelerskleur?,40,niet gevonden,,,,,,
492,Spellen en speelgoed,Hoeveel vakjes telt het speelbord van Scrabble in totaal?,225,bevestigd,Scrabble,Scrabble,https://nl.wikipedia.org/wiki/Scrabble,"Spelmateriaal
Het spel wordt gespeeld op een bord bestaande uit 15 × 15 = 225 vakjes, waarbij 61 gekleurde vakjes (8 rode, 17 roze, 24 lichtblauwe en 12 donkerblauwe) een bijzonder karakter hebben.",1 kernwoord komt overeen,https://whc.unesco.org/en/list/430/
493,Spellen en speelgoed,Hoeveel vakken bevat een standaard Monopoly-bord in totaal?,40,niet gevonden,Monopoly,Monopoly,https://nl.wikipedia.org/wiki/Monopoly,,,
494,Spellen en speelgoed,Hoeveel wegen krijgt iedere speler bij de start van Catan?,15,bevestigd,Catan,Catan,https://nl.wikipedia.org/wiki/Catan,Elke speler heeft 15 straten tot zijn beschikking.,1 kernwoord komt overeen,
495,Sport,Hoeveel cilinders had de Honda RA168E Formule 1-motor uit 1988?,6,bevestigd,Honda RA168E Formula,Honda in Formula One,https://en.wikipedia.org/wiki/Honda_in_Formula_One,"For example, in 1987 as Williams had an existing contract, they were supplied with the latest 1.5-litre RA167E V6 engine, while Lotus were supplied with the 1986 RA166E engine which had to be adapted to a lower fuel limit and turbo boost restriction, thus limiting its effectiveness, though for the l",2 kernwoorden komen overeen,https://global.honda/en/heritage/episodes/1988f1engine/
496,Sport,Hoeveel meter is de afstand van de Olympische mannen-hordensprint?,110,niet gevonden,Olympische,Olympische Spelen,https://nl.wikipedia.org/wiki/Olympische_Spelen,,,https://worldathletics.org/about-iaaf/documents/book-of-rules
497,Sport,Hoeveel meter lang is een officiële atletiekbaan op de binnenbaan?,400,bevestigd,officiële atletiekbaan binnenbaan,Atletiekbaan,https://nl.wikipedia.org/wiki/Atletiekbaan,"Algemene opzet van een atletiekbaan
Een wedstrijdbaan heeft een lengte van 400 meter, het aantal banen van de rondbaan loopt van 4 tot 9.",1 kernwoord komt overeen,https://worldathletics.org/about-iaaf/documents/book-of-rules
498,Sport,Hoeveel minuten officiële speeltijd heeft een basketbalwedstrijd volgens de NBA-regels?,48,niet gevonden,,,,,,https://official.nba.com/rule-no-5-scoring-and-timing/
499,Sport,Hoeveel punten levert een safety op bij American football?,2,niet gevonden,American,American,https://nl.wikipedia.org/wiki/American,,,https://operations.nfl.com/the-rules/nfl-rulebook/
500,Sport,Hoeveel punten levert een vrije worp op bij basketbal?,1,niet gevonden,,,,,,https://www.fiba.basketball/official-basketball-rules
501,Sport,Hoeveel rode kaarten kreeg Zinedine Zidane in WK-finales?,1,bevestigd,Zinedine Zidane,Zinédine Zidane,https://nl.wikipedia.org/wiki/Zin%C3%A9dine_Zidane,"Het seizoen erna was Zidane weer een dragende factor voor de Bianconeri, en wist het wederom een landstitel te pakken en de Champions League finale te bereiken, ditmaal tegen Real Madrid (1-0 verlies).",1 kernwoord komt overeen,
502,Sport,Hoeveel spelers staan er per team op het veld bij handbal?,7,niet gevonden,spelers team,Team deathmatch,https://nl.wikipedia.org/wiki/Team_deathmatch,,,https://www.ihf.info/regulations-documents
503,Sport,Hoeveel spelers staan er per voetbalteam op het veld?,11,niet gevonden,,,,,,https://www.theifab.com/laws/latest/the-players/
504,Sport,Hoeveel spelers staan er tegelijk op het veld bij basketbal?,10,niet gevonden,,,,,,https://www.fiba.basketball/official-basketball-rules
505,Sport,Hoeveel spelers staan er tegelijk op het veld bij een honkbalwedstrijd?,18,niet gevonden,,,,,,https://www.mlb.com/official-information/official-rules
506,Sport,Hoeveel spelers telt een cricketteam op het veld?,11,niet gevonden,,,,,,
507,Sport,Hoeveel spelers telt een waterpoloteam in het water?,7,niet gevonden,,,,,,
508,Sterrenkunde & ruimte,Hoeveel Aardes passen er qua volume in de Zon?,1300000,niet gevonden,,,,,,https://whc.unesco.org/en/list/1631/
509,Sterrenkunde & ruimte,Hoeveel aardse dagen duurt een jaar op Jupiter ongeveer?,4333,niet gevonden,Jupiter,Jupiter (planeet),https://nl.wikipedia.org/wiki/Jupiter_%28planeet%29,,,https://science.nasa.gov/jupiter/facts/
510,Sterrenkunde & ruimte,Hoeveel aardse dagen duurt een jaar op Venus ongeveer?,225,afwijkend,aardse dagen venus,Venus (planeet),https://nl.wikipedia.org/wiki/Venus_%28planeet%29,"Een siderische dag op Venus is zelfs langer dan een Venusjaar, maar vanwege de beweging van de planeet om de Zon duurt een dag op het oppervlak (een synodische dag, de periode tussen twee zonsopkomsten) aanzienlijk korter: 116,75 aardse dagen.",artikel noemt een ander getal bij dezelfde termen,https://science.nasa.gov/venus/venus-facts/
511,Sterrenkunde & ruimte,Hoeveel aardse jaren duurt een jaar op Neptunus ongeveer?,165,niet gevonden,Neptunus,Neptunus (planeet),https://nl.wikipedia.org/wiki/Neptunus_%28planeet%29,,,https://science.nasa.gov/neptune/facts/
512,Sterrenkunde & ruimte,Hoeveel aardse uren duurt één volledige draai van Jupiter ongeveer?,10,bevestigd,Jupiter,Jupiter (planeet),https://nl.wikipedia.org/wiki/Jupiter_%28planeet%29,"Pioneer 10 en 11
Pioneer 10 was de eerste ruimtesonde naar Jupiter en werd op 3 maart 1972 gelanceerd.",1 kernwoord komt overeen,https://science.nasa.gov/jupiter/facts/
513,Sterrenkunde & ruimte,Hoeveel astronauten hebben er in de geschiedenis op de maan gelopen?,12,bevestigd,astronauten hebben,Lijst van astronauten op de Maan,https://nl.wikipedia.org/wiki/Lijst_van_astronauten_op_de_Maan,"Op de Maan geland
Neil Armstrong - Apollo 11 - juli 1969
Buzz Aldrin - Apollo 11 - juli 1969
Pete Conrad - Apollo 12 - november 1969
Alan Bean - Apollo 12 - november 1969
Alan Shepard - Apollo 14 - februari 1971
Edgar Mitchell - Apollo 14 - februari 1971
David Scott - Apollo 15 - juli 1971
James Irw",2 kernwoorden komen overeen,https://www.nasa.gov/mission_pages/apollo/missions/index.html
514,Sterrenkunde & ruimte,Hoeveel bekende manen heeft Saturnus volgens de gebruikte telling?,146,niet gevonden,Saturnus,Saturnus (planeet),https://nl.wikipedia.org/wiki/Saturnus_%28planeet%29,,,https://science.nasa.gov/saturn/moons/
515,Sterrenkunde & ruimte,Hoeveel bekende manen heeft de planeet Jupiter officieel?,95,afwijkend,Jupiter of,Jupiter (planeet),https://nl.wikipedia.org/wiki/Jupiter_%28planeet%29,"Galileo
Op 18 oktober 1989 werd vanaf Cape Canaveral de Galileo ruimtesonde gelanceerd om de manen van Jupiter en de planeet zelf te bestuderen.",artikel noemt een ander getal bij dezelfde termen,https://science.nasa.gov/jupiter/jupiter-moons/
516,Sterrenkunde & ruimte,Hoeveel bekende manen heeft de planeet Saturnus officieel?,146,afwijkend,bekende manen,Manen van Saturnus,https://nl.wikipedia.org/wiki/Manen_van_Saturnus,"De planeet Saturnus heeft 274 manen, waarvan de eerste in de 17e eeuw door Christiaan Huygens is waargenomen.",artikel noemt een ander getal bij dezelfde termen,https://science.nasa.gov/saturn/moons/
517,Sterrenkunde & ruimte,Hoeveel bemanningsleden had Apollo 11?,3,bevestigd,Apollo,Apollo,https://en.wikipedia.org/wiki/Apollo,"In the 2nd and 3rd century CE, those at Didyma and Claros pronounced the so-called ""theological oracles"", in which Apollo confirms that all deities are aspects or servants of an all-encompassing, highest deity.",1 kernwoord komt overeen,https://www.nasa.gov/mission/apollo-11/
518,Sterrenkunde & ruimte,Hoeveel hoofdringen heeft Saturnus volgens de NASA-indeling?,7,niet gevonden,Saturnus,Saturnus (planeet),https://nl.wikipedia.org/wiki/Saturnus_%28planeet%29,,"getal wel gezien, maar te algemeen om bewijs te zijn",https://science.nasa.gov/saturn/facts/
519,Sterrenkunde & ruimte,Hoeveel ijsreuzen telt ons zonnestelsel?,2,niet gevonden,,,,,,https://science.nasa.gov/solar-system/planets/
520,Sterrenkunde & ruimte,Hoeveel kilometer elektrische bekabeling zit er aan boord van het ISS?,13,niet gevonden,,,,,,https://www.christies.com/en/stories/leonardo-and-post-war-results-new-york-ad70dd5889e64989a76c94e4358c760d
521,Sterrenkunde & ruimte,Hoeveel kilometer is de gemiddelde afstand van Mars tot de zon?,228000000,niet gevonden,Mars,Mars,https://nl.wikipedia.org/wiki/Mars,,,https://science.nasa.gov/mars/facts/
522,Sterrenkunde & ruimte,Hoeveel kilometer is de gemiddelde afstand van Neptunus tot de zon?,4500000000,niet gevonden,Neptunus,Neptunus (planeet),https://nl.wikipedia.org/wiki/Neptunus_%28planeet%29,,,https://science.nasa.gov/neptune/facts/
523,Sterrenkunde & ruimte,Hoeveel kilometer per uur kunnen de sterkste winden op Neptunus ongeveer bereiken?,2100,bevestigd,Neptunus,Neptunus (planeet),https://nl.wikipedia.org/wiki/Neptunus_%28planeet%29,"Neptunus heeft de sterkste wind van elke planeet in het zonnestelsel, tot wel 2100 km/h.",2 kernwoorden komen overeen,https://science.nasa.gov/neptune/facts/
524,Sterrenkunde & ruimte,Hoeveel mannen liepen tijdens Apollo 11 op de maan?,2,bevestigd,Apollo,Apollo,https://en.wikipedia.org/wiki/Apollo,"In the 2nd and 3rd century CE, those at Didyma and Claros pronounced the so-called ""theological oracles"", in which Apollo confirms that all deities are aspects or servants of an all-encompassing, highest deity.",1 kernwoord komt overeen,https://www.nasa.gov/mission/apollo-11/
525,Sterrenkunde & ruimte,"Hoeveel miljard kilometer legt licht af in één lichtjaar, afgerond?",9460,niet gevonden,,,,,,https://whc.unesco.org/en/list/430/
526,Sterrenkunde & ruimte,Hoeveel officiële ringen heeft Uranus?,13,bevestigd,Uranus,Uranus (planeet),https://nl.wikipedia.org/wiki/Uranus_%28planeet%29,De officiële ontdekking staat op naam van William Herschel die op 13 maart 1781 het object als planeet kwalificeerde.,1 kernwoord komt overeen,https://science.nasa.gov/uranus/facts/
527,Sterrenkunde & ruimte,Hoeveel planeten in ons zonnestelsel hebben ringen?,4,bevestigd,planeten zonnestelsel hebben,Zonnestelsel,https://nl.wikipedia.org/wiki/Zonnestelsel,"Ontstaan

Het zonnestelsel ontstond ongeveer 4,5 miljard jaar geleden, toen een interstellaire gaswolk door onbekende oorzaak actief werd en door zijn eigen gewicht begon te krimpen en steeds sneller rond te draaien, waarna in het midden van deze gaswolk de Zon ontstond.",1 kernwoord komt overeen,https://science.nasa.gov/solar-system/planets/
528,Sterrenkunde & ruimte,Hoeveel planeten staan dichter bij de zon dan de aarde?,2,niet gevonden,Earth,Earth,https://nl.wikipedia.org/wiki/Earth,,,https://science.nasa.gov/solar-system/planets/
529,Sterrenkunde & ruimte,Hoeveel planeten werden bezocht door het Voyager-programma?,4,niet gevonden,Voyager,Voyager 1,https://nl.wikipedia.org/wiki/Voyager_1,,"getal wel gezien, maar te algemeen om bewijs te zijn",https://science.nasa.gov/mission/voyager/
530,Sterrenkunde & ruimte,Hoeveel uren duurde de historische Apollo 11-missie naar de maan?,195,niet gevonden,Apollo,Apollo 11,https://nl.wikipedia.org/wiki/Apollo_11,,,https://www.nasa.gov/mission/apollo-11/
531,Sterrenkunde & ruimte,In welk jaar werd de eerste foto van een zwart gat gepubliceerd?,2019,bevestigd,eerste foto zwart,Zwart gat,https://nl.wikipedia.org/wiki/Zwart_gat,"Op 10 april 2019 werd bekend dat astronomen er met behulp van de Event Horizon Telescope (EHT), een virtuele radiotelescoop zo groot als de Aarde, voor het eerst in geslaagd waren om een echte foto te maken van een zwart gat.",2 kernwoorden komen overeen,https://eventhorizontelescope.org/press-release/april-10-2019-first-ever-image-black-hole
532,Sterrenkunde & ruimte,In welk jaar werd de eerste kunstmatige satelliet gelanceerd?,1957,bevestigd,eerste kunstmatige satelliet,Satelliet (kunstmatig),https://nl.wikipedia.org/wiki/Satelliet_%28kunstmatig%29,"Historie en heden
De eerste satelliet die in een baan om de aarde werd gebracht, is de Spoetnik 1 van de Sovjet-Unie op 4 oktober 1957.",2 kernwoorden komen overeen,https://www.nasa.gov/history/sputnik/
533,Sterrenkunde & ruimte,In welk jaar werd de eerste mens in de ruimte gelanceerd?,1961,niet gevonden,eerste mens,Eerste Divisie,https://en.wikipedia.org/wiki/Eerste_Divisie,,,https://www.nasa.gov/mission/vostok-1/
534,Sterrenkunde & ruimte,Op hoeveel kilometer hoogte boven de aarde draait het ISS gemiddeld?,400,bevestigd,hoogte boven aarde,Aarde (planeet),https://nl.wikipedia.org/wiki/Aarde_%28planeet%29,"Hoewel de diameter van de zon ongeveer 400 keer zo groot is als die van de maan, hebben zon en maan vanaf de Aarde gezien ongeveer dezelfde schijnbare diameter aan de hemel.",1 kernwoord komt overeen,https://www.nasa.gov/mission_pages/station/main/index.html
535,Sterrenkunde & ruimte,Wat is de gemiddelde afstand van de aarde tot de maan?,384400,getal gezien,Earth,Earth,https://en.wikipedia.org/wiki/Earth,"Earth is orbited by one permanent natural satellite, the Moon, which orbits Earth at 384,400 km (238,855 mi)—1.28 light seconds—and is roughly a quarter as wide as Earth.","het getal staat er wel, maar niet in een herkenbare zin",https://science.nasa.gov/moon/facts/
536,Sterrenkunde & ruimte,Wat is de gemiddelde afstand van de aarde tot de zon?,150000000,niet gevonden,Earth,Earth,https://nl.wikipedia.org/wiki/Earth,,,https://science.nasa.gov/sun/facts/
537,Taal,Hoeveel cijfers heeft een standaard ISBN-13?,13,niet gevonden,ISBN-13,Internationaal Standaard Boeknummer,https://nl.wikipedia.org/wiki/Internationaal_Standaard_Boeknummer,,,https://www.isbn-international.org/content/isbn-users-manual
538,Taal,Hoeveel letters bevat de domeinnaam-extensie .com?,3,niet gevonden,,,,,,https://www.icann.org/resources/pages/tlds-2012-02-25-en
539,Taal,Hoeveel letters had het klassieke Latijnse alfabet?,23,niet gevonden,Latin,Latin,https://nl.wikipedia.org/wiki/Latin,,,https://www.britannica.com/topic/Latin-language
540,Taal,Hoeveel letters had het oorspronkelijke Morsealfabet ongeveer?,26,niet gevonden,,,,,,https://www.itu.int/en/ITU-R/terrestrial/fmd/Pages/morse.aspx
541,Taal,Hoeveel letters heeft het Arabische alfabet?,28,bevestigd,letters arabische alfabet,Arabisch alfabet,https://nl.wikipedia.org/wiki/Arabisch_alfabet,"Het Arabische alfabet (Arabisch: الأبجدية العربية, al-abdjadiyya al-ʿarabiyya) is een Arabisch schrift dat bestaat uit 28 letters.",3 kernwoorden komen overeen,https://www.britannica.com/topic/Arabic-alphabet
542,Taal,Hoeveel letters heeft het Georgische alfabet?,33,bevestigd,letters georgische alfabet,Georgisch alfabet,https://nl.wikipedia.org/wiki/Georgisch_alfabet,"Het Mingreels wordt geschreven met 36 letters: dezelfde 33 die het Georgisch gebruikt, één letter die het Georgisch niet meer gebruikt en twee taalspecifieke letters.",1 kernwoord komt overeen,https://www.britannica.com/topic/Georgian-language
543,Taal,Hoeveel letters heeft het Russische alfabet?,33,niet gevonden,Russian,White Russian,https://nl.wikipedia.org/wiki/White_Russian,,,https://www.britannica.com/topic/Cyrillic-alphabet
544,Taal,Hoeveel letters telt het officiële Hawaiiaanse alfabet?,13,niet gevonden,Hawaiian,Hawaiian Airlines,https://nl.wikipedia.org/wiki/Hawaiian_Airlines,,,
545,Taal,Hoeveel medeklinkerletters heeft het Thaise alfabet?,44,niet gevonden,Thai,Thai Airways International,https://nl.wikipedia.org/wiki/Thai_Airways_International,,,https://www.britannica.com/topic/Thai-language
546,Technologie,Hoeveel duizend zoekopdrachten verwerkt Google wereldwijd per seconde?,99,niet gevonden,Google,Google LLC,https://nl.wikipedia.org/wiki/Google_LLC,,,
547,Technologie,Hoeveel pixels breed is een standaard 4K Ultra HD videoscherm?,3840,niet gevonden,,,,,,https://shop.cta.tech/products/consumer-technology-4k-ultra-high-definition-television
548,Technologie,Hoeveel toetsen heeft een standaard computertoetsenbord ongeveer?,104,niet gevonden,,,,,,https://support.microsoft.com/windows/keyboard-shortcuts-in-windows
549,Technologie,Hoeveel uren aan videomateriaal wordt er wereldwijd elke minuut geüpload naar YouTube?,500,bevestigd,YouTube,YouTube,https://en.wikipedia.org/wiki/YouTube,"YouTube Movies & TV
YouTube Movies & TV is a video on demand (VOD) service that offers movies and television shows for purchase or rental, depending on availability, along with a selection of movies (encompassing between 100 and 500 titles overall) that are free to stream, with interspersed ad break",1 kernwoord komt overeen,https://blog.youtube/press/
550,Technologie,Hoeveel watt laadt een standaard iPhone snellader?,20,niet gevonden,,,,,,
551,Wiskunde,Hoeveel zijden heeft een hexagoon?,6,niet gevonden,,,,,,https://www.cisco.com/c/en/us/products/collateral/switches/what-is-the-osi-model.html
552,Technologie,In welk jaar werd Microsoft Excel voor het eerst uitgebracht?,1985,bevestigd,Microsoft Excel,Microsoft Excel,https://nl.wikipedia.org/wiki/Microsoft_Excel,"Microsoft had in 1982 reeds een rekenblad, MultiPlan, op de markt, maar dat programma brak nooit echt door en werd in 1985 door Excel vervangen.",2 kernwoorden komen overeen,https://support.microsoft.com/en-us/office/a-history-of-microsoft-excel
553,Technologie,In welk jaar werd de eerste Android-telefoon uitgebracht?,2008,bevestigd,Android,Android (besturingssysteem),https://nl.wikipedia.org/wiki/Android_%28besturingssysteem%29,"In augustus 2008 heeft de Nederlander Eric Wijngaard de eerste prijs gewonnen met het programma PicSay, waarmee het mogelijk werd foto's op een Androidapparaat te bewerken.",1 kernwoord komt overeen,https://www.android.com/history/
554,Technologie,In welk jaar werd de eerste PlayStation uitgebracht?,1994,bevestigd,PlayStation,PlayStation,https://en.wikipedia.org/wiki/PlayStation,"The brainchild of Sony executive Ken Kutaragi, the brand began with the first PlayStation home console released in Japan in 1994 and worldwide the following year, which became the first console of any type to ship over 100 million units, which made PlayStation a globally recognized brand.",1 kernwoord komt overeen,https://www.playstation.com/en-us/corporate/about/
555,Technologie,In welk jaar werd de eerste barcode in een winkel gescand?,1974,niet gevonden,,,,,,https://www.gs1.org/about-gs1/history
556,Technologie,In welk jaar werd de eerste camera uitgevonden?,1816,niet gevonden,eerste camera,Camera,https://nl.wikipedia.org/wiki/Camera,,,https://www.britannica.com/technology/photography
557,Technologie,In welk jaar werd de eerste commerciële cd uitgebracht?,1982,niet gevonden,,,,,,https://www.philips.com/a-w/about/news/archive/standard/news/articles/2022/20220817-40-years-of-the-cd.html
558,Technologie,In welk jaar werd de eerste commerciële harde schijf geïntroduceerd?,1956,niet gevonden,,,,,,https://www.ibm.com/history/350-ramac
559,Technologie,In welk jaar werd de eerste iPhone uitgebracht?,2007,bevestigd,eerste iphone uitgebracht,IPhone,https://nl.wikipedia.org/wiki/IPhone,"Sinds de introductie in 2007 zijn er in totaal 22 series van de iPhone verschenen, waarbij de meeste series verschillende modellen bevatten.",1 kernwoord komt overeen,https://www.apple.com/newsroom/2007/01/iphone/
560,Technologie,In welk jaar werd de eerste radio-uitzending gemaakt?,1906,niet gevonden,,,,,,https://www.britannica.com/technology/radio
561,Technologie,In welk jaar werd de eerste sms verstuurd?,1992,niet gevonden,,,,,,https://www.vodafone.com/news/corporate-and-financial/30-years-of-sms
562,Geografie,Hoeveel landen delen het eiland Timor?,2,bevestigd,Timor,Timor,https://en.wikipedia.org/wiki/Timor,"The Indonesian part, known as West Timor, is inhabited by around 2 million people and constitutes part of the province of East Nusa Tenggara.",1 kernwoord komt overeen,https://www.britannica.com/place/Timor
563,Geografie,Hoeveel landen grenzen aan Brazilië?,10,bevestigd,Brazilië,Brazilië,https://nl.wikipedia.org/wiki/Brazili%C3%AB,"Geschiedenis

Al minstens 10.000 jaar voor Christus waren het Amazonebekken, het Paranábekken, het São Franciscobekken en de kustgebieden van Brazilië bewoond door indianen.",1 kernwoord komt overeen,https://www.britannica.com/place/Brazil
564,Geografie,Hoeveel landen grenzen aan China?,14,bevestigd,China,China,https://en.wikipedia.org/wiki/China,"China borders 14 nations, with a combined land border length of 22,117 km (13,743 mi).",1 kernwoord komt overeen,https://www.britannica.com/place/China
565,Geografie,Hoeveel landen liggen op het Iberisch Schiereiland?,3,niet gevonden,Iberisch Schiereiland,Iberisch Schiereiland,https://nl.wikipedia.org/wiki/Iberisch_Schiereiland,,,https://www.britannica.com/place/Iberian-Peninsula
566,Geografie,Hoeveel landen vormen Centraal-Amerika?,7,niet gevonden,Centraal-Amerika,Centraal-Amerika,https://nl.wikipedia.org/wiki/Centraal-Amerika,,"getal wel gezien, maar te algemeen om bewijs te zijn",https://www.britannica.com/place/Central-America
567,Geografie,Hoeveel landen worden door de evenaar doorkruist?,13,niet gevonden,landen worden evenaar,Evenaar,https://nl.wikipedia.org/wiki/Evenaar,,,https://www.britannica.com/place/Equator
568,Geografie,Hoeveel staten telt Mexico?,31,bevestigd,Mexico,Mexico (land),https://nl.wikipedia.org/wiki/Mexico_%28land%29,Mexico is een federale republiek bestaande uit 31 staten en Mexico-Stad.,2 kernwoorden komen overeen,
569,Gebouwen en infrastructuur,Hoeveel hoofdkabels dragen de Golden Gate Bridge?,2,bevestigd,Golden Gate Bridge,Golden Gate Bridge,https://en.wikipedia.org/wiki/Golden_Gate_Bridge,"Although there had been discussion concerning the installation of a movable barrier since the 1980s, only in March 2005 did the Bridge Board of Directors commit to finding funding to complete the $2 million study required prior to the installation of a movable median barrier.",1 kernwoord komt overeen,https://www.goldengate.org/bridge/bridge-overview/bridge-physical-facts/
570,Gebouwen en infrastructuur,Hoeveel kilometer lang is de Kanaaltunnel?,50,niet gevonden,Kanaaltunnel,Kanaaltunnel,https://nl.wikipedia.org/wiki/Kanaaltunnel,,"getal wel gezien, maar te algemeen om bewijs te zijn",https://www.getlinkgroup.com/en/our-business/channel-tunnel/
571,Gebouwen en infrastructuur,Hoeveel kilometer lang is het Suezkanaal?,193,bevestigd,Suezkanaal,Suezkanaal,https://nl.wikipedia.org/wiki/Suezkanaal,"Het Suezkanaal (Arabisch: قناة السويس Qanâ el Suweis) is een 193 km lang kanaal in de Landengte van Suez in Egypte, officieel geopend in 1869.",1 kernwoord komt overeen,https://www.suezcanal.gov.eg/English/About/Pages/AboutSuezCanal.aspx
572,Vervoer,Hoeveel kilometer per uur rijdt een hogesnelheidstrein zoals de TGV maximaal in reguliere dienst?,320,niet gevonden,rijdt hogesnelheidstrein zoals,Hogesnelheidstrein,https://nl.wikipedia.org/wiki/Hogesnelheidstrein,,"getal wel gezien, maar te algemeen om bewijs te zijn",https://www.sncf.com/en/group/profile-and-key-figures
573,Vervoer,Hoeveel lijnen heeft de metro van Londen volgens de klassieke Underground-indeling?,11,niet gevonden,Londen,Londen,https://nl.wikipedia.org/wiki/Londen,,"getal wel gezien, maar te algemeen om bewijs te zijn",https://tfl.gov.uk/corporate/about-tfl/what-we-do/london-underground
574,Vervoer,Hoeveel meter lang is een Airbus A380 ongeveer?,73,niet gevonden,Airbus A380,Airbus A380,https://nl.wikipedia.org/wiki/Airbus_A380,,,https://www.airbus.com/en/products-services/commercial-aircraft/passenger-aircraft/a380
575,Vervoer,Hoeveel metrolijnen heeft de New York City Subway?,36,bevestigd,New York City Subway,New York (stad),https://nl.wikipedia.org/wiki/New_York_%28stad%29,Tegenwoordig is 36% van de bevolking van New York geboren buiten de Verenigde Staten.,1 kernwoord komt overeen,https://new.mta.info/agency/new-york-city-transit/subway-bus-ridership-2024
576,Vervoer,Hoeveel metrolijnen heeft de Parijse metro?,16,bevestigd,metrolijnen parijse metro,Metro van Parijs,https://nl.wikipedia.org/wiki/Metro_van_Parijs,"De lijnen 14 en 15 zullen metrolijnen met een grote vervoerscapaciteit zijn (met lange perrons), terwijl de lijnen 16, 17 en 18 goedkoper uitgevoerd zullen worden met kortere perrons.",1 kernwoord komt overeen,https://www.ratp.fr/en/discover
577,Vervoer,Hoeveel motoren heeft een Airbus A380?,4,bevestigd,Airbus A380,Airbus A380,https://nl.wikipedia.org/wiki/Airbus_A380,"Incidenten
4 november 2010: Er deed zich bij een A380 van Qantas, tijdens QF32, kort na het opstijgen van de luchthaven van Singapore een uncontained engine failure voor, waarbij er delen van de motor afvielen.",1 kernwoord komt overeen,https://www.airbus.com/en/products-services/commercial-aircraft/passenger-aircraft/a380
578,Vervoer,Hoeveel passagiersterminals heeft Heathrow?,4,bevestigd,Heathrow,London Heathrow Airport,https://nl.wikipedia.org/wiki/London_Heathrow_Airport,"De drie stations van Heathrow zijn Heathrow Terminals 2 & 3, Heathrow Terminal 4 en Heathrow Terminal 5.",1 kernwoord komt overeen,
579,Vervoer,Hoeveel start- en landingsbanen heeft Heathrow?,2,bevestigd,Heathrow,London Heathrow Airport,https://nl.wikipedia.org/wiki/London_Heathrow_Airport,"De drie stations van Heathrow zijn Heathrow Terminals 2 & 3, Heathrow Terminal 4 en Heathrow Terminal 5.",1 kernwoord komt overeen,
580,Vervoer,Hoeveel stations heeft de New York City Subway?,472,bevestigd,New York City Subway,New York City Subway,https://en.wikipedia.org/wiki/New_York_City_Subway,"Opened on October 27, 1904, the New York City Subway is one of the world's oldest public transit systems, and the one with the most stations, with 423 stations in operation (472, if stations connected by transfers are counted multiple times).",4 kernwoorden komen overeen,https://new.mta.info/agency/new-york-city-transit/subway-bus-ridership-2024
581,Vervoer,Hoeveel terminals heeft Schiphol als hoofdterminalgebouw?,1,bevestigd,Schiphol,Luchthaven Schiphol,https://nl.wikipedia.org/wiki/Luchthaven_Schiphol,Op 1 april 1926 werd Schiphol gekocht door de gemeente Amsterdam.,1 kernwoord komt overeen,
582,Vervoer,Hoeveel vleugels heeft een passagiersvliegtuig?,2,niet gevonden,,,,,,https://www.faa.gov/regulations_policies/handbooks_manuals/aviation/phak
583,Vervoer,Hoeveel wagons heeft een Eurostar-trein meestal in een volledige standaardtrein?,16,niet gevonden,Eurostar,Eurostar,https://nl.wikipedia.org/wiki/Eurostar,,,https://www.eurostar.com/rw-en/about-eurostar/company
584,Vervoer,Hoeveel wielen heeft een Boeing 747 volgens de standaardconfiguratie?,18,bevestigd,Boeing,Boeing,https://nl.wikipedia.org/wiki/Boeing,De totale kosten met betrekking tot de 737 MAX zijn opgelopen tot US$ 18 miljard voor Boeing.,1 kernwoord komt overeen,https://www.boeing.com/commercial/747
585,Vervoer,Hoeveel wielen heeft een Formule 1-auto?,4,niet gevonden,Formule,Formule,https://nl.wikipedia.org/wiki/Formule,,,https://www.fia.com/regulation/category/110
586,Vervoer,Hoeveel wielen heeft een motorfiets?,2,bevestigd,wielen motorfiets,Motorfiets,https://nl.wikipedia.org/wiki/Motorfiets,"Dit gaat echter slechts op wanneer hetzelfde RVV ook over motorfietsen spreekt, zoals in artikel 2.2 (De regels van dit besluit betreffende voetgangers zijn voorts mede van toepassing op personen die te voet een motorfiets, bromfiets of fiets aan de hand meevoeren.), artikel 60 lid 1 (De bestuurder ",1 kernwoord komt overeen,https://www.britannica.com/technology/motorcycle
587,Vervoer,Hoeveel wielen heeft een standaard fiets?,2,bevestigd,wielen standaard fiets,Fiets,https://nl.wikipedia.org/wiki/Fiets,"De fiets heeft een relatief lage ecologische voetafdruk, levert veel minder vervuiling op zoals CO2-uitstoot en het ruimtegebruik is veel lager dan van de auto.",1 kernwoord komt overeen,https://www.britannica.com/technology/bicycle
588,Vervoer,Hoeveel wielen heeft een tuk-tuk meestal?,3,niet gevonden,,,,,,https://www.britannica.com/technology/auto-rickshaw
589,Vervoer,In welk jaar reed de eerste auto met een verbrandingsmotor?,1886,niet gevonden,reed eerste auto,Grand Theft Auto (computerspelserie),https://nl.wikipedia.org/wiki/Grand_Theft_Auto_%28computerspelserie%29,,,https://www.britannica.com/technology/automobile
590,Vervoer,In welk jaar voer de eerste moderne onderzeeër succesvol?,1800,niet gevonden,,,,,,https://www.britannica.com/technology/submarine-naval-vessel
591,Vervoer,In welk jaar voer de eerste nucleaire onderzeeër uit?,1955,niet gevonden,,,,,,https://www.history.navy.mil/research/histories/ship-histories/danfs/n/nssn-571.html
592,Vervoer,In welk jaar werd de eerste trans-Atlantische vlucht voltooid?,1919,bevestigd,Atlantische,Atlantische Oceaan,https://nl.wikipedia.org/wiki/Atlantische_Oceaan,De eerste non-stop overtocht met een vliegtuig vond plaats op 14 juni 1919 toen John Alcock en Arthur Whitten Brown in een Vickers Vimy bommenwerper van Newfoundland naar Ierland vlogen.,1 kernwoord komt overeen,https://www.britannica.com/technology/airplane
593,Vervoer,In welk jaar werd de eerste vlucht rond de wereld voltooid?,1924,bevestigd,eerste vlucht,Eerste KLM vlucht naar Nederlands-Indië,https://nl.wikipedia.org/wiki/Eerste_KLM_vlucht_naar_Nederlands-Indi%C3%AB,"Op 24 november 1924 werd met de H-NACC, een Fokker F.VII-vliegtuig van de KLM, de eerste KLM vlucht naar Nederlands-Indië  (van de Schiphol naar Batavia) volbracht.",2 kernwoorden komen overeen,https://www.britannica.com/technology/airplane
594,Wiskunde,Hoeveel deelverzamelingen heeft een verzameling met acht elementen?,256,niet gevonden,,,,,,https://www.britannica.com/science/set-theory
595,Wiskunde,Hoeveel graden is elke binnenhoek van een regelmatige vijfhoek?,108,niet gevonden,,,,,,
596,Wiskunde,Hoeveel mogelijke worpen zijn er met drie gewone dobbelstenen?,216,niet gevonden,,,,,,https://www.britannica.com/science/combinatorics
597,Wiskunde,Hoeveel planeten in ons zonnestelsel zijn gasreuzen?,4,bevestigd,planeten zonnestelsel,Zonnestelsel,https://nl.wikipedia.org/wiki/Zonnestelsel,"Ontstaan

Het zonnestelsel ontstond ongeveer 4,5 miljard jaar geleden, toen een interstellaire gaswolk door onbekende oorzaak actief werd en door zijn eigen gewicht begon te krimpen en steeds sneller rond te draaien, waarna in het midden van deze gaswolk de Zon ontstond.",1 kernwoord komt overeen,https://en.wikipedia.org/wiki/Square_number
598,Wiskunde,Hoeveel verschillende uitkomsten heeft het gooien met twee gewone dobbelstenen?,11,niet gevonden,,,,,,https://www.britannica.com/science/probability-theory
599,Wiskunde,Hoeveel zijden heeft een icosaeder?,20,niet gevonden,,,,,,
600,Wiskunde,Hoeveel zijden heeft een octagoon?,8,niet gevonden,,,,,,https://www.eia.gov/tools/faqs/faq.php?id=327&t=6
601,Biologie & gezondheid,Hoeveel basissmaken worden in de moderne smaakleer onderscheiden?,5,niet gevonden,,,,,,
602,Biologie & gezondheid,Hoeveel biljoen bacteriën leven er naar schatting in en op het menselijk lichaam?,38,niet gevonden,,,,,,https://whc.unesco.org/en/list/1321/
603,Biologie & gezondheid,Hoeveel botten zitten er in één menselijke voet en enkel?,26,niet gevonden,,,,,,https://my.clevelandclinic.org/health/body/24493-foot-anatomy
604,Biologie & gezondheid,Hoeveel duizend keer klopt een mensenhart per dag (bij rust)?,100,niet gevonden,,,,,,https://www.heart.org/en/healthy-living/fitness/fitness-basics/target-heart-rates
605,Biologie & gezondheid,Hoeveel liter bloed pompt een mensenhart gemiddeld per dag rond?,7500,niet gevonden,liter bloed,Bloed,https://nl.wikipedia.org/wiki/Bloed,,,https://mathworld.wolfram.com/PolygonDiagonal.html
606,Biologie & gezondheid,Hoeveel liter bloed stroomt er ongeveer door een volwassen lichaam?,5,bevestigd,liter bloed stroomt,Bloed,https://nl.wikipedia.org/wiki/Bloed,"Mens
Een volwassen man heeft gemiddeld 5 tot 6 liter bloed, bij een volwassen vrouw is dat 4 tot 5 liter.",3 kernwoorden komen overeen,https://www.redcrossblood.org/local-homepage/news/article/blood-facts-and-statistics.html
607,Biologie & gezondheid,Hoeveel liter zuurstof ademt een mens gemiddeld per dag in?,550,niet gevonden,,,,,,https://whc.unesco.org/en/list/1187/
608,Biologie & gezondheid,Hoeveel paar hersenzenuwen heeft een mens?,12,niet gevonden,,,,,,https://www.ncbi.nlm.nih.gov/books/NBK470353/
609,Biologie & gezondheid,Hoeveel procent van het menselijk lichaam bestaat ongeveer uit water?,60,niet gevonden,menselijk lichaam bestaat,Menselijk lichaam,https://nl.wikipedia.org/wiki/Menselijk_lichaam,,,https://www.usgs.gov/special-topics/water-science-school/science/water-you-water-and-human-body
610,Biologie & gezondheid,Hoeveel ribben heeft een menselijk lichaam in totaal?,24,niet gevonden,,,,,,https://health.clevelandclinic.org/how-many-ribs-do-humans-have
611,Biologie & gezondheid,Hoeveel spieren heeft het menselijk lichaam ongeveer?,600,niet gevonden,spieren menselijk lichaam,Menselijk lichaam,https://nl.wikipedia.org/wiki/Menselijk_lichaam,,,https://my.clevelandclinic.org/health/body/21887-muscular-system
612,Biologie & gezondheid,Hoeveel vierkante centimeter is de totale oppervlakte van je huid?,18000,niet gevonden,vierkante centimeter,Vierkante meter,https://nl.wikipedia.org/wiki/Vierkante_meter,,,https://whc.unesco.org/en/list/1321/
613,Biologie & gezondheid,In welk jaar werd de eerste bloedtransfusie met succes uitgevoerd?,1818,niet gevonden,,,,,,https://www.britannica.com/science/blood-transfusion
614,Biologie & gezondheid,In welk jaar werd de eerste röntgenfoto gemaakt?,1895,getal gezien,X-ray,X-ray,https://en.wikipedia.org/wiki/X-ray,"X-rays were discovered in 1895 by the German scientist Wilhelm Conrad Röntgen, who named it X-radiation to signify an unknown type of radiation.","het getal staat er wel, maar niet in een herkenbare zin",https://www.nobelprize.org/prizes/physics/1901/roentgen/facts/
615,Biologie & gezondheid,In welk jaar werd penicilline ontdekt?,1928,bevestigd,penicilline ontdekt,Penicilline,https://nl.wikipedia.org/wiki/Penicilline,Penicilline is een antibacteriële stof die in 1928 herontdekt werd door de Schotse arts-bacterioloog Alexander Fleming.,1 kernwoord komt overeen,https://www.nobelprize.org/prizes/medicine/1945/fleming/facts/
616,Biologie & gezondheid,Uit hoeveel verschillende basen bestaat DNA?,4,niet gevonden,,,,,,NHGRI — DNA Fact Sheet
617,Boeken en literatuur,Hoeveel boeken bevat Homerus’ Odyssee?,24,bevestigd,Homerus’ Odyssee,Odyssee,https://nl.wikipedia.org/wiki/Odyssee,"12.000 versregels zijn ingedeeld in 24 boeken, genummerd met Griekse kleine letters α (alpha) t/m ω (omega).",1 kernwoord komt overeen,https://www.britannica.com/topic/Odyssey-epic
618,Boeken en literatuur,Hoeveel boeken bevat de Griekse eposreeks Ilias?,24,bevestigd,Ilias,Ilias,https://nl.wikipedia.org/wiki/Ilias,De Ilias is onderverdeeld in 24 boeken die genummerd zijn volgens de letters van het Griekse alfabet van Alfa tot Omega (hoofdletters).,3 kernwoorden komen overeen,https://www.britannica.com/topic/Iliad
619,Boeken en literatuur,Hoeveel boeken bevat de Hebreeuwse Bijbel volgens de joodse indeling?,24,niet gevonden,Hebreeuwse Bijbel,Hebreeuwse Bijbel,https://nl.wikipedia.org/wiki/Hebreeuwse_Bijbel,,,https://www.britannica.com/topic/Hebrew-Bible
620,Boeken en literatuur,Hoeveel boeken bevat de katholieke Bijbel?,73,niet gevonden,Bijbel,Bijbel (christendom),https://nl.wikipedia.org/wiki/Bijbel_%28christendom%29,,,https://www.britannica.com/topic/biblical-canon
621,Boeken en literatuur,Hoeveel delen telt de Don Quichot in de volledige moderne editie?,2,bevestigd,Don Quichot,Don Quichot (boek),https://nl.wikipedia.org/wiki/Don_Quichot_%28boek%29,"Opera2Day: De vernuftige edelman Don Quichot van La Mancha, avontuurlijke opera uit 2023.",1 kernwoord komt overeen,
622,Boeken en literatuur,Hoeveel delen telt de Harry Potter serie in totaal?,7,afwijkend,delen harry potter,Harry Potter (boekenreeks),https://nl.wikipedia.org/wiki/Harry_Potter_%28boekenreeks%29,"Sinds de publicatie van het eerste boek, Harry Potter en de Steen der Wijzen, op 30 juni 1997 heeft de serie internationaal veel aandacht gekregen.",artikel noemt een ander getal bij dezelfde termen,
623,Boeken en literatuur,Hoeveel delen telt de Lord of the Rings trilogie in totaal?,3,bevestigd,Lord of the Rings,The Lord of the Rings (films),https://nl.wikipedia.org/wiki/The_Lord_of_the_Rings_%28films%29,"Alternatieve Lord of the Rings-films
Op 3 mei 2009 werd de eerste fanfilm van The Lord of the Rings uitgebracht onder de titel The Hunt for Gollum.",2 kernwoorden komen overeen,
624,Boeken en literatuur,Hoeveel hoofdstukken bevat Alice’s Adventures in Wonderland?,12,niet gevonden,Alice’s Adventures,Alice's Adventures in Wonderland,https://nl.wikipedia.org/wiki/Alice%27s_Adventures_in_Wonderland,,"getal wel gezien, maar te algemeen om bewijs te zijn",https://www.britannica.com/topic/Alices-Adventures-in-Wonderland
625,Muziek,Hoeveel snaren heeft een standaard akoestische gitaar?,6,niet gevonden,,,,,,https://www.poetryfoundation.org/education/glossary/haiku
626,Boeken en literatuur,Hoeveel toneelstukken bevatte de First Folio van Shakespeare?,36,bevestigd,First Folio van Shakespeare,First Folio,https://nl.wikipedia.org/wiki/First_Folio,"De collectie is gedrukt in boekformaat, en bevat 36 toneelstukken.",1 kernwoord komt overeen,https://www.folger.edu/explore/shakespeares-works/first-folio/
627,Boeken en literatuur,Hoeveel toneelstukken schreef Shakespeare volgens de gangbare telling?,39,niet gevonden,Shakespeare,William Shakespeare,https://nl.wikipedia.org/wiki/William_Shakespeare,,,
628,Boeken en literatuur,Hoeveel woorden telt À la recherche du temps perdu volgens Guinness World Records?,9609000,afwijkend,Guinness World Records,Guinness World Records,https://en.wikipedia.org/wiki/Guinness_World_Records,"Guinness World Records (), known from its inception in 1955 until 1999 as The Guinness Book of Records and in previous United States editions as The Guinness Book of World Records, is a British reference book published annually, listing world records both of human achievements and the extremes of th",artikel noemt een ander getal bij dezelfde termen,https://www.guinnessworldrecords.com/world-records/longest-novel
629,Geschiedenis,In welk jaar werd de eerste universiteit ter wereld gesticht volgens de traditionele telling?,859,afwijkend,eerste universiteit wereld,Universiteit van Oxford,https://nl.wikipedia.org/wiki/Universiteit_van_Oxford,"Academische reputatie
In 2020 plaatste Times Higher Education World University Rankings de universiteit op nummer een van de wereld en in de top drie voor de volgende studierichtingen:

1e in de wereld voor sociale wetenschappen, engineering en technologie, informatica, medicijnen en gezondheidswete",artikel noemt een ander getal bij dezelfde termen,https://www.guinnessworldrecords.com/world-records/oldest-university
630,Technologie,Hoeveel adressen kan IPv4 theoretisch bevatten?,4294967296,bevestigd,IPv4 the,IPv4,https://en.wikipedia.org/wiki/IPv4,"IPv4 uses a 32-bit address space which provides 4,294,967,296 (232) unique addresses, but large blocks are reserved for special networking purposes.",1 kernwoord komt overeen,
631,Geografie,Hoeveel kleuren heeft de vlag van Zuid-Afrika?,6,niet gevonden,Zuid-Afrika,Zuid-Afrika,https://nl.wikipedia.org/wiki/Zuid-Afrika,,"getal wel gezien, maar te algemeen om bewijs te zijn",https://www.gov.za/about-sa/national-flag
632,Dagelijks leven,Hoeveel vakken heeft een standaard eierdoos?,12,niet gevonden,vakken standaard,Gouden standaard (economie),https://nl.wikipedia.org/wiki/Gouden_standaard_%28economie%29,,"getal wel gezien, maar te algemeen om bewijs te zijn",https://www.incredibleegg.org/eggcyclopedia/c/carton/
633,Landbouw en industrie,Hoeveel bijenkorven produceert de gemiddelde Ethiopische bijenhouder per jaar?,0,niet gevonden,Ethiopische,Ethiopische kalender,https://nl.wikipedia.org/wiki/Ethiopische_kalender,,,
635,Dieren,Hoeveel centimeter hoog wordt een volwassen emoe?,170,niet gevonden,centimeter wordt,Centimeter,https://nl.wikipedia.org/wiki/Centimeter,,,
636,Dieren,Hoeveel dagen duurt de draagtijd van een olifant ongeveer?,660,niet gevonden,dagen draagtijd olifant,Draagtijd,https://nl.wikipedia.org/wiki/Draagtijd,,,https://animals.sandiegozoo.org/animals/elephant
637,Dieren,Hoeveel dieren bevat de klassieke Big Five van Afrika?,5,niet gevonden,Big Five of Africa,Big Five game,https://en.wikipedia.org/wiki/Big_Five_game,,,
638,Dieren,Hoeveel eieren legt een kangoeroe per worp?,0,niet gevonden,,,,,,
639,Dieren,Hoeveel eitjes kan een koninginnenbij per dag leggen?,2000,niet gevonden,,,,,,https://whc.unesco.org/en/criteria/
641,Dieren,Hoeveel jaar kan een reuzenschildpad ongeveer oud worden?,150,niet gevonden,reuzenschildpad worden,Braziliaanse reuzenschildpad,https://nl.wikipedia.org/wiki/Braziliaanse_reuzenschildpad,,,https://nationalzoo.si.edu/animals/aldabra-tortoise
642,Dieren,Hoeveel kamers heeft de maag van een geit?,4,niet gevonden,,,,,,https://www.merckvetmanual.com/digestive-system/the-gastrointestinal-system-of-ruminants/overview-of-the-gastrointestinal-system-of-ruminants
643,Dieren,Hoeveel kilogram weegt een volwassen mannelijke rode reuzenkangoeroe maximaal?,90,niet gevonden,,,,,,
644,Dieren,"Hoeveel kilogram voedsel (bladeren, gras, takken) eet een volwassen Afrikaanse olifant per dag?",150,niet gevonden,African,South African Airways,https://nl.wikipedia.org/wiki/South_African_Airways,,,https://animals.sandiegozoo.org/animals/african-elephant
645,Dieren,Hoeveel kilogram weegt een volwassen mannetjesolifant in Afrika?,6000,niet gevonden,Afrika,Afrika,https://nl.wikipedia.org/wiki/Afrika,,,
646,Dieren,Hoeveel kilogram weegt een volwassen Aziatische olifant?,4000,bevestigd,kilogram volwassen aziatische,Aziatische olifant,https://nl.wikipedia.org/wiki/Aziatische_olifant,De Ceylon-olifant is het zwaarst (tot 5500 kilogram) en de Sumatraanse olifant het lichtst (tot 4000 kilogram) van alle ondersoorten.,2 kernwoorden komen overeen,
647,Dieren,Hoeveel kilogram weegt een volwassen mannelijke Bengaalse tijger?,220,niet gevonden,Bengaalse,Bengaalse tijger,https://nl.wikipedia.org/wiki/Bengaalse_tijger,,,
648,Dieren,Hoeveel kilogram weegt een volwassen nijlpaard?,1500,niet gevonden,kilogram volwassen nijlpaard,Nijlpaard,https://nl.wikipedia.org/wiki/Nijlpaard,,,
649,Dieren,Hoeveel kilogram weegt een volwassen emoe?,45,niet gevonden,,,,,,
650,Dieren,Hoeveel kilogram weegt een volwassen giraffe?,1200,niet gevonden,,,,,,
651,Dieren,Hoeveel kilogram weegt een volwassen mannelijke jaguar?,100,niet gevonden,,,,,,
652,Dieren,Hoeveel kilogram weegt een volwassen witte neushoorn?,2000,niet gevonden,,,,,,
653,Dieren,Hoeveel kilogram weegt een volwassen wombat?,30,niet gevonden,,,,,,
654,Dieren,Hoeveel kilometer moet een bijenvolk gezamenlijk vliegen om één kilo honing te produceren?,90000,niet gevonden,,,,,,https://unesdoc.unesco.org/en/archives/about-unesco-history-and-mission
655,Dieren,Hoeveel kilometer per uur haalt een cheetah op zijn snelst?,110,niet gevonden,,,,,,
656,Dieren,Hoeveel kilometer per uur sprint een jaguar?,80,niet gevonden,,,,,,
657,Dieren,Hoeveel kilometer per uur sprint een leeuw?,80,niet gevonden,sprint leeuw,Leeuw (dier),https://nl.wikipedia.org/wiki/Leeuw_%28dier%29,,,
658,Dieren,Hoeveel liter water kan een kameel in één keer drinken?,100,bevestigd,liter water kameel,Kameel,https://nl.wikipedia.org/wiki/Kameel,"Als een kameel drinkt, drinkt hij bijzonder veel, meer dan 100 liter achter elkaar, tot 60 liter per minuut.",2 kernwoorden komen overeen,
659,Dieren,Hoeveel magen heeft een koe?,4,niet gevonden,,,,,,https://www.merckvetmanual.com/digestive-system/the-gastrointestinal-system-of-ruminants/overview-of-the-gastrointestinal-system-of-ruminants
660,Dieren,Hoeveel meter kan een blauwe vinvis ongeveer lang worden?,30,bevestigd,blauwe vinvis worden,Blauwe vinvis,https://nl.wikipedia.org/wiki/Blauwe_vinvis,De blauwe vinvis is het grootste dier dat op aarde leeft en wordt gemiddeld ongeveer 26 tot 30 meter lang en kan 150 tot 170 ton zwaar worden.,3 kernwoorden komen overeen,https://www.fisheries.noaa.gov/species/blue-whale
661,Dieren,Hoeveel meter lang kan een groene anaconda worden?,6,bevestigd,groene anaconda worden,Anaconda (slang),https://nl.wikipedia.org/wiki/Anaconda_%28slang%29,De gemiddelde lengte van de anaconda is 3 tot 6 meter.,1 kernwoord komt overeen,
662,Dieren,Hoeveel meter lang kan een volwassen nijlkrokodil worden?,5,niet gevonden,Nile,Nile,https://nl.wikipedia.org/wiki/Nile,,,
663,Dieren,Hoeveel meter lang wordt een Afrikaanse olifant?,7,niet gevonden,African,South African Airways,https://nl.wikipedia.org/wiki/South_African_Airways,,,
664,Dieren,Hoeveel meter lang wordt een zoutwaterkrokodil maximaal?,6,niet gevonden,,,,,,
665,Dieren,Hoeveel meter per uur kruipen tuinslakken maximaal?,50,niet gevonden,,,,,,
666,Dieren,Hoeveel paar chromosomen heeft een fruitvlieg Drosophila melanogaster?,4,niet gevonden,Drosophila,Drosophila,https://en.wikipedia.org/wiki/Drosophila,,"getal wel gezien, maar te algemeen om bewijs te zijn",https://flybase.org/
668,Dieren,Hoeveel poten hebben volwassen kreeftachtigen van de orde Decapoda volgens de naam?,10,niet gevonden,poten hebben,Lange Poten,https://nl.wikipedia.org/wiki/Lange_Poten,,,https://www.britannica.com/animal/decapod
669,Dieren,Hoeveel poten heeft een insect?,6,niet gevonden,,,,,,https://www.si.edu/spotlight/buginfo/insects
670,Dieren,Hoeveel poten heeft een kreeft?,10,niet gevonden,,,,,,https://www.fisheries.noaa.gov/species/american-lobster
671,Dieren,Hoeveel procent van de wilde leeuwen leeft in Sub-Sahara Afrika?,95,niet gevonden,Sub-Sahara Afrika,Sub-Sahara,https://nl.wikipedia.org/wiki/Sub-Sahara,,,
672,Dieren,Hoeveel apensoorten telt het Amazonegebied ongeveer?,100,niet gevonden,Amazon,Amazon.com,https://nl.wikipedia.org/wiki/Amazon.com,,"getal wel gezien, maar te algemeen om bewijs te zijn",
673,Kunst en cultuur,Hoeveel soorten dieren bevat de Chinese zodiac?,12,bevestigd,soorten dieren,Schorpioenen (dieren),https://nl.wikipedia.org/wiki/Schorpioenen_%28dieren%29,"Orde Scorpiones

Familie Akravidae (uitgestorven)
Familie Bothriuridae, 15 geslachten en 137 soorten
Familie Buthidae, 85 geslachten (1 uitgestorven) en 889 soorten
Familie Caraboctonidae, 5 geslachten en 18 soorten
Familie Chactidae, 11 geslachten en 166 soorten
Familie Chaerilidae, 1 geslacht met ",1 kernwoord komt overeen,
675,Dieren,Hoeveel soorten telt de kangoeroefamilie (Macropodidae)?,65,niet gevonden,Macropodidae,Macropodidae,https://en.wikipedia.org/wiki/Macropodidae,,,
676,Dieren,Hoeveel kolibriesoorten komen voor in de Verenigde Staten?,20,bevestigd,Verenigde Staten,Verenigde Staten,https://nl.wikipedia.org/wiki/Verenigde_Staten,"In de 20e eeuw namen de Verenigde Staten deel aan de beide wereldoorlogen, die mede door hun ingrijpen definitief werden beslecht ten gunste van de geallieerde legers.",2 kernwoorden komen overeen,
677,Dieren,Hoeveel lemuursoorten telt Madagaskar ongeveer?,100,bevestigd,Madagaskar,Madagaskar,https://nl.wikipedia.org/wiki/Madagaskar,"Madagaskar kent 6 steden waar, naar schatting, meer dan 100.000 inwoners wonen.",1 kernwoord komt overeen,
678,Dieren,Hoeveel vogelsoorten telt Australië?,830,niet gevonden,Australië,Australië (land),https://nl.wikipedia.org/wiki/Australi%C3%AB_%28land%29,,,
679,Dieren,"Hoeveel vogelsoorten telt Colombia, het land met de meeste ter wereld?",1900,bevestigd,Colombia,Colombia,https://en.wikipedia.org/wiki/Colombia,"About 10% of the species of the Earth live in Colombia, including over 1,900 species of bird, more than in Europe and North America combined.",1 kernwoord komt overeen,
680,Dieren,Hoeveel vogelsoorten telt het Amazonegebied?,1300,niet gevonden,Amazon,Amazon.com,https://nl.wikipedia.org/wiki/Amazon.com,,,
681,Dieren,Hoeveel spieren zitten er in de slurf van een olifant?,40000,niet gevonden,,,,,,https://whc.unesco.org/en/list/1613/
682,Dieren,Hoeveel tanden heeft een volwassen huiskat?,30,niet gevonden,tanden volwassen,Volwassen gebit,https://nl.wikipedia.org/wiki/Volwassen_gebit,,,https://vcahospitals.com/know-your-pet/dental-disease-in-cats
683,Dieren,Hoeveel tanden heeft een volwassen witte haai in één functionele tandrij?,24,niet gevonden,tanden volwassen witte,Witte haai,https://nl.wikipedia.org/wiki/Witte_haai,,,https://www.floridamuseum.ufl.edu/discover-fish/sharks/great-white-shark/
684,Dieren,Hoeveel tanden wisselt een haai gedurende zijn leven ongeveer?,20000,niet gevonden,,,,,,
685,Dieren,Hoeveel tentakels heeft een octopus?,8,niet gevonden,,,,,,https://ocean.si.edu/ocean-life/invertebrates/octopus
686,Dieren,Hoeveel uur per dag slaapt een koala?,20,niet gevonden,slaapt koala,Kolo de koala,https://nl.wikipedia.org/wiki/Kolo_de_koala,,,
687,Dieren,Hoeveel uur per dag slaapt een leeuw gemiddeld?,20,niet gevonden,slaapt leeuw,Leeuw van Juda,https://nl.wikipedia.org/wiki/Leeuw_van_Juda,,,
688,Dieren,Hoeveel van de 10 giftigste slangen ter wereld komen voor in Australië?,0,niet gevonden,Australië,Australië (land),https://nl.wikipedia.org/wiki/Australi%C3%AB_%28land%29,,,
690,Dieren,Hoeveel kilogram weegt een volwassen mannelijke Amerikaanse bizon?,900,niet gevonden,American,American,https://nl.wikipedia.org/wiki/American,,,
691,Dieren,Hoeveel ton weegt een volwassen blauwe vinvis?,150,bevestigd,volwassen blauwe vinvis,Blauwe vinvis,https://nl.wikipedia.org/wiki/Blauwe_vinvis,De blauwe vinvis is het grootste dier dat op aarde leeft en wordt gemiddeld ongeveer 26 tot 30 meter lang en kan 150 tot 170 ton zwaar worden.,2 kernwoorden komen overeen,https://www.fisheries.noaa.gov/species/blue-whale
692,Economie & geld,Hoeveel bedrijven bevat de S&P 500-index?,500,niet gevonden,,,,,,https://www.spglobal.com/spdji/en/indices/equity/sp-500/
693,Economie & geld,Hoeveel bedrijven stonden bij de oprichting in de Dow Jones Industrial Average?,12,bevestigd,Dow Jones Industrial Average,Dow Jones Industrial Average,https://en.wikipedia.org/wiki/Dow_Jones_Industrial_Average,"On January 2, 1886, the number of stocks represented in what is now the Dow Jones Transportation Average dropped from 14 to 12, as the Central Pacific Railroad and Central Railroad of New Jersey were removed.",2 kernwoorden komen overeen,https://www.spglobal.com/spdji/en/indices/equity/dow-jones-industrial-average/
694,Economie & geld,Hoeveel bedrijven vormen de Nasdaq-100-index?,100,niet gevonden,Nasdaq-100,NASDAQ-100,https://nl.wikipedia.org/wiki/NASDAQ-100,,"getal wel gezien, maar te algemeen om bewijs te zijn",https://www.nasdaq.com/solutions/nasdaq-100
695,Economie & geld,Hoeveel biljoen dollar is de jaarlijkse wereldhandel in goederen ongeveer?,26,niet gevonden,biljoen dollar,Biljoen,https://nl.wikipedia.org/wiki/Biljoen,,,
696,Economie & geld,Hoeveel cent zit er in één euro?,100,niet gevonden,cent euro,1 euro cent coin,https://en.wikipedia.org/wiki/1_euro_cent_coin,,,https://www.ecb.europa.eu/euro/coins/html/index.en.html
697,Economie & geld,Hoeveel dollarcent zit er in één Amerikaanse dollar?,100,bevestigd,dollarcent amerikaanse dollar,Canadese dollar,https://nl.wikipedia.org/wiki/Canadese_dollar,De dollar wordt onderverdeeld in 100 cent.,1 kernwoord komt overeen,https://www.federalreserve.gov/faqs/currency_12770.htm
698,Economie & geld,Hoeveel landen gebruiken de euro als officiële munt?,20,bevestigd,Hoeveel landen gebruiken de euro als officiële munt,Euro,https://nl.wikipedia.org/wiki/Euro,"Buiten de herdenkingsmunten van € 2 zijn er al talloze munten geslagen die alleen nationaal te gebruiken zijn en waardes vertegenwoordigen als € 1½, € 2½, € 3, € 5, € 8, € 10, € 12½, € 20, € 25, € 50, € 100 etc.",1 kernwoord komt overeen,
699,Economie & geld,Hoeveel landen zijn lid van de G7?,7,niet gevonden,,,,,,
700,Economie & geld,Hoeveel munten telt een volledige set eurocent- en euromunten?,8,niet gevonden,,,,,,
701,Economie & geld,Hoeveel verschillende coupures heeft de eurobankbiljettenreeks?,7,niet gevonden,,,,,,https://www.ecb.europa.eu/euro/banknotes/current/denominations/html/index.en.html
702,Economie & geld,Hoeveel verschillende euromunten zijn er?,8,niet gevonden,verschillende euromunten,Euromunten,https://nl.wikipedia.org/wiki/Euromunten,,,https://www.ecb.europa.eu/euro/coins/html/index.en.html
703,Eten & drinken,Hoeveel McDonald’s-restaurants waren er wereldwijd aan het einde van 2023?,41198,niet gevonden,,,,,,https://corporate.mcdonalds.com/corpmcd/our-company/annual-reports.html
706,Eten & drinken,Hoeveel dagen rijpt Parmigiano Reggiano minimaal?,12,niet gevonden,,,,,,
707,Eten & drinken,Hoeveel gram suiker zit er in een Amerikaans blikje Coca-Cola van 355 ml?,39,bevestigd,Coca-Cola of,Coca-Cola,https://en.wikipedia.org/wiki/Coca-Cola,"Production


Listed ingredients
Carbonated water
Sugar (sucrose or high-fructose corn syrup (HFCS) depending on country of origin)
Caffeine
Phosphoric acid
Caramel color (E150d)
Natural flavorings
A typical can of Coca-Cola (12 fl ounces/355 ml) contains 39 grams of sugar, 34 mg of caffeine, 45 mg o",1 kernwoord komt overeen,
708,Eten & drinken,Hoeveel gram weegt een standaard chocoladereep vaak?,100,niet gevonden,gram standaard,Gram (eenheid),https://nl.wikipedia.org/wiki/Gram_%28eenheid%29,,,No universal standard; depends on product and market.
709,Eten & drinken,Hoeveel kilocalorieën bevat een Amerikaanse McDonald’s cheeseburger?,300,niet gevonden,American McDonald's,McDonald's All-American Team,https://nl.wikipedia.org/wiki/McDonald%27s_All-American_Team,,,https://www.mcdonalds.com/us/en-us/product/cheeseburger.html
710,Eten & drinken,Hoeveel miljoen zakken koffie produceert Brazilië per jaar?,60,niet gevonden,Brazilië,Brazilië,https://nl.wikipedia.org/wiki/Brazili%C3%AB,,"getal wel gezien, maar te algemeen om bewijs te zijn",
712,Eten & drinken,Hoeveel kilogram rundvlees eet een Argentijn per jaar?,50,niet gevonden,Argentine,Argentine,https://nl.wikipedia.org/wiki/Argentine,,,
713,Eten & drinken,Hoeveel kruiden bevat de klassieke Chinese Five-Spice?,5,niet gevonden,Chinese Five-Spice,Five-spice powder,https://en.wikipedia.org/wiki/Five-spice_powder,,,
714,Eten & drinken,Hoeveel landen hebben de Italiaanse pizza Margherita als cultureel erfgoed erkend?,1,niet gevonden,Margherita,Pizza margherita,https://nl.wikipedia.org/wiki/Pizza_margherita,,,
715,Eten & drinken,Hoeveel Afrikaanse landen produceren koffie?,30,niet gevonden,Africa,Africa,https://nl.wikipedia.org/wiki/Africa,,,
718,Eten & drinken,Hoeveel liter olijfolie gebruikt een Griek per jaar?,20,niet gevonden,Griek,Tim Griek,https://en.wikipedia.org/wiki/Tim_Griek,,,
719,Eten & drinken,Hoeveel ons vlees bevat de klassieke Quarter Pounder?,4,bevestigd,Quarter Pounder,Quarter Pounder,https://en.wikipedia.org/wiki/Quarter_Pounder,"Its name refers to the beef patty having a precooked weight of approximately one quarter of a pound, originally portioned as four ounces (113.4 g) but increased to 4.25 oz (120.5 g) in 2015.",1 kernwoord komt overeen,
720,Eten & drinken,Hoeveel procent cacao heeft standaard pure chocolade?,70,niet gevonden,,,,,,
721,Eten & drinken,Hoeveel procent van de wereldcacao komt uit West-Afrika?,70,niet gevonden,West-Afrika,West-Afrika,https://nl.wikipedia.org/wiki/West-Afrika,,,
722,Eten & drinken,Hoeveel procent van de wereldkoffie komt uit Brazilië?,35,bevestigd,Brazilië,Brazilië,https://nl.wikipedia.org/wiki/Brazili%C3%AB,Brazilië beschikt over 35 internationale luchthavens en 2464 regionale luchthavens.,1 kernwoord komt overeen,
723,Eten & drinken,Hoeveel soorten worst kent de Duitse keuken ongeveer?,300,niet gevonden,Duitse,Duitse Huis,https://en.wikipedia.org/wiki/Duitse_Huis,,,
725,Eten & drinken,Hoeveel kaassoorten produceert Frankrijk ongeveer?,300,niet gevonden,Frankrijk,Frankrijk,https://nl.wikipedia.org/wiki/Frankrijk,,"getal wel gezien, maar te algemeen om bewijs te zijn",
726,Eten & drinken,Hoeveel soorten sushi wordt er klassiek onderscheiden in Japan (hoofdtypes)?,5,bevestigd,Japan,Japan,https://nl.wikipedia.org/wiki/Japan,"In 1950 was 5% van de bevolking 65 jaar of ouder, in 2010 was dit aandeel 23% en voor 2050 wordt het aandeel geschat op 37%.",1 kernwoord komt overeen,
727,Eten & drinken,In hoeveel landen had McDonald’s restaurants in 2023?,100,niet gevonden,,,,,,https://corporate.mcdonalds.com/corpmcd/our-company/annual-reports.html
728,Films en series,Hoeveel Avengers telde het originele team in de MCU film Avengers (2012)?,6,bevestigd,Avengers,Avengers: Endgame,https://en.wikipedia.org/wiki/Avengers%3A_Endgame,"Following the release of the second trailer for the MCU film Spider-Man: Far From Home (2019) on May 6, it was added to the end of Endgame screenings with a message before the film from Far From Home star Tom Holland telling the audience to stay until after the credits to see the trailer.",1 kernwoord komt overeen,
729,Films en series,Hoeveel James Bond films met Daniel Craig verschenen er?,5,bevestigd,Daniel Craig,Daniel Craig,https://en.wikipedia.org/wiki/Daniel_Craig,"Some fans considered the blond-haired, 5-foot-10-inch-tall (1.78 m) Craig to not fit the image of the taller, dark-haired Bond portrayed by the previous actors.",2 kernwoorden komen overeen,
730,Films en series,Hoeveel Jurassic Park films verschenen er in totaal?,6,bevestigd,Jurassic Park,Jurassic Park (franchise),https://nl.wikipedia.org/wiki/Jurassic_Park_%28franchise%29,"Het is de derde installatie van de Jurassic World Evolution serie, en werd op 6 juni 2025 voor het eerst aan de wereld aangekondigd op Summer Game Fest.",1 kernwoord komt overeen,
731,Films en series,Hoeveel Mad Max films zijn er in totaal gemaakt?,5,niet gevonden,,,,,,
732,Films en series,Hoeveel Oscar nominaties kreeg La La Land?,14,bevestigd,La La Land,La La Land,https://nl.wikipedia.org/wiki/La_La_Land,"In totaal ontving de film 14 nominaties, evenveel als All About Eve (1950) en Titanic (1997).",1 kernwoord komt overeen,
733,Films en series,Hoeveel Oscars won Gladiator (2000)?,5,bevestigd,oscars gladiator 2000,Gladiator (2000 film),https://en.wikipedia.org/wiki/Gladiator_%282000_film%29,"The film was released in the United States on May 5, 2000 by DreamWorks Distribution LLC, and internationally on May 12, 2000, by Universal Pictures through United International Pictures.",1 kernwoord komt overeen,
734,Films en series,Hoeveel Oscars won The Godfather?,3,bevestigd,The Godfather,The Godfather,https://en.wikipedia.org/wiki/The_Godfather,"Profits were so high for The Godfather that earnings for Gulf & Western Industries, Inc., which owned Paramount, jumped from 77 cents per share to $3.30 a share for the year, according to a Los Angeles Times article, dated December 13, 1972.",1 kernwoord komt overeen,
735,Films en series,Hoeveel Oscars won de film Forrest Gump?,6,bevestigd,Forrest Gump,Forrest Gump,https://en.wikipedia.org/wiki/Forrest_Gump,"Forrest Gump was released in the United States by Paramount Pictures on July 6, 1994, and received widespread critical acclaim for Zemeckis's direction, the performances (particularly those of Hanks and Sinise), story, writing, emotional weight, visual effects, music, character development and scree",2 kernwoorden komen overeen,
736,Films en series,Hoeveel Oscars won de film Mad Max Fury Road?,6,bevestigd,Mad Max Fury Road,Mad Max: Fury Road,https://en.wikipedia.org/wiki/Mad_Max%3A_Fury_Road,"A deluxe-edition hardcover collection of art inspired by the film, titled Mad Max: Fury Road – Inspired Artists Deluxe Edition, was released by Vertigo on 6 May.",3 kernwoorden komen overeen,
737,Films en series,Hoeveel Oscars won de film Parasite?,4,niet gevonden,Parasite,Parasite (2019),https://nl.wikipedia.org/wiki/Parasite_%282019%29,,,
738,Films en series,Hoeveel Oscars won de film The Piano (1993)?,3,bevestigd,The Piano,The Piano,https://en.wikipedia.org/wiki/The_Piano,"Box office
In New Zealand, the film became the highest-grossing film of all time, surpassing Footrot Flats: The Dog's Tale (1986) with a gross of $NZ3.8 million.",1 kernwoord komt overeen,
739,Films en series,Hoeveel Star Wars films uit de Skywalker Saga verschenen er?,9,afwijkend,star wars films,List of Star Wars films,https://en.wikipedia.org/wiki/List_of_Star_Wars_films,The original 1977 film Star Wars (later subtitled A New Hope) was followed by the sequels The Empire Strikes Back (1980) and Return of the Jedi (1983); these films form the original trilogy.,artikel noemt een ander getal bij dezelfde termen,
740,Films en series,Hoeveel afleveringen heeft de miniserie Chernobyl?,5,bevestigd,Chernobyl,Chernobyl,https://en.wikipedia.org/wiki/Chernobyl,"26 April 1986: Chernobyl disaster
After the nuclear disaster at the Chernobyl Nuclear Power Plant; the worst nuclear disaster in history, the city of Chernobyl was evacuated on 5 May 1986.",1 kernwoord komt overeen,
741,Films en series,Hoeveel delen telt de Harry Potter filmreeks van Warner Bros?,8,bevestigd,Harry Potter,Harry Potter,https://en.wikipedia.org/wiki/Harry_Potter,Harry Potter and the Prisoner of Azkaban was published a year later in the UK on 8 July 1999 and in the US on 8 September 1999.,2 kernwoorden komen overeen,
742,Films en series,Hoeveel films bevat de Toy Story-reeks tot en met Toy Story 4?,4,bevestigd,Toy Story,Toy Story 5,https://nl.wikipedia.org/wiki/Toy_Story_5,"Verhaal

De film gaat verder op het einde van Toy Story 4, waarin Woody ervoor koos om bij Bo Peep en de “verloren speeltjes” te blijven en Buzz en de andere speelgoedfiguren terugkeerden naar Bonnie.",1 kernwoord komt overeen,
743,Films en series,Hoeveel seizoenen heeft Breaking Bad?,5,bevestigd,Breaking Bad,Breaking Bad,https://nl.wikipedia.org/wiki/Breaking_Bad,"Afleveringen


Prijzen


Seizoen 1
Emmy Award

Outstanding Lead Actor in a Drama Series (Bryan Cranston)
Outstanding Single-Camera Picture Editing for a Drama Series


Seizoen 2
Emmy Award

Outstanding Lead Actor in a Drama Series (Bryan Cranston)
Outstanding Single-Camera Picture Editing for a Dram",1 kernwoord komt overeen,
744,Films en series,Hoeveel seizoenen heeft de serie Friends?,10,bevestigd,Friends,Friends,https://en.wikipedia.org/wiki/Friends,UK Friends reruns' ratings in 2015 increased by more than 10% annually.,1 kernwoord komt overeen,
745,Films en series,Hoeveel seizoenen telde de serie The Office US?,9,bevestigd,The Office US,The Office (American TV series),https://en.wikipedia.org/wiki/The_Office_%28American_TV_series%29,"As of September 9, 2008, The Office was put back on the iTunes Store and can be bought in HD and SD format.",1 kernwoord komt overeen,
746,Reizen en toerisme,Hoeveel themaparken telt Walt Disney World in Florida?,4,bevestigd,Walt Disney World,Walt Disney World,https://en.wikipedia.org/wiki/Walt_Disney_World,"Taking into account the well-developed network of roads as well as the planned construction of both Interstate 4 and Florida's Turnpike, along with McCoy Air Force Base (later Orlando International Airport) to the east, Disney selected a centrally located site near Bay Lake.",1 kernwoord komt overeen,
747,Films en series,Hoeveel minuten duurt de film Avatar: The Way of Water?,192,afwijkend,minuten film avatar,Avatar (film),https://nl.wikipedia.org/wiki/Avatar_%28film%29,De film werd in 2022 opgevolgd door Avatar: The Way of Water.,artikel noemt een ander getal bij dezelfde termen,
748,Boeken en literatuur,Hoeveel woorden telt de complete Harry Potter boekenserie (Engels origineel)?,1084170,niet gevonden,Harry Potter,Harry Potter (boekenreeks),https://nl.wikipedia.org/wiki/Harry_Potter_%28boekenreeks%29,,,
749,Films en series,In hoeveel officiële James Bond-films speelde Roger Moore de hoofdrol?,7,bevestigd,James Bond,James Bond,https://en.wikipedia.org/wiki/James_Bond,"The films constitute one of the longest continually running film series and have grossed over US$7.04 billion in total at the box office, making James Bond the fifth-highest-grossing film series to date.",1 kernwoord komt overeen,
750,Films en series,In welk jaar werd de eerste film publiek vertoond?,1895,niet gevonden,eerste film publiek,Publieke Werken (film),https://nl.wikipedia.org/wiki/Publieke_Werken_%28film%29,,,
751,"Filosofie, psychologie en religie",Hoeveel avatars heeft Vishnu volgens de Hindoe traditie?,10,bevestigd,Vishnu,Vishnu,https://en.wikipedia.org/wiki/Vishnu,"Nara-Narayana, Rama and his three brothers)


Dashavatara

The Dashavatara is a list of the so-called Vibhavas, or '10 [primary] Avatars' of Vishnu.",1 kernwoord komt overeen,
752,"Filosofie, psychologie en religie",Hoeveel boeken bevat de Koran?,114,bevestigd,Koran,Koran,https://nl.wikipedia.org/wiki/Koran,"In totaal bevat de Koran 114 soera's, bestaande uit 6.236 ayat (afhankelijk van de indeling), die met uitzondering van soera Het Berouw allemaal beginnen met de aanhef Bismillah ar-Rahmaan ar-Rahiem (In de naam van God, de genadevolle, de Barmhartige).",1 kernwoord komt overeen,
753,"Filosofie, psychologie en religie",Hoeveel boeken bevat het Nieuwe Testament bij de protestante telling?,27,bevestigd,Nieuwe Testament,Nieuwe Testament,https://nl.wikipedia.org/wiki/Nieuwe_Testament,"Het Nieuwe Testament (Koinè: Ἡ καινὴ διαθήκη, Hē kainḕ diathḗkē; Latijn: Novum Testamentum) is het tweede deel van de christelijke Bijbel en bestaat uit 27 werken, 'boeken', die alle in het Koinè Grieks zijn geschreven.",2 kernwoorden komen overeen,
754,"Filosofie, psychologie en religie",Hoeveel boeken telt de Tenach in de joodse traditie?,24,niet gevonden,Tenach,Tenach,https://nl.wikipedia.org/wiki/Tenach,,,
755,"Filosofie, psychologie en religie",Hoeveel dagen duurt de Ramadan maximaal?,30,bevestigd,Ramadan,Ramadan,https://nl.wikipedia.org/wiki/Ramadan,"Bij bewolking of mist kan ook een ander criterium worden gebruikt, namelijk wanneer de maan niet zichtbaar is op dag 29, dan telt men er nog 1 dag bij, en komt zo op een ramadan van 30 dagen.",2 kernwoorden komen overeen,
756,"Filosofie, psychologie en religie",Hoeveel dialogen van Plato zijn traditioneel bewaard gebleven?,36,niet gevonden,Plato,Plato,https://nl.wikipedia.org/wiki/Plato,,,
757,"Filosofie, psychologie en religie",Hoeveel discipelen had Jezus volgens de Bijbel?,12,bevestigd,discipelen jezus bijbel,Dood en herrijzenis van Jezus,https://nl.wikipedia.org/wiki/Dood_en_herrijzenis_van_Jezus,"Jezus werd volgens Marcus op het derde uur na zonsopgang op Pesach (ongeveer negen uur 's morgens) gekruisigd (Marcus 14:12, 15:25).",1 kernwoord komt overeen,
758,"Filosofie, psychologie en religie",Hoeveel edelwaarheden kent het boeddhisme?,4,niet gevonden,Buddhism,Boeddhisme,https://nl.wikipedia.org/wiki/Boeddhisme,,,
759,"Filosofie, psychologie en religie",Hoeveel geboden bevat de traditionele christelijke indeling van de Tien Geboden?,10,bevestigd,Tien Geboden,Tien geboden,https://nl.wikipedia.org/wiki/Tien_geboden,"Dit had kennelijk geen betrekking op de tien geboden, want later vertelde Mozes dat God de stenen platen die hij had uitgehakt had beschreven en aan hem had overhandigd (Deuteronomium 10:1-4).",2 kernwoorden komen overeen,https://www.britannica.com/topic/Ten-Commandments
760,"Filosofie, psychologie en religie",Hoeveel geboden telt de Thora volgens de miswot-telling?,613,bevestigd,Thora,Thora,https://nl.wikipedia.org/wiki/Thora,"Volgens het jodendom staan er 613 mitswot (284 geboden en 365 verboden) in de Thora (waarvan 611 via Mozes en twee rechtstreeks door God zijn geopenbaard) die de kern vormen van de halacha, het geheel van de rabbinale wetgeving die zeer bepalend is voor het joodse religieuze leven.",2 kernwoorden komen overeen,
761,"Filosofie, psychologie en religie",Hoeveel jaar duurde de Trojaanse Oorlog volgens de Griekse overlevering?,10,bevestigd,Trojaanse Oorlog,Trojaanse Oorlog,https://nl.wikipedia.org/wiki/Trojaanse_Oorlog,Na 10 jaar oorlog om Troje zijn de Grieken nog geen stap dichter bij de overwinning.,1 kernwoord komt overeen,
762,"Filosofie, psychologie en religie",Hoeveel jaar zwierf Odysseus rond voordat hij terugkeerde naar Ithaka?,10,niet gevonden,Odysseus,Odysseus,https://nl.wikipedia.org/wiki/Odysseus,,,https://www.alpconv.org/en/home/
763,"Filosofie, psychologie en religie",Hoeveel keer per dag bidden moslims volgens de vijf pilaren van de islam?,5,niet gevonden,Muslims,Muslims,https://en.wikipedia.org/wiki/Muslims,,"getal wel gezien, maar te algemeen om bewijs te zijn",
764,"Filosofie, psychologie en religie",Hoeveel opdrachten (werken) moest Hercules voltooien volgens de Griekse mythologie?,12,niet gevonden,Hercules,Hercules,https://nl.wikipedia.org/wiki/Hercules,,,
765,"Filosofie, psychologie en religie",Hoeveel paden telt het Achtvoudige Pad van het boeddhisme?,8,niet gevonden,Achtvoudige Pad van het,Edele achtvoudige pad,https://nl.wikipedia.org/wiki/Edele_achtvoudige_pad,,"getal wel gezien, maar te algemeen om bewijs te zijn",
766,"Filosofie, psychologie en religie",Hoeveel miljoen pelgrims bezoeken Mekka jaarlijks?,2,niet gevonden,Mekka,Mekka,https://nl.wikipedia.org/wiki/Mekka,,,
767,"Filosofie, psychologie en religie",Hoeveel procent van de wereldbevolking is boeddhistisch?,7,niet gevonden,Buddhist,Mahayana Temple Buddhist Association,https://nl.wikipedia.org/wiki/Mahayana_Temple_Buddhist_Association,,,
768,"Filosofie, psychologie en religie",Hoeveel soeras telt de Koran?,114,bevestigd,Koran,Koran,https://nl.wikipedia.org/wiki/Koran,"In totaal bevat de Koran 114 soera's, bestaande uit 6.236 ayat (afhankelijk van de indeling), die met uitzondering van soera Het Berouw allemaal beginnen met de aanhef Bismillah ar-Rahmaan ar-Rahiem (In de naam van God, de genadevolle, de Barmhartige).",1 kernwoord komt overeen,
769,"Filosofie, psychologie en religie",Hoeveel zwaarden waren er volgens de legende van koning Arthur beschikbaar?,1,niet gevonden,Arthur,Arthur,https://nl.wikipedia.org/wiki/Arthur,,,
770,Gebouwen en infrastructuur,Hoeveel piramides telt Egypte ongeveer?,120,niet gevonden,Egypte,Egypte (land),https://nl.wikipedia.org/wiki/Egypte_%28land%29,,,
771,Gebouwen en infrastructuur,Hoeveel boogpartijen heeft de Sydney Harbour Bridge?,1,bevestigd,Sydney Harbour Bridge,Sydney,https://nl.wikipedia.org/wiki/Sydney,"Met de industrialisering groeide Sydney snel, en aan het begin van de 20e eeuw had het al meer dan 1 miljoen inwoners.",1 kernwoord komt overeen,
772,Gebouwen en infrastructuur,Hoeveel boogsegmenten telt het Colosseum per verdieping?,80,niet gevonden,Colosseum,Colosseum,https://nl.wikipedia.org/wiki/Colosseum,,"getal wel gezien, maar te algemeen om bewijs te zijn",
773,Gebouwen en infrastructuur,Hoeveel ingangen heeft het Colosseum?,80,niet gevonden,Colosseum,Colosseum,https://nl.wikipedia.org/wiki/Colosseum,,"getal wel gezien, maar te algemeen om bewijs te zijn",https://www.britannica.com/topic/Colosseum
774,Gebouwen en infrastructuur,Hoeveel jaar duurde de bouw van de Dom van Keulen?,632,niet gevonden,Dom van Keulen,Dom van Keulen,https://nl.wikipedia.org/wiki/Dom_van_Keulen,,,https://www.koelner-dom.de/en/discover/history
776,Gebouwen en infrastructuur,Hoeveel jaar duurde de bouw van het Colosseum?,8,niet gevonden,Colosseum,Colosseum,https://nl.wikipedia.org/wiki/Colosseum,,,https://www.britannica.com/topic/Colosseum
778,Gebouwen en infrastructuur,Hoeveel kilometer lang is de Golden Gate Bridge hoofdspanssegment?,1280,bevestigd,Golden Gate Bridge,Golden Gate Bridge,https://en.wikipedia.org/wiki/Golden_Gate_Bridge,"Structural specifications

Until 1964, the Golden Gate Bridge had the longest suspension bridge main span in the world, at 4,200 feet (1,280 m).",3 kernwoorden komen overeen,
779,Gebouwen en infrastructuur,Hoeveel kilometer lang is de Grote Muur van China volgens de officiële meting?,21196,getal gezien,Grote Muur van China,Chinese Muur,https://nl.wikipedia.org/wiki/Chinese_Muur,"De gehele verdedigingslinie, inclusief verdedigingsgroeven van 359 kilometer en 2232 kilometer aan natuurlijke grenzen (rivieren, heuvels en bergen), heeft een lengte van 21 196 kilometer.","het getal staat er wel, maar niet in een herkenbare zin",
780,Gebouwen en infrastructuur,Hoeveel kilometer lang is het metronet van Mexico-Stad?,226,niet gevonden,Mexico-Stad,Mexico-Stad,https://nl.wikipedia.org/wiki/Mexico-Stad,,,
781,Gebouwen en infrastructuur,Hoeveel kilometer lang is het Suezkanaal?,193,bevestigd,Suezkanaal,Suezkanaal,https://nl.wikipedia.org/wiki/Suezkanaal,"Het Suezkanaal (Arabisch: قناة السويس Qanâ el Suweis) is een 193 km lang kanaal in de Landengte van Suez in Egypte, officieel geopend in 1869.",1 kernwoord komt overeen,
782,Gebouwen en infrastructuur,Hoeveel kilometer van de Kanaaltunnel ligt onder zee?,38,niet gevonden,Kanaaltunnel,Kanaaltunnel,https://nl.wikipedia.org/wiki/Kanaaltunnel,,,
783,Gebouwen en infrastructuur,Hoeveel kilometer staaldraad zit er in één hoofdkabel van de Golden Gate Bridge?,128000,afwijkend,Golden Gate Bridge,Golden Gate Bridge,https://en.wikipedia.org/wiki/Golden_Gate_Bridge,"Conception

Although the idea of a bridge spanning the Golden Gate was not new, the proposal that eventually took hold was made in a 1916 San Francisco Bulletin article by former engineering student James Wilkins.",artikel noemt een ander getal bij dezelfde termen,https://whc.unesco.org/en/list/1187/
784,Gebouwen en infrastructuur,Hoeveel kilometer lang was Route 66?,3945,niet gevonden,Route,Route,https://nl.wikipedia.org/wiki/Route,,,
785,Gebouwen en infrastructuur,Hoeveel meter diep ligt de fundering van de Burj Khalifa ongeveer?,50,niet gevonden,Burj Khalifa,Burj Khalifa,https://nl.wikipedia.org/wiki/Burj_Khalifa,,,https://www.burjkhalifa.ae/en/the-tower/facts-figures/
786,Gebouwen en infrastructuur,"Hoeveel meter hoog is de Elizabeth Tower, de toren van Big Ben?",96,niet gevonden,,,,,,
787,Gebouwen en infrastructuur,Hoeveel meter hoog is het Christus Verlosser-beeld zonder sokkel?,30,niet gevonden,Christus Verlosser-beeld,Christus de Verlosser (Rio de Janeiro),https://nl.wikipedia.org/wiki/Christus_de_Verlosser_%28Rio_de_Janeiro%29,,,
789,Gebouwen en infrastructuur,Hoeveel meter hoog is de Christus Redentor standbeeld (met sokkel)?,40,niet gevonden,Christus Redentor,Christus de Verlosser (Rio de Janeiro),https://nl.wikipedia.org/wiki/Christus_de_Verlosser_%28Rio_de_Janeiro%29,,,
790,Gebouwen en infrastructuur,Hoeveel meter hoog is de Christus de Verlosser inclusief sokkel?,38,niet gevonden,Christus de Verlosser,Christus de Verlosser (Rio de Janeiro),https://nl.wikipedia.org/wiki/Christus_de_Verlosser_%28Rio_de_Janeiro%29,,"getal wel gezien, maar te algemeen om bewijs te zijn",
791,Gebouwen en infrastructuur,Hoeveel meter hoog is de Eiffeltoren met antenne?,330,niet gevonden,Eiffeltoren,Eiffeltoren,https://nl.wikipedia.org/wiki/Eiffeltoren,,"getal wel gezien, maar te algemeen om bewijs te zijn",
792,Gebouwen en infrastructuur,Hoeveel meter hoog is de Grote Piramide van Gizeh nu?,139,niet gevonden,Grote Piramide van Gizeh,Piramiden van Gizeh,https://nl.wikipedia.org/wiki/Piramiden_van_Gizeh,,,
793,Gebouwen en infrastructuur,Hoeveel meter hoog is de Petronas Twin Tower?,452,afwijkend,petronas twin,Petronas Towers,https://en.wikipedia.org/wiki/Petronas_Towers,"Gallery


See also

Petronas Tower 3
The Exchange 106
List of skyscrapers
List of tallest buildings and structures in the world
List of tallest buildings in Kuala Lumpur
List of tallest buildings in Malaysia
List of tallest freestanding structures in the world
List of tallest twin buildings and stru",artikel noemt een ander getal bij dezelfde termen,https://www.petronastwintowers.com.my/about-us/
794,Gebouwen en infrastructuur,Hoeveel meter hoog is de Shanghai Tower?,632,bevestigd,Shanghai Tower,Shanghai Tower,https://en.wikipedia.org/wiki/Shanghai_Tower,"The Shanghai Tower is a 128-story, 632-meter-tall (2,073-foot) megatall skyscraper located in Lujiazui, Pudong, Shanghai.",2 kernwoorden komen overeen,
795,Gebouwen en infrastructuur,Hoeveel meter hoog is de Shanghai Tower?,632,bevestigd,Shanghai Tower,Shanghai Tower,https://en.wikipedia.org/wiki/Shanghai_Tower,"The Shanghai Tower is a 128-story, 632-meter-tall (2,073-foot) megatall skyscraper located in Lujiazui, Pudong, Shanghai.",2 kernwoorden komen overeen,https://www.shanghaitower.com/en/
796,Gebouwen en infrastructuur,Hoeveel meter hoog is de Sydney Tower?,309,bevestigd,Sydney Tower,Sydney Tower,https://nl.wikipedia.org/wiki/Sydney_Tower,De toren steekt 309 meter boven het zakencentrum van Sydney uit.,1 kernwoord komt overeen,
797,Gebouwen en infrastructuur,Hoeveel meter hoog is de Taj Mahal?,73,niet gevonden,Taj Mahal,Taj Mahal,https://nl.wikipedia.org/wiki/Taj_Mahal,,,
798,Gebouwen en infrastructuur,Hoeveel meter hoog is de Tokyo Tower?,333,niet gevonden,Tokyo Tower,Tokyo Tower,https://en.wikipedia.org/wiki/Tokyo_Tower,,,
799,Gebouwen en infrastructuur,Hoeveel meter hoog is de Cairo Tower?,187,niet gevonden,Cairo Tower,Cairo Tower,https://nl.wikipedia.org/wiki/Cairo_Tower,,"getal wel gezien, maar te algemeen om bewijs te zijn",
801,Gebouwen en infrastructuur,Hoeveel meter hoog is kasteel Neuschwanstein?,65,niet gevonden,Neuschwanstein,Slot Neuschwanstein,https://nl.wikipedia.org/wiki/Slot_Neuschwanstein,,,
802,Gebouwen en infrastructuur,Hoeveel meter lang is de Golden Gate Bridge?,2737,bevestigd,Golden Gate Bridge,Golden Gate Bridge,https://en.wikipedia.org/wiki/Golden_Gate_Bridge,"The total length of the Golden Gate Bridge from abutment to abutment is 8,981 feet (2,737 m).",3 kernwoorden komen overeen,https://www.goldengate.org/bridge/bridge-overview/bridge-physical-facts/
803,Gebouwen en infrastructuur,Hoeveel meter lang is de langste overspanning van de Akashi Kaikyōbrug?,1991,getal gezien,Akashi Kaikyō Bridge,Akashi Kaikyo Bridge,https://en.wikipedia.org/wiki/Akashi_Kaikyo_Bridge,"It was completed in 1998, and at the time, was the longest central span of any suspension bridge in the world, at 1,991 metres (6,532 ft).","het getal staat er wel, maar niet in een herkenbare zin",https://www.jb-honshi.co.jp/english/
806,Gebouwen en infrastructuur,Hoeveel piramides staan er ongeveer in Gizeh?,3,niet gevonden,Gizeh,Piramiden van Gizeh,https://nl.wikipedia.org/wiki/Piramiden_van_Gizeh,,,https://www.britannica.com/place/Pyramids-of-Giza
807,Gebouwen en infrastructuur,Hoeveel piramides telt het piramideveld van Gizeh (de drie grote)?,3,niet gevonden,Gizeh,Piramiden van Gizeh,https://nl.wikipedia.org/wiki/Piramiden_van_Gizeh,,,
808,Gebouwen en infrastructuur,Hoeveel rivieren bruggen telt Sydney Harbour?,0,niet gevonden,Sydney Harbour,Sydney,https://nl.wikipedia.org/wiki/Sydney,,,
810,Gebouwen en infrastructuur,Hoeveel sfinxen staan er voor de tempel van Hatsjepsoet?,6,bevestigd,sfinxen tempel hatsjepsoet,Tempel van Hatsjepsoet,https://nl.wikipedia.org/wiki/Tempel_van_Hatsjepsoet,"349-392
Naville E., Deir el-Bahari, 6 v., 1895-1908
Siliotto A., Dal der Koningen, 1996
Werbrouck M., Le temple d'Hatsjepsout à Deir el-Bahari, 1948


Noten


Externe links
(en)  Meer informatie over de tempel.",1 kernwoord komt overeen,https://www.worldhistory.org/Temple_of_Hatshepsut/
811,Gebouwen en infrastructuur,Hoeveel sluizen heeft het Panamakanaal?,12,niet gevonden,Panamakanaal,Panamakanaal,https://nl.wikipedia.org/wiki/Panamakanaal,,"getal wel gezien, maar te algemeen om bewijs te zijn",
812,Gebouwen en infrastructuur,Hoeveel stappen telt El Castillo van Chichen Itza in totaal inclusief de top?,365,niet gevonden,El Castillo of Chichen Itza,"El Castillo, Chichen Itza",https://en.wikipedia.org/wiki/El_Castillo%2C_Chichen_Itza,,"getal wel gezien, maar te algemeen om bewijs te zijn",
813,Gebouwen en infrastructuur,Hoeveel stappen telt de Mayapyramide El Castillo per zijde?,91,niet gevonden,,,,,,
814,Kunst en cultuur,Hoeveel stenen beelden staan er in het Terracottaleger ongeveer?,8000,bevestigd,Terracottaleger,Terracottaleger,https://nl.wikipedia.org/wiki/Terracottaleger,"Het Terracottaleger is de benaming voor de archeologische vondst van ongeveer 8000 terracottafiguren die als grafgiften werden meegegeven aan de eerste keizer van China, Qin Shi Huangdi.",1 kernwoord komt overeen,
815,Gebouwen en infrastructuur,Hoeveel stenen staan er in de Stonehenge-hoofdstructuur ongeveer overeind?,80,bevestigd,Stonehenge,Stonehenge,https://nl.wikipedia.org/wiki/Stonehenge,De gaten bevatten tot 80 staande stenen.,1 kernwoord komt overeen,https://www.english-heritage.org.uk/visit/places/stonehenge/history-and-stories/history/
816,Gebouwen en infrastructuur,Hoeveel tegels bedekken het dak van het Sydney Opera House?,1000000,afwijkend,Sydney Opera House,Sydney Opera House,https://en.wikipedia.org/wiki/Sydney_Opera_House,"In 2007, the Sydney Opera House became a UNESCO World Heritage Site, having been listed on the (now defunct) Register of the National Estate since 1980, the National Trust of Australia register since 1983, the City of Sydney Heritage Inventory since 2000, the New South Wales State Heritage Register ",artikel noemt een ander getal bij dezelfde termen,https://whc.unesco.org/en/list/1613/
817,Gebouwen en infrastructuur,Hoeveel ton staal werd gebruikt voor de Eiffeltoren?,7300,getal gezien,Eiffeltoren,Eiffeltoren,https://nl.wikipedia.org/wiki/Eiffeltoren,De toren weegt 7300 ton (exclusief de fundering).,"het getal staat er wel, maar niet in een herkenbare zin",https://www.toureiffel.paris/en/the-monument/key-figures
818,Gebouwen en infrastructuur,Hoeveel ton weegt de Eiffeltoren in totaal?,10100,getal gezien,Eiffel Tower,Eiffel Tower,https://en.wikipedia.org/wiki/Eiffel_Tower,"Design


Material

The puddle iron (wrought iron) of the Eiffel Tower weighs 7,300 tonnes, and the addition of lifts, shops and antennae have brought the total weight to approximately 10,100 tonnes.","het getal staat er wel, maar niet in een herkenbare zin",https://mathworld.wolfram.com/PolygonDiagonal.html
819,Gebouwen en infrastructuur,Hoeveel torens heeft de Petronas Twin Towers?,2,bevestigd,Petronas Twin Towers,Petronas Towers,https://en.wikipedia.org/wiki/Petronas_Towers,"Interiors with furniture were completed on 1 January 1996, the spires of Tower 1 and Tower 2 were completed on 1 March 1996, 3 years after its construction was started, and the first batch of Petronas personnel moved into the building on 1 January 1997.",1 kernwoord komt overeen,
820,Gebouwen en infrastructuur,Hoeveel traptreden telt de Eiffeltoren naar de top?,1665,niet gevonden,Eiffeltoren,Eiffeltoren,https://nl.wikipedia.org/wiki/Eiffeltoren,,,https://www.toureiffel.paris/en/the-monument/key-figures
821,Gebouwen en infrastructuur,Hoeveel verdiepingen heeft One World Trade Center?,104,bevestigd,One World Trade Center,One World Trade Center,https://en.wikipedia.org/wiki/One_World_Trade_Center,"One World Trade Center's steel structure topped out at the 94th physical story (numbered as floor 104), with a total height of the roof top at 1,368 feet (417 m), in August 2012.",2 kernwoorden komen overeen,https://www.wtc.com/about/one-world-trade-center
822,Gebouwen en infrastructuur,Hoeveel verdiepingen heeft de Eureka Tower in Melbourne?,91,bevestigd,Eureka Tower,Eureka Tower,https://nl.wikipedia.org/wiki/Eureka_Tower,Het gebouw is 300 meter hoog en telt 91 verdiepingen boven de grond en 1 eronder.,1 kernwoord komt overeen,
823,Gebouwen en infrastructuur,Hoeveel verdiepingen heeft de Gran Torre Santiago in Chili (tallest in Latijns-Amerika)?,62,bevestigd,Gran Torre Santiago,Gran Torre Costanera,https://en.wikipedia.org/wiki/Gran_Torre_Costanera,"Gran Torre Costanera, previously known as Costanera Center Torre 2, also known as El Costanera (the Costanera) by locals, and previously known as Torre Gran Costanera, is a 62-story skyscraper in Santiago, Chile.",3 kernwoorden komen overeen,
824,Gebouwen en infrastructuur,Hoeveel verdiepingen heeft de Q1 Tower in Gold Coast (tallest in Australië)?,78,afwijkend,Gold Coast,"Gold Coast, Queensland",https://en.wikipedia.org/wiki/Gold_Coast%2C_Queensland,"Notable people

Megan Anderson, MMA fighter
Mackenzie Arnold, football goalkeeper for the Australia national team
Jack Beeton, racing driver
Anna Bligh, politician
Harley Cameron, professional wrestler
Aisha Dee, actress and singer
Jack Doohan, racing driver and son of Mick Doohan
Mick Doohan, five-",artikel noemt een ander getal bij dezelfde termen,
825,Gebouwen en infrastructuur,Hoeveel verdiepingen heeft de Tokyo Skytree uitkijkplatform?,2,niet gevonden,Tokyo Skytree,Tokyo Skytree,https://nl.wikipedia.org/wiki/Tokyo_Skytree,,,
826,Gebouwen en infrastructuur,Hoeveel verdiepingen heeft het Witte Huis?,4,niet gevonden,Witte Huis,Witte Huis (Rotterdam),https://nl.wikipedia.org/wiki/Witte_Huis_%28Rotterdam%29,,,
827,Gebouwen en infrastructuur,Hoeveel verdiepingen heeft de BD Bacatá in Bogotá?,67,bevestigd,BD Bacatá,BD Bacatá,https://en.wikipedia.org/wiki/BD_Bacat%C3%A1,"The old hotel was demolished; however, its name will remain, as it acknowledges Bogotá's (and Colombia's) indigenous heritage.[1]


Design
The BD Bacatá complex has the two tallest buildings in Colombia, one with 67 stories, where the new hotel, owned by the Spanish firm Eurostars, will be operating",1 kernwoord komt overeen,
828,Gebouwen en infrastructuur,Hoeveel zuilen had het oorspronkelijke Parthenon volgens de klassieke indeling?,46,bevestigd,Parthenon,Parthenon,https://nl.wikipedia.org/wiki/Parthenon,De verhouding van de zuilen van de buitenste colonnade is 8 × 17 en deze telt in totaal 46 zuilen.,1 kernwoord komt overeen,https://www.britannica.com/topic/Parthenon
829,Gebouwen en infrastructuur,Hoeveel zuilen heeft het Parthenon aan de korte zijde?,8,bevestigd,Parthenon,Parthenon,https://nl.wikipedia.org/wiki/Parthenon,De verhouding van de zuilen van de buitenste colonnade is 8 × 17 en deze telt in totaal 46 zuilen.,1 kernwoord komt overeen,https://www.britannica.com/topic/Parthenon
830,Gebouwen en infrastructuur,Hoeveel zuilen staan er aan de voorzijde van het Witte Huis?,6,bevestigd,Witte Huis,Witte Huis (Washington),https://nl.wikipedia.org/wiki/Witte_Huis_%28Washington%29,"In cijfers omvat het Witte Huis:

6 verdiepingen waarvan 2 ondergronds
5111 m² vloeroppervlakte
132 kamers
412 deuren
147 ramen
35 toiletten
28 open haarden
8 trappen
3 liften
1 bowlinghal
1 filmzaal
1 zwembad
1 basketbalveld
1 tennisveld
1 staatsbalzaal


Galerij


Zie ook
Witte Huis (Moskou)


Ext",2 kernwoorden komen overeen,https://www.whitehousehistory.org/the-north-portico
831,Gebouwen en infrastructuur,Uit hoeveel landen bestaat de UNESCO-site Het architectonische werk van Le Corbusier?,7,niet gevonden,Le Corbusier,Le Corbusier,https://nl.wikipedia.org/wiki/Le_Corbusier,,,UNESCO World Heritage Centre — Architectural Work of Le Corbusier
832,Gebouwen en infrastructuur,Wat is de totale lengte van alle stukken van de Chinese Muur in kilometers?,21196,bevestigd,Chinese Muur,Chinese Muur,https://nl.wikipedia.org/wiki/Chinese_Muur,"De gehele verdedigingslinie, inclusief verdedigingsgroeven van 359 kilometer en 2232 kilometer aan natuurlijke grenzen (rivieren, heuvels en bergen), heeft een lengte van 21 196 kilometer.",1 kernwoord komt overeen,https://whc.unesco.org/en/list/438/
833,Geografie,Door hoeveel landen stroomt de Donau?,10,niet gevonden,Donau,Donau,https://nl.wikipedia.org/wiki/Donau,,"getal wel gezien, maar te algemeen om bewijs te zijn",https://www.icpdr.org/
834,Geografie,Hoeveel Afrikaanse landen grenzen aan de Atlantische Oceaan?,23,niet gevonden,Atlantische Oceaan,Atlantische Oceaan,https://nl.wikipedia.org/wiki/Atlantische_Oceaan,,,
835,Geografie,Hoeveel Afrikaanse landen grenzen aan de Middellandse Zee?,6,niet gevonden,Middellandse Zee,Middellandse Zee,https://nl.wikipedia.org/wiki/Middellandse_Zee,,"getal wel gezien, maar te algemeen om bewijs te zijn",
836,Geografie,Hoeveel Afrikaanse landen liggen aan de Rode Zee?,6,niet gevonden,Rode Zee,Rode Zee,https://nl.wikipedia.org/wiki/Rode_Zee,,,
837,Geografie,Hoeveel Europese landen liggen er niet op het vasteland (exclusief eilanden) in de EU als eilandstaten?,2,niet gevonden,European,European Sleeper,https://nl.wikipedia.org/wiki/European_Sleeper,,"getal wel gezien, maar te algemeen om bewijs te zijn",
838,Geografie,Hoeveel duizend inwoners heeft Luxemburg?,660,niet gevonden,Luxemburg,Luxemburg (land),https://nl.wikipedia.org/wiki/Luxemburg_%28land%29,,,
840,Geografie,Hoeveel eilanden telt Fiji?,332,bevestigd,Fiji,Fiji,https://en.wikipedia.org/wiki/Fiji,Fiji consists of 332 islands (of which 106 are inhabited) and 522 smaller islets.,1 kernwoord komt overeen,
841,Geografie,Hoeveel eilanden telt Papoea-Nieuw-Guinea ongeveer?,600,niet gevonden,Papoea-Nieuw-Guinea,Papoea-Nieuw-Guinea,https://nl.wikipedia.org/wiki/Papoea-Nieuw-Guinea,,,
842,Geografie,Hoeveel eilanden omvat het Great Barrier Reef Marine Park ongeveer?,900,bevestigd,Great Barrier Reef Marine Park,Great Barrier Reef,https://en.wikipedia.org/wiki/Great_Barrier_Reef,"The Great Barrier Reef is the world's largest coral reef system, composed of over 2,900 individual reefs and 900 islands stretching for over 2,300 kilometres (1,400 mi) over an area of approximately 344,400 square kilometres (133,000 mi2).",3 kernwoorden komen overeen,https://www2.gbrmpa.gov.au/about/reef
843,Geografie,Hoeveel eilanden telt Indonesië officieel (2024)?,17000,bevestigd,Indonesië of,Indonesië,https://nl.wikipedia.org/wiki/Indonesi%C3%AB,"Het bestaat uit meer dan 17.000 eilanden, waaronder Sumatra, Java, Sulawesi en delen van Borneo en Nieuw-Guinea.",1 kernwoord komt overeen,
844,Geografie,Hoeveel eilanden telt het Great Barrier Reef?,900,bevestigd,Great Barrier Reef,Great Barrier Reef,https://en.wikipedia.org/wiki/Great_Barrier_Reef,"The Great Barrier Reef is the world's largest coral reef system, composed of over 2,900 individual reefs and 900 islands stretching for over 2,300 kilometres (1,400 mi) over an area of approximately 344,400 square kilometres (133,000 mi2).",3 kernwoorden komen overeen,
845,Geografie,Hoeveel eilanden vormen Indonesië volgens de officiële telling?,17508,niet gevonden,Indonesië,Indonesië,https://nl.wikipedia.org/wiki/Indonesi%C3%AB,,,https://www.big.go.id/en
846,Geografie,Hoeveel eilandstaten telt Afrika?,6,niet gevonden,Afrika,Afrika,https://nl.wikipedia.org/wiki/Afrika,,,
847,Geografie,Hoeveel emiraten telt de Verenigde Arabische Emiraten?,7,bevestigd,Verenigde Arabische Emiraten,Verenigde Arabische Emiraten,https://nl.wikipedia.org/wiki/Verenigde_Arabische_Emiraten,"Bestuurlijke indeling

De Verenigde Arabische Emiraten zijn onderverdeeld in 7 emiraten:

Ieder emiraat kent zijn eigen wetgeving over lokaal bestuur.",3 kernwoorden komen overeen,
848,Geografie,Hoeveel hoofdeilanden heeft Nieuw-Zeeland?,2,niet gevonden,Nieuw-Zeeland,Nieuw-Zeeland,https://nl.wikipedia.org/wiki/Nieuw-Zeeland,,,
849,Geografie,Hoeveel kilometer breed is de Sahara van noord naar zuid ongeveer op het breedste punt?,2000,bevestigd,Sahara van,Western Sahara,https://en.wikipedia.org/wiki/Western_Sahara,"This was discussed by the United Nations Security Council in 2000, and envisioned an autonomous Western Sahara Authority (WSA), which would be followed after five years by the referendum.",1 kernwoord komt overeen,https://www.britannica.com/place/Sahara-desert-Africa
852,Geografie,Hoeveel kilometer lang is de Andes ongeveer?,7000,getal gezien,Andes,Andes,https://nl.wikipedia.org/wiki/Andes,"Het berggebied is ongeveer 7000 km lang, op sommige plaatsen 160 km breed en heeft een gemiddelde hoogte van circa 4000 m.","het getal staat er wel, maar niet in een herkenbare zin",https://www.britannica.com/place/Andes-Mountains
853,Geografie,Hoeveel duizend kilometer lang is de Australische kustlijn?,36,niet gevonden,Australische,Australische Zeitung,https://en.wikipedia.org/wiki/Australische_Zeitung,,,
854,Geografie,Hoeveel kilometer lang is de Donau?,2850,getal gezien,Danube,Danube,https://en.wikipedia.org/wiki/Danube,"Originating in Germany, the Danube flows southeast for 2,850 km (1,770 mi), passing through or bordering Austria, Slovakia, Hungary, Croatia, Serbia, Romania, Bulgaria, Moldova, and Ukraine.","het getal staat er wel, maar niet in een herkenbare zin",
855,Geografie,Hoeveel kilometer lang is de Ganges?,2525,bevestigd,Ganges,Ganges,https://en.wikipedia.org/wiki/Ganges,"The length of the Ganges is frequently said to be slightly over 2,600 km (1,600 mi) long, about 2,601 km (1,616 mi), 2,525 km (1,569 mi) or 2,650 km (1,650 mi).",1 kernwoord komt overeen,
858,Geografie,Hoeveel kilometer lang is de Grote Muur van China ongeveer?,21196,getal gezien,Grote Muur van China,Chinese Muur,https://nl.wikipedia.org/wiki/Chinese_Muur,"De gehele verdedigingslinie, inclusief verdedigingsgroeven van 359 kilometer en 2232 kilometer aan natuurlijke grenzen (rivieren, heuvels en bergen), heeft een lengte van 21 196 kilometer.","het getal staat er wel, maar niet in een herkenbare zin",https://whc.unesco.org/en/list/438/
859,Geografie,Hoeveel kilometer breed is de Kalahariwoestijn ongeveer?,900,niet gevonden,Kalahari de,Kalahari,https://nl.wikipedia.org/wiki/Kalahari,,"getal wel gezien, maar te algemeen om bewijs te zijn",
860,Geografie,Hoeveel kilometer lang is de Kongo?,4700,niet gevonden,Kongo,Koninkrijk Kongo,https://nl.wikipedia.org/wiki/Koninkrijk_Kongo,,,
862,Geografie,Hoeveel kilometer lang is de Murray?,2508,bevestigd,Murray River,Murray (rivier),https://nl.wikipedia.org/wiki/Murray_%28rivier%29,De Murray is met zijn 2.508 kilometer de langste rivier van Australië en ontspringt in de Australische Alpen.,1 kernwoord komt overeen,
863,Geografie,Hoeveel kilometer lang is de Niger?,4200,niet gevonden,Niger,Niger,https://nl.wikipedia.org/wiki/Niger,,,
865,Geografie,Hoeveel kilometer lang is de Rijn?,1230,getal gezien,Rhine,Rhine,https://en.wikipedia.org/wiki/Rhine,"It drains an area of 185,000 km2, it is the second-longest river in Central and Western Europe (after the Danube), at about 1,230 km (760 mi) with an average discharge of about 2,900 m3/s (100,000 cu ft/s).","het getal staat er wel, maar niet in een herkenbare zin",
866,Geografie,Hoeveel kilometer lang is de Zambezi?,2574,getal gezien,Zambezi,Zambezi,https://en.wikipedia.org/wiki/Zambezi,"The 2,574 km (1,599 mi) river rises in Zambia and flows through eastern Angola, along the north-eastern border of Namibia and the northern border of Botswana, then along the border between Zambia and Zimbabwe to Mozambique, where it crosses the country to empty into the Indian Ocean.","het getal staat er wel, maar niet in een herkenbare zin",
867,Geografie,Hoeveel kilometer lang is de evenaar ongeveer?,40075,niet gevonden,,,,,,https://education.nationalgeographic.org/resource/equator/
868,Geografie,Hoeveel kilometer lang is de kustlijn van Canada ongeveer?,202080,niet gevonden,Canada,Canada,https://nl.wikipedia.org/wiki/Canada,,,https://natural-resources.canada.ca/earth-sciences/geography
869,Geografie,Hoeveel kilometer lang is de kustlijn van de Middellandse Zee ongeveer?,46000,getal gezien,Middellandse Zee,Middellandse Zee,https://nl.wikipedia.org/wiki/Middellandse_Zee,De omtrek is 46.000 kilometer.,"het getal staat er wel, maar niet in een herkenbare zin",https://www.britannica.com/place/Mediterranean-Sea
870,Geografie,Hoeveel kilometer lang is het Tanganyikameer ongeveer?,660,niet gevonden,Tanganyikameer,Tanganyikameer,https://nl.wikipedia.org/wiki/Tanganyikameer,,,https://www.britannica.com/place/Lake-Tanganyika
871,Geografie,Door hoeveel landen loopt het Andesgebergte?,7,niet gevonden,Andes,Andes,https://nl.wikipedia.org/wiki/Andes,,,
873,Geografie,Hoeveel landen grenzen aan Algerije?,7,bevestigd,landen grenzen,Artsen zonder Grenzen,https://nl.wikipedia.org/wiki/Artsen_zonder_Grenzen,"Artsen zonder Grenzen Nederland werd op 7 september 1984 opgericht in Amsterdam door een groep van zes mensen: Jacques de Milliano, Roelf Padt, Simon Horenblas, Aswin Meier, Barbara Lopes Cardozo en Janine Osmers.",1 kernwoord komt overeen,
874,Geografie,Hoeveel landen grenzen aan Angola?,4,bevestigd,Angola,Angola,https://en.wikipedia.org/wiki/Angola,"The African Economic Outlook organisation states that ""Angola requires 4.5 million tonnes a year of grain but grows only about 55% of the maize it needs, 20% of the rice and just 5% of its required wheat"".",1 kernwoord komt overeen,
875,Geografie,Hoeveel landen grenzen aan Argentinië?,5,niet gevonden,Argentinië,Argentinië,https://nl.wikipedia.org/wiki/Argentini%C3%AB,,"getal wel gezien, maar te algemeen om bewijs te zijn",
876,Geografie,Hoeveel landen grenzen aan Bolivia?,5,bevestigd,Bolivia,Bolivia,https://en.wikipedia.org/wiki/Bolivia,"The Special Economical Zone for Bolivia in Ilo (ZEEBI) is a special economic area of 5 kilometers (3.1 miles) of maritime coast, and a total extension of 358 hectares (880 acres), called Mar Bolivia (""Sea Bolivia""), where Bolivia may maintain a free port near Ilo, Peru under its administration and o",1 kernwoord komt overeen,
877,Geografie,Hoeveel landen grenzen aan Chili?,3,bevestigd,Chili,Chili,https://en.wikipedia.org/wiki/Chili,"Chili or chilli may refer to:


Food
Chili pepper, the spicy fruit of plants in the genus Capsicum; sometimes spelled ""chilli"" in the UK and ""chile"" in the southwestern US
Chili powder, the dried, pulverized fruit of one or more varieties of chili pepper
Chili con carne, often referred to simply as ",1 kernwoord komt overeen,
878,Geografie,Hoeveel landen grenzen aan China (vasteland excl. zee)?,14,bevestigd,China,China,https://nl.wikipedia.org/wiki/China,De kustlijn van het vasteland heeft een totale lengte van rond de 14.500 km.,1 kernwoord komt overeen,
879,Geografie,Hoeveel landen grenzen aan Colombia?,5,bevestigd,Colombia,Colombia,https://nl.wikipedia.org/wiki/Colombia,"Geografie


Fysieke kenmerken

Er zijn in Colombia in grote lijnen 5 gebieden die onderscheiden kunnen worden naar klimaat en landschap:

de Andes in het westen.",1 kernwoord komt overeen,
880,Geografie,Hoeveel landen grenzen aan Congo-Kinshasa?,9,niet gevonden,Congo-Kinshasa,Congo-Kinshasa,https://nl.wikipedia.org/wiki/Congo-Kinshasa,,"getal wel gezien, maar te algemeen om bewijs te zijn",
881,Geografie,Hoeveel landen grenzen aan Costa Rica?,2,bevestigd,Costa Rica,Costa Rica,https://nl.wikipedia.org/wiki/Costa_Rica,"Energievoorziening

Costa Rica produceerde 2,6 miljoen ton olie-equivalent (Mtoe) in 2016.",2 kernwoorden komen overeen,
882,Geografie,Hoeveel landen grenzen aan Ecuador?,2,bevestigd,Ecuador,Ecuador,https://en.wikipedia.org/wiki/Ecuador,In 2026 the United Nations reported that 2.6 million people in Ecuador are facing acute hunger amid an unprecedented crisis.,1 kernwoord komt overeen,
883,Geografie,Hoeveel landen grenzen aan Egypte?,4,bevestigd,Egypte,Egypte (land),https://nl.wikipedia.org/wiki/Egypte_%28land%29,"Cijfers van The World Factbook
The World Factbook van de CIA meldt van 2016 de volgende cijfers:

geboortecijfer: 30,8 per 1000 inwoners
sterftecijfer: 4,7 per 1000 inwoners
bevolkingsgroei: 2,51%
levensverwachting: gemiddeld 72,7 jaar (mannen: 71,4 jaar, vrouwen: 74,2 jaar)
analfabetisme: bij de ma",1 kernwoord komt overeen,
884,Geografie,Hoeveel landen grenzen aan Ethiopië?,6,niet gevonden,Ethiopië,Ethiopië,https://nl.wikipedia.org/wiki/Ethiopi%C3%AB,,"getal wel gezien, maar te algemeen om bewijs te zijn",
885,Geografie,Hoeveel landen grenzen aan Frankrijk (vasteland excl. overzeese gebieden)?,8,niet gevonden,Frankrijk,Frankrijk,https://nl.wikipedia.org/wiki/Frankrijk,,,
886,Geografie,Hoeveel landen grenzen aan Ghana?,3,bevestigd,Ghana,Ghana,https://en.wikipedia.org/wiki/Ghana,"Etymology


Empire of Ghana

The name Ghana comes from Wagadu, an empire in west Africa from the 3rd to 12th centuries; Wagadu was termed Ghana by Arab traders involved in the trans-Saharan trade.",1 kernwoord komt overeen,
887,Geografie,Hoeveel landen grenzen aan Guatemala?,4,niet gevonden,Guatemala,Guatemala,https://nl.wikipedia.org/wiki/Guatemala,,,
888,Geografie,Hoeveel landen grenzen aan Honduras?,3,niet gevonden,Honduras,Honduras,https://nl.wikipedia.org/wiki/Honduras,,"getal wel gezien, maar te algemeen om bewijs te zijn",
889,Geografie,Hoeveel landen grenzen aan India (vasteland)?,7,bevestigd,India,India,https://en.wikipedia.org/wiki/India,"India is the habitat for 8.6% of all mammals, 13.7% of bird species, 7.9% of reptile species, 6% of amphibian species, 12.2% of fish species, and 6.0% of all flowering plant species.",1 kernwoord komt overeen,
890,Geografie,Hoeveel landen grenzen aan Kameroen?,6,niet gevonden,Kameroen,Kameroen,https://nl.wikipedia.org/wiki/Kameroen,,"getal wel gezien, maar te algemeen om bewijs te zijn",
891,Geografie,Hoeveel landen grenzen aan Kenia?,5,niet gevonden,Kenia,Kenia,https://nl.wikipedia.org/wiki/Kenia,,"getal wel gezien, maar te algemeen om bewijs te zijn",
892,Geografie,Hoeveel landen grenzen aan Libië?,6,bevestigd,Libië,Libië,https://nl.wikipedia.org/wiki/Libi%C3%AB,"In 1965 was Libië de 6e olie-exporteur ter wereld en in 1969 produceerde het al meer dan 3 miljoen vaten olie per dag, meer dan Saoedi-Arabië op dat moment.",1 kernwoord komt overeen,
893,Geografie,Hoeveel landen grenzen aan Mali?,7,bevestigd,Mali,Mali,https://en.wikipedia.org/wiki/Mali,"After the 2012 imposition of sharia rule in northern parts of the country, however, Mali came to be listed high (number 7) in the Christian persecution index published by Open Doors, which described the persecution in the north as severe.",1 kernwoord komt overeen,
894,Geografie,Hoeveel landen grenzen aan Mozambique?,6,niet gevonden,Mozambique,Mozambique,https://nl.wikipedia.org/wiki/Mozambique,,"getal wel gezien, maar te algemeen om bewijs te zijn",
895,Geografie,Hoeveel landen grenzen aan Nicaragua?,2,bevestigd,Nicaragua,Nicaragua,https://en.wikipedia.org/wiki/Nicaragua,"Geography

Nicaragua occupies a landmass of 130,967 km2 (50,567 sq mi), which makes it slightly larger than England.",1 kernwoord komt overeen,
896,Geografie,Hoeveel landen grenzen aan Niger?,7,bevestigd,Niger,Niger,https://en.wikipedia.org/wiki/Niger,"Administrative divisions
Niger is divided into 7 regions and one capital district.",1 kernwoord komt overeen,
897,Geografie,Hoeveel landen grenzen aan Nigeria?,4,bevestigd,Nigeria,Nigeria,https://en.wikipedia.org/wiki/Nigeria,"Nigeria lies between latitudes 4° and 14°N, and longitudes 2° and 15°E.",1 kernwoord komt overeen,
898,Geografie,Hoeveel landen grenzen aan Oeganda?,5,niet gevonden,Oeganda,Oeganda,https://nl.wikipedia.org/wiki/Oeganda,,,
899,Geografie,Hoeveel landen grenzen aan Oostenrijk?,8,niet gevonden,Oostenrijk,Oostenrijk,https://nl.wikipedia.org/wiki/Oostenrijk,,"getal wel gezien, maar te algemeen om bewijs te zijn",https://www.austria.info/en/service-and-facts/about-austria
900,Geografie,Hoeveel landen grenzen aan Panama?,2,bevestigd,Panama,Panama,https://en.wikipedia.org/wiki/Panama,"In 2025, Panama also had an unemployment rate of 8%, an increase from 2.7 percent in 2012.",1 kernwoord komt overeen,
901,Geografie,Hoeveel landen grenzen aan Paraguay?,3,bevestigd,Paraguay,Paraguay,https://nl.wikipedia.org/wiki/Paraguay,"70 km is industriespoor en ander geprivatiseerd spoor)


Tram
Tram van Asuncion, voormalig trambedrijf


Wegen
Totaal: 29.500 km (1999)
Geasfalteerd: 14.986 km
Ongeasfalteerd: 14.514 km


Waterwegen
3.100 km


Havens
Asuncion, Villeta, San Antonio, Encarnación


Luchthavens
In 1999 telde Paraguay 93",1 kernwoord komt overeen,
902,Geografie,Hoeveel landen grenzen aan Peru?,5,bevestigd,Peru,Peru,https://en.wikipedia.org/wiki/Peru,"On 5 April 1879, Chile declared war on Peru, unleashing the War of the Pacific, which lasted until 1884.",1 kernwoord komt overeen,
903,Geografie,Hoeveel landen grenzen aan Polen?,7,bevestigd,Polen,Polen,https://nl.wikipedia.org/wiki/Polen,"Overig
TVN, diverse kanalen van de Luxemburgse ITI Groep, waaronder TVN Siedem (vroeger RTL 7 (Polen)), TVN Meteo, TVN24, TVN&CNBC Biznes, TVN Religia, TVN HD, TVN Turbo, TVN Style, TVN Lingua, Mango 24, iTVN.",1 kernwoord komt overeen,
904,Geografie,Hoeveel landen grenzen aan Rusland (vasteland excl. overzeese)?,14,bevestigd,Rusland,Rusland,https://nl.wikipedia.org/wiki/Rusland,"In de Westerse cultuur deed de profane cultuur haar invloed al gelden sinds de renaissance in de 14e eeuw, maar in Rusland pas in de 17e eeuw.",1 kernwoord komt overeen,
905,Geografie,Hoeveel landen grenzen aan Soedan?,7,bevestigd,Soedan,Soedan,https://nl.wikipedia.org/wiki/Soedan,"Vooral de bevolking in de regio Khartoem nam toe, het aantal inwoners van die regio werd in 2006 geschat op rond de 7 miljoen mensen, onder wie 2 miljoen vluchtelingen uit het door oorlog getroffen zuiden van Soedan.",1 kernwoord komt overeen,
906,Geografie,Hoeveel landen grenzen aan Spanje (vasteland)?,5,niet gevonden,Spanje,Spanje,https://nl.wikipedia.org/wiki/Spanje,,"getal wel gezien, maar te algemeen om bewijs te zijn",
907,Geografie,Hoeveel landen grenzen aan Tanzania?,8,niet gevonden,Tanzania,Tanzania,https://nl.wikipedia.org/wiki/Tanzania,,,
908,Geografie,Hoeveel landen grenzen aan Tsjaad?,6,bevestigd,Tsjaad,Tsjaad,https://nl.wikipedia.org/wiki/Tsjaad,"Tsjaad heeft met 6,4 kinderen per vrouw (2025) een van de hoogste geboortecijfers ter wereld.",1 kernwoord komt overeen,
909,Geografie,Hoeveel landen grenzen aan Uruguay?,2,bevestigd,Uruguay,Uruguay,https://en.wikipedia.org/wiki/Uruguay,"Geography

With 176,214 km2 (68,037 sq mi) of continental land and 125,436 km2 (48,431 sq mi) of territorial waters, Uruguay is the second-smallest sovereign nation in South America (after Suriname) and the third smallest territory (French Guiana is the smallest).",1 kernwoord komt overeen,
910,Geografie,Hoeveel landen grenzen aan Venezuela?,3,bevestigd,Venezuela,Venezuela,https://nl.wikipedia.org/wiki/Venezuela,Op 3 januari 2026 vond een Amerikaanse militaire actie in Venezuela plaats.,1 kernwoord komt overeen,
911,Geografie,Hoeveel landen grenzen aan Zuid-Afrika?,6,niet gevonden,Zuid-Afrika,Zuid-Afrika,https://nl.wikipedia.org/wiki/Zuid-Afrika,,"getal wel gezien, maar te algemeen om bewijs te zijn",
912,Geografie,Hoeveel landen grenzen aan de Middellandse Zee?,22,afwijkend,Middellandse Zee,Middellandse Zee,https://nl.wikipedia.org/wiki/Middellandse_Zee,"De belangrijkste eilandengroepen en eilanden zijn:

in het westen: de Balearen, met Mallorca, Menorca en Ibiza
centraal: Corsica, Sardinië, Sicilië, Malta en Djerba
in het oosten: Kreta, Lesbos, Rhodos en Cyprus


Landen
Landen die aan de Middellandse Zee grenzen zijn:

in het noordwesten en noorden",artikel noemt een ander getal bij dezelfde termen,https://www.britannica.com/place/Mediterranean-Sea
913,Geografie,Hoeveel landen grenzen aan het Tanganyikameer?,4,niet gevonden,Tanganyikameer,Tanganyikameer,https://nl.wikipedia.org/wiki/Tanganyikameer,,,https://www.britannica.com/place/Lake-Tanganyika
914,Geografie,Hoeveel landen grenzen direct aan de Noordzee?,8,afwijkend,Noordzee,Noordzee,https://nl.wikipedia.org/wiki/Noordzee,"Economie


Politieke status
De landen die aan de Noordzee grenzen claimen allemaal een zone van 12 mijl als territoriale wateren, waarbinnen zij de exclusieve visrechten hebben.",artikel noemt een ander getal bij dezelfde termen,https://www.britannica.com/place/North-Sea
915,Geografie,Hoeveel landen grenzen direct aan de Zwarte Zee?,6,niet gevonden,Zwarte Zee,Zwarte Zee,https://nl.wikipedia.org/wiki/Zwarte_Zee,,,https://www.britannica.com/place/Black-Sea
916,Geografie,Hoeveel landen hebben grondgebied in het Amazonebekken?,8,niet gevonden,Amazonebekken,Amazonebekken,https://nl.wikipedia.org/wiki/Amazonebekken,,,https://www.britannica.com/place/Amazon-River
917,Geografie,Door hoeveel landen stroomt de Nijl of een van zijn zijrivieren?,11,bevestigd,Nijl of,Nijl,https://nl.wikipedia.org/wiki/Nijl,"De totale bevolking van de 11 landen waar hij doorheen stroomt, en die sterk afhankelijk zijn van de rivier, bedraagt 443 miljoen.",2 kernwoorden komen overeen,
918,Geografie,Hoeveel landen hebben grondgebied in de Sahara?,10,bevestigd,Sahara,Sahara,https://en.wikipedia.org/wiki/Sahara,"The smallest variations are found along the coastal regions due to high humidity and are often even lower than a 10 °C (18 °F) difference, while the largest variations are found in inland desert areas where the humidity is the lowest, mainly in the southern Sahara.",1 kernwoord komt overeen,
919,Geografie,Hoeveel landen liggen er aan de Middellandse Zee (Noord-Afrika + Europa + Azië)?,22,niet gevonden,Middellandse Zee,Middellandse Zee,https://nl.wikipedia.org/wiki/Middellandse_Zee,,,
920,Geografie,Hoeveel landen telt Europa?,50,niet gevonden,Europa,Europa (werelddeel),https://nl.wikipedia.org/wiki/Europa_%28werelddeel%29,,,
921,Geografie,Hoeveel landen liggen er in Melanesië?,4,niet gevonden,Melanesië,Melanesië,https://nl.wikipedia.org/wiki/Melanesi%C3%AB,,,
922,Geografie,Hoeveel landen telt Afrika?,54,bevestigd,Afrika,Afrika,https://nl.wikipedia.org/wiki/Afrika,"Landen

Afrika bestaat uit 54 onafhankelijke staten en een aantal niet-onafhankelijke gebieden.",2 kernwoorden komen overeen,https://au.int/en/member_states/countryprofiles2
923,Geografie,Hoeveel landen telt Azië?,49,niet gevonden,Azië,Azië,https://nl.wikipedia.org/wiki/Azi%C3%AB,,,
924,Geografie,Hoeveel landen telt Midden-Amerika?,7,niet gevonden,Midden-Amerika,Midden-Amerika,https://nl.wikipedia.org/wiki/Midden-Amerika,,,
925,Geografie,Hoeveel landen telt de Sahel-regio?,10,niet gevonden,Sahel,Sahel (landstreek),https://nl.wikipedia.org/wiki/Sahel_%28landstreek%29,,"getal wel gezien, maar te algemeen om bewijs te zijn",
926,Geografie,Hoeveel landen worden tot het Arabisch Schiereiland gerekend?,7,niet gevonden,Arabisch Schiereiland,Arabisch Schiereiland,https://nl.wikipedia.org/wiki/Arabisch_Schiereiland,,,https://www.britannica.com/place/Arabian-Peninsula
927,Geografie,Hoeveel landen worden verbonden door de UNESCO-site van de Struve-geodetische boog?,10,niet gevonden,UNESCO,UNESCO,https://nl.wikipedia.org/wiki/UNESCO,,,UNESCO World Heritage Centre — Struve Geodetic Arc
928,Politiek en recht,Hoeveel landen zijn lid van de Europese Unie (2024)?,27,bevestigd,Europese Unie,Europese Unie,https://nl.wikipedia.org/wiki/Europese_Unie,De Europese Unie (EU) is een uit 27 Europese landen bestaand statenverband.,3 kernwoorden komen overeen,
929,Geografie,Hoeveel meter breed zijn de Victoriawatervallen?,1708,getal gezien,Victoriawatervallen,Victoriawatervallen,https://nl.wikipedia.org/wiki/Victoriawatervallen,Zij vormen een watergordijn van 1708 meter breed en 100 meter hoog en hebben een maximale valhoogte van 128 meter.,"het getal staat er wel, maar niet in een herkenbare zin",
930,Geografie,Hoeveel meter diep is de Grand Canyon op het diepste punt?,1857,bevestigd,Grand Canyon,Grand Canyon,https://en.wikipedia.org/wiki/Grand_Canyon,"The Grand Canyon is 277 miles (446 km) long, up to 18 miles (29 km) wide and attains a depth of over a mile (6,093 feet or 1,857 meters).",2 kernwoorden komen overeen,
931,Geografie,Hoeveel meter hoog is de K2?,8611,niet gevonden,,,,,,
932,Geografie,Hoeveel meter hoog is Mount Cook (Aoraki)?,3724,bevestigd,Mount Cook,Mount Cook,https://nl.wikipedia.org/wiki/Mount_Cook,"Mount Cook (Maori: Aoraki, de berg die de wolken pakt), een berg op het Zuidereiland, is de hoogste berg (3.724 meter) van Nieuw-Zeeland.",3 kernwoorden komen overeen,
933,Geografie,Hoeveel meter hoog is Mount Everest?,8849,getal gezien,Mount Everest,Mount Everest,https://nl.wikipedia.org/wiki/Mount_Everest,Het gesprek had wel wat omhanden: door de extreme kou en wind op 8849 meter moest de batterij van de mobiele telefoon op het lichaam van Baber worden vastgeplakt om niet kapot te vriezen.,"het getal staat er wel, maar niet in een herkenbare zin",
934,Geografie,Hoeveel meter hoog is Mount Kenya?,5199,bevestigd,Mount Kenya,Mount Kenya,https://nl.wikipedia.org/wiki/Mount_Kenya,Mount Kenya of Kirinyaga (= Blinkende Berg) is de hoogste berg van Kenia en met zijn 5199 meter na de Kilimanjaro de hoogste berg van Afrika.,2 kernwoorden komen overeen,
935,Geografie,"Hoeveel meter hoog is Mount Kosciuszko, het hoogste punt van Australië?",2228,bevestigd,Mount Kosciuszko,Mount Kosciuszko,https://nl.wikipedia.org/wiki/Mount_Kosciuszko,De Mount Kosciuszko bevindt zich in New South Wales en is met 2228 m de hoogste berg van het Australische vasteland.,3 kernwoorden komen overeen,
936,Geografie,Hoeveel meter hoog is Uluru?,348,niet gevonden,Uluru,Uluru,https://nl.wikipedia.org/wiki/Uluru,,,
937,Geografie,Hoeveel meter hoog is de Aconcagua?,6961,bevestigd,Aconcagua,Aconcagua,https://nl.wikipedia.org/wiki/Aconcagua,"De Aconcagua, gelegen in de Andes, in Argentinië, is met zijn 6.961 meter de hoogste berg van het Amerikaanse continent en de hoogste berg ter wereld buiten Azië.",1 kernwoord komt overeen,
939,Geografie,Hoeveel meter hoog is de Kilimanjaro?,5895,getal gezien,Kilimanjaro,Kilimanjaro (berg),https://nl.wikipedia.org/wiki/Kilimanjaro_%28berg%29,Met 5895 meter is dit de hoogste berg van Afrika.,"het getal staat er wel, maar niet in een herkenbare zin",
942,Geografie,"Hoeveel meter hoog is de Toubkal, de hoogste top van het Atlasgebergte?",4167,bevestigd,Atlasgebergte,Atlasgebergte,https://nl.wikipedia.org/wiki/Atlasgebergte,De hoogste top is de 4167 m hoge Toubkal in Centraal-Marokko.,2 kernwoorden komen overeen,
943,Geografie,Hoeveel meter hoog zijn de Victoriawatervallen?,108,niet gevonden,Victoriawatervallen,Victoriawatervallen,https://nl.wikipedia.org/wiki/Victoriawatervallen,,,
944,Geografie,Hoeveel meter ligt de Dode Zee ongeveer onder zeeniveau?,430,bevestigd,Dode Zee,Dode Zee,https://nl.wikipedia.org/wiki/Dode_Zee,"In 2019 lag de waterspiegel van de Dode Zee 430,5 meter onder zeeniveau, waarmee het de laagst gelegen plek op het aardoppervlak is.",3 kernwoorden komen overeen,https://www.britannica.com/place/Dead-Sea
945,Geografie,Hoeveel miljoen inwoners heeft Argentinië?,46,niet gevonden,Argentinië,Argentinië,https://nl.wikipedia.org/wiki/Argentini%C3%AB,,,
946,Geografie,Hoeveel miljoen inwoners heeft Australië?,27,bevestigd,Australië,Australië (land),https://nl.wikipedia.org/wiki/Australi%C3%AB_%28land%29,"Van de circa 27 miljoen inwoners woont het grootste deel in en nabij de grote steden, zoals Sydney, Melbourne, Brisbane, Perth en Adelaide.",2 kernwoorden komen overeen,
947,Geografie,Hoeveel miljoen inwoners heeft Brazilië?,212,bevestigd,Brazilië,Brazilië,https://nl.wikipedia.org/wiki/Brazili%C3%AB,"Het inwoneraantal bedroeg meer dan 212,6 miljoen in 2024.",1 kernwoord komt overeen,
948,Geografie,Hoeveel miljoen inwoners heeft Chili?,20,bevestigd,Chili,Chili,https://nl.wikipedia.org/wiki/Chili,"In de 18e, 19e, 20e eeuw kwamen er geen Spaanse Europese immigranten in Chili aan en in het begin van 1848 vond een grote en belangrijke Duitse immigratie plaats, die het fundament legde voor een grote Duits-Chileense gemeenschap.",1 kernwoord komt overeen,
949,Geografie,Hoeveel miljoen inwoners heeft Colombia?,52,afwijkend,miljoen inwoners colombia,Colombia,https://nl.wikipedia.org/wiki/Colombia,Met circa 50 miljoen inwoners is Colombia het derde land naar inwonertal van Latijns-Amerika (na Brazilië en Mexico).,artikel noemt een ander getal bij dezelfde termen,
950,Geografie,Hoeveel miljoen inwoners heeft Mexico?,130,niet gevonden,Mexico,Mexico (land),https://nl.wikipedia.org/wiki/Mexico_%28land%29,,,
951,Geografie,Hoeveel miljoen inwoners heeft Nieuw-Zeeland?,5,niet gevonden,Nieuw-Zeeland,Nieuw-Zeeland,https://nl.wikipedia.org/wiki/Nieuw-Zeeland,,"getal wel gezien, maar te algemeen om bewijs te zijn",
952,Geografie,Hoeveel miljoen inwoners heeft Peru?,34,bevestigd,Peru,Peru,https://en.wikipedia.org/wiki/Peru,"In 2021, Peru had, in terms of installed renewable electricity, 5,490 MW in hydropower (34th largest in the world), 409 MW in wind power (49th largest in the world), 336 MW in solar power (62nd largest in the world), and 185 MW in biomass.",1 kernwoord komt overeen,
953,Geografie,Hoeveel nationale parken telt Australië ongeveer?,500,bevestigd,Australië,Australië (land),https://nl.wikipedia.org/wiki/Australi%C3%AB_%28land%29,"Toerisme
Australië is een populaire vakantiebestemming en de toerismesector, waarin circa 500.000 Australiërs werkzaam zijn, vormt een belangrijk deel van de economie.",1 kernwoord komt overeen,
954,Geografie,Hoeveel nationale parken telt de Verenigde Staten?,63,afwijkend,Verenigde Staten,Verenigde Staten,https://nl.wikipedia.org/wiki/Verenigde_Staten,"Een ingrijpende bijsturing kwam er ook met de Nationale Veiligheidsstrategie van 5 december 2025 onder president Trump: “de Verenigde Staten moeten weer hun macht laten gelden over het hele Amerikaanse continent, Europa moet zijn eigen boontjes doppen en met Rusland moet vooral heel snel vrede geslo",artikel noemt een ander getal bij dezelfde termen,
955,Taal,Hoeveel officiële talen telt de Europese Unie?,24,bevestigd,Europese Unie,Europese Unie,https://nl.wikipedia.org/wiki/Europese_Unie,"Talen

De 24 officiële talen van de instituten van de Europese Unie zijn:

Alle besluiten van de instellingen worden vertaald in alle officiële talen.",4 kernwoorden komen overeen,
956,Taal,Hoeveel talen erkent India als officiële taal?,22,afwijkend,talen erkent india,India,https://nl.wikipedia.org/wiki/India,"Daarnaast erkent de grondwet nog 21 andere officiële talen, die op deelstaatniveau een belangrijke rol kunnen spelen.",artikel noemt een ander getal bij dezelfde termen,
957,Taal,Hoeveel officiële talen heeft België?,3,bevestigd,België,België,https://nl.wikipedia.org/wiki/Belgi%C3%AB,"3 dat België drie gewesten omvat: het Vlaams Gewest (waarin vooral Nederlandstaligen wonen, met in bepaalde gemeenten faciliteiten voor Franstaligen), het Waals Gewest (waarin vooral Franstaligen en de Duitstalige gemeenschap wonen, in bepaalde gemeenten faciliteiten voor de Nederlandstaligen) en he",1 kernwoord komt overeen,
958,Geografie,Hoeveel prefecturen heeft Japan?,47,bevestigd,Japan,Japan,https://nl.wikipedia.org/wiki/Japan,Het land is verdeeld in 47 prefecturen.,1 kernwoord komt overeen,
959,Geografie,Hoeveel procent van Australië is woestijn of droog gebied?,70,niet gevonden,Australië,Australië (land),https://nl.wikipedia.org/wiki/Australi%C3%AB_%28land%29,,,
960,Geografie,Hoeveel procent van het Amazonebekken ligt ongeveer in Brazilië?,60,niet gevonden,Amazonebekken,Amazonebekken,https://nl.wikipedia.org/wiki/Amazonebekken,,,https://www.britannica.com/place/Amazon-River
961,Geografie,Hoeveel provincies telt China?,23,bevestigd,China,China,https://nl.wikipedia.org/wiki/China,Met rond de 23 miljoen inwoners is Shanghai de grootste stad van China.,1 kernwoord komt overeen,
963,Geografie,Hoeveel regio's telt Nieuw-Zeeland?,16,niet gevonden,Nieuw-Zeeland,Nieuw-Zeeland,https://nl.wikipedia.org/wiki/Nieuw-Zeeland,,"getal wel gezien, maar te algemeen om bewijs te zijn",
964,Geografie,Hoeveel staatjes telt Micronesië als federatie?,4,niet gevonden,Micronesië,Micronesië (land),https://nl.wikipedia.org/wiki/Micronesi%C3%AB_%28land%29,,,
965,Geografie,Hoeveel staten liggen er op het Noord-Amerikaanse vasteland van de VS (exclusief Alaska en Hawaii)?,48,bevestigd,Alaska,Alaska,https://en.wikipedia.org/wiki/Alaska,"It is technically part of the continental U.S., but is not usually included in the colloquial use of the term; Alaska is not part of the contiguous U.S., often called ""the Lower 48"".",1 kernwoord komt overeen,
966,Geografie,Hoeveel sterren staan er op de Amerikaanse vlag?,50,niet gevonden,American,American,https://nl.wikipedia.org/wiki/American,,,
967,Geografie,Hoeveel strepen staan er op de Amerikaanse vlag?,13,bevestigd,strepen amerikaanse vlag,Vlag van de Verenigde Staten,https://nl.wikipedia.org/wiki/Vlag_van_de_Verenigde_Staten,"De volgende waarden zijn gespecificeerd:

hoogte van de vlag: A = 1,0;
lengte van de vlag: B = 1,9;
hoogte-lengteverhouding: A:B = 1:1,9 = 10:19;
hoogte van het kanton: C = 0,5385 (7/13, gelijk aan de breedte van zeven strepen);
lengte van het kanton: D = 0,76 (1,9 × 2/5, twee vijfde van de lengte v",2 kernwoorden komen overeen,
968,Geografie,Hoeveel territoria heeft Australië naast de staten?,2,niet gevonden,Australië,Australië (land),https://nl.wikipedia.org/wiki/Australi%C3%AB_%28land%29,,,
969,Geografie,Hoeveel tijdzones heeft Australië?,3,niet gevonden,Australië,Australië (land),https://nl.wikipedia.org/wiki/Australi%C3%AB_%28land%29,,,
970,Geografie,Hoeveel tijdzones heeft Nieuw-Zeeland?,2,niet gevonden,Nieuw-Zeeland,Nieuw-Zeeland,https://nl.wikipedia.org/wiki/Nieuw-Zeeland,,,
971,Geografie,Hoeveel tijdzones telt India als één land?,1,bevestigd,India,India,https://nl.wikipedia.org/wiki/India,Volgens de laatste volkstelling telde India 1.210.193.422 (2011) inwoners en volgens niet-officiële schattingen telt het land anno 2019 zo'n 1.352.642.280 inwoners.,2 kernwoorden komen overeen,
972,Geografie,Hoeveel tijdzones telt het vasteland van de VS?,4,niet gevonden,,,,,,
973,Geografie,Hoeveel van de 14 bergen boven de 8000 meter liggen in de Himalaya?,10,bevestigd,Himalayas,Himalayas,https://en.wikipedia.org/wiki/Himalayas,"343–358, ISBN 978-1-107-11471-5
Lim, Francis Khek Ghee (2007), ""Hotels as sites of power: tourism, status, and politics in Nepal Himalaya"", Journal of the Royal Anthropological Institute, New Series, 13 (3), Royal Anthropological Institute: 721–738, doi:10.1111/j.1467-9655.2007.00452.x
Nyaupane, Gya",1 kernwoord komt overeen,
974,Geografie,Hoeveel van de Grote Meren liggen in de VS en Canada samen?,5,bevestigd,Canada,Canada,https://nl.wikipedia.org/wiki/Canada,"Bevolkingsontwikkeling

jaar0102030401860189019201950198020102040inwoners (x miljoen).mw-chart-ed1ffdf0116d644c3b7e61db92d121ad0ee2e2ab107ff61b18e459a8628a508c408b87022bd12b5d5401819ba21a4f3a8d186e375abe899337ae990459eae769__zr9197043-cls-47078137:hover{pointer-events:none}.mw-chart-ed1ffdf0116d644c",1 kernwoord komt overeen,
976,Geografie,Hoeveel miljoen vierkante kilometer beslaat het Amazoneregenwoud?,6,bevestigd,Amazoneregenwoud,Amazoneregenwoud,https://nl.wikipedia.org/wiki/Amazoneregenwoud,"Het heeft een oppervlakte van 6,7 miljoen km² en is verspreid over negen landen: Brazilië (60%), Peru (13%), Colombia (9%), Venezuela (5%), Bolivia (5%), Guyana (3%), Suriname (2%), Ecuador (1,5%) en Frans-Guyana (1,5%).",1 kernwoord komt overeen,
977,Geografie,Hoeveel vierkante kilometer is Groenland ongeveer groot?,2166000,niet gevonden,Groenland,Groenland,https://nl.wikipedia.org/wiki/Groenland,,,https://www.britannica.com/place/Greenland
978,Geografie,Hoeveel vierkante kilometer is de oppervlakte van het Baikalmeer ongeveer?,31700,niet gevonden,Baikalmeer,Baikalmeer,https://nl.wikipedia.org/wiki/Baikalmeer,,,https://www.britannica.com/place/Lake-Baikal
979,Geografie,Hoeveel vierkante kilometer is het Victoriameer ongeveer?,69500,niet gevonden,Victoriameer,Victoriameer,https://nl.wikipedia.org/wiki/Victoriameer,,,https://www.britannica.com/place/Lake-Victoria
980,Geografie,Wat is de gemiddelde diepte van alle wereldzeeën en oceanen in meters?,3688,niet gevonden,,,,,,https://oceanservice.noaa.gov/facts/oceandepth.html
981,Geografie,Wat is de hoogte van de Mont Blanc in de Alpen in meters?,4808,getal gezien,Mont Blanc,Mont Blanc,https://en.wikipedia.org/wiki/Mont_Blanc,"This team noted that the elevation was 4,808.45 m (15,775 ft 9 in), and the peak had shifted to a point 75 cm (30 in) away from where it had been in 2002.","het getal staat er wel, maar niet in een herkenbare zin",https://www.britannica.com/place/Mont-Blanc
982,Geografie,Wat is de lengte van de rivier de Nijl in kilometers?,6650,afwijkend,lengte rivier nijl,Nijl,https://nl.wikipedia.org/wiki/Nijl,De Nijl (in het Arabisch النيل an-nīl) is met een lengte van 5499 tot 6695 km (door verschillende manieren van meten) de langste of de op een na langste rivier van de wereld (dit hangt ervan af welke lengte men aan de Amazone toekent; ook hierover is niet iedereen het eens).,artikel noemt een ander getal bij dezelfde termen,https://www.britannica.com/place/Nile-River
983,Geografie,Wat is de omtrek van de Aarde rond de evenaar in kilometers?,40075,bevestigd,omtrek aarde rond,Bolvormige Aarde,https://nl.wikipedia.org/wiki/Bolvormige_Aarde,"Deze schatting verbaast moderne schrijvers, omdat ze op zijn best binnen 2% van de waarde van de omtrek bij de evenaar ligt, 40.075 kilometer.",2 kernwoorden komen overeen,https://nssdc.gsfc.nasa.gov/planetary/factsheet/earthfact.html
984,Geografie,Hoeveel duizend vierkante kilometer groot is Australië?,7692,getal gezien,Australië,Australië (land),https://nl.wikipedia.org/wiki/Australi%C3%AB_%28land%29,Het heeft een oppervlakte van 7.692.000 km² en is daarmee het op vijf na grootste land ter wereld qua oppervlakte.,"het getal staat er wel, maar niet in een herkenbare zin",https://www.ga.gov.au/education/facts/dimensions
985,Geografie,Wat is het grootste binnenlandse waterlichaam ter wereld naar oppervlakte?,371000,niet gevonden,,,,,,https://www.britannica.com/place/Caspian-Sea
986,Geschiedenis,Hoeveel Amerikaanse militairen kwamen tijdens de Tweede Wereldoorlog om het leven?,405000,afwijkend,Tweede Wereldoorlog,Tweede Wereldoorlog,https://nl.wikipedia.org/wiki/Tweede_Wereldoorlog,Tijdens de Tweede Wereldoorlog vielen in totaal tussen de 50 en 70 miljoen doden.,artikel noemt een ander getal bij dezelfde termen,https://www.nationalww2museum.org/war/articles/american-casualties
987,Geschiedenis,Hoeveel Spartanen verdedigden Thermopylae volgens de bekende historische overlevering?,300,bevestigd,Thermopylae,Slag bij Thermopylae (480 v.Chr.),https://nl.wikipedia.org/wiki/Slag_bij_Thermopylae_%28480_v.Chr.%29,Hij en zijn 300 Spartanen zouden de pas blijven verdedigen zodat de Grieken konden vluchten.,1 kernwoord komt overeen,https://www.britannica.com/event/Battle-of-Thermopylae
988,Geschiedenis,Hoeveel Wonderen van de Oude Wereld lagen in Azië of Noord-Afrika samen?,4,niet gevonden,North Africa,Noord-Afrika,https://nl.wikipedia.org/wiki/Noord-Afrika,,,
989,Geschiedenis,Hoeveel Wonderen van de Oude Wereld stonden er in Egypte?,1,bevestigd,Egypte,Egypte (land),https://nl.wikipedia.org/wiki/Egypte_%28land%29,Egypte heeft een oppervlakte van 1.001.450 km².,1 kernwoord komt overeen,
990,Geschiedenis,Hoeveel amendementen bevat de Amerikaanse Grondwet (Bill of Rights meegerekend in de eerste tien)?,27,bevestigd,Amerikaanse Grondwet,Grondwet van de Verenigde Staten,https://nl.wikipedia.org/wiki/Grondwet_van_de_Verenigde_Staten,"Sinds de inwerkingtreding van de Grondwet op 4 maart 1789 werden 27 amendementen aan de Grondwet toegevoegd, waaronder één amendement dat een vorig amendement herriep (in verband met de Drooglegging), om zo in te spelen op de veranderende noden in de samenleving sinds het einde van de 18e eeuw.",2 kernwoorden komen overeen,
991,Geschiedenis,Hoeveel dagen duurde de D-Day-invasie tot de bevrijding van Parijs?,80,bevestigd,Parijs,Parijs,https://nl.wikipedia.org/wiki/Parijs,"Aan het begin van de 21e eeuw woonde bijna 80% van de bevolking van de Parijse agglomeratie in de banlieues, dus buiten de stad Parijs.",1 kernwoord komt overeen,https://www.iwm.org.uk/history/d-day-the-unheard-tapes
992,Geschiedenis,Hoeveel dagen duurde de Slag bij Verdun?,300,bevestigd,Battle of Verdun,Battle of Verdun,https://en.wikipedia.org/wiki/Battle_of_Verdun,"The 18 large forts and other batteries around Verdun were left with fewer than 300 guns and a small reserve of ammunition, while their garrisons had been reduced to small maintenance crews.",1 kernwoord komt overeen,https://www.britannica.com/event/Battle-of-Verdun
993,Geschiedenis,Hoeveel dagen duurde de Slag om Gettysburg?,3,bevestigd,Gettysburg,Slag bij Gettysburg,https://nl.wikipedia.org/wiki/Slag_bij_Gettysburg,"De Slag bij Gettysburg (1, 2 en 3 juli 1863) was een van de grootste veldslagen van de Amerikaanse Burgeroorlog en een van de grootste van het westelijk halfrond.",2 kernwoorden komen overeen,https://www.nps.gov/gett/learn/historyculture/civil-war-overview.htm
995,Geschiedenis,Hoeveel dynastieën telt de Chinese geschiedenis ongeveer?,13,bevestigd,dynastieën chinese geschiedenis,Geschiedenis van China,https://nl.wikipedia.org/wiki/Geschiedenis_van_China,"De oudste geschreven Chinese historische bronnen zijn inscripties op zogenaamde ""orakelbotten"", het orakelbottenschrift dat dateert uit de 13e eeuw v.Chr.",1 kernwoord komt overeen,
996,Geschiedenis,Hoeveel jaar duurde de Amerikaanse Burgeroorlog?,4,niet gevonden,Amerikaanse Burgeroorlog,Amerikaanse Burgeroorlog,https://nl.wikipedia.org/wiki/Amerikaanse_Burgeroorlog,,"getal wel gezien, maar te algemeen om bewijs te zijn",https://www.nps.gov/gett/learn/historyculture/civil-war-overview.htm
997,Geschiedenis,Hoeveel jaar duurde de Amerikaanse Onafhankelijkheidsoorlog?,8,niet gevonden,Amerikaanse Onafhankelijkheidsoorlog,Amerikaanse Onafhankelijkheidsoorlog,https://nl.wikipedia.org/wiki/Amerikaanse_Onafhankelijkheidsoorlog,,"getal wel gezien, maar te algemeen om bewijs te zijn",https://www.archives.gov/founding-docs/declaration
998,Geschiedenis,Hoeveel jaar duurde de Biafra-oorlog?,3,niet gevonden,Biafra,Republiek Biafra,https://nl.wikipedia.org/wiki/Republiek_Biafra,,,
999,Geschiedenis,Hoeveel jaar duurde de Dertigjarige Oorlog?,30,bevestigd,Dertigjarige Oorlog,Dertigjarige Oorlog,https://nl.wikipedia.org/wiki/Dertigjarige_Oorlog,"Frankrijk en Zweden winnen de oorlog
De langverwachte genadeslag volgde, toen de Franse legers van Condé en Turenne zich met de Zweden konden verenigen, en in het West-Beierse Zusmarshausen (mei 1648) tussen Ulm en Augsburg, verpletterden wat er nog over was van de keizerlijke en Beierse legers; hun",1 kernwoord komt overeen,
1000,Geschiedenis,Hoeveel jaar duurde de Honderdjarige Oorlog tussen Engeland en Frankrijk?,116,bevestigd,Honderdjarige Oorlog,Honderdjarige Oorlog,https://nl.wikipedia.org/wiki/Honderdjarige_Oorlog,"De oorlog
Het conflict duurde 116 jaar, onderbroken door verscheidene periodes van vrede, voordat het uiteindelijk eindigde door het verdrijven van de Plantagenets uit Frankrijk (behalve uit Calais).",3 kernwoorden komen overeen,
1001,Geschiedenis,Hoeveel jaar duurde de apartheid in Zuid-Afrika (1948-1994)?,46,bevestigd,duurde apartheid zuid-afrika,Apartheid in Zuid-Afrika,https://nl.wikipedia.org/wiki/Apartheid_in_Zuid-Afrika,"Invoering Grote apartheid

In 1959 werd de Wet op de Bevordering van Bantoe-zelfbestuur (Promotion of Bantu Self-Government Act No 46) aangenomen, die leidde tot de invoering van 8, later 10 aparte ""thuislanden"" voor de verschillende etnische niet-blanke bevolkingsgroepen.",1 kernwoord komt overeen,
1003,Geschiedenis,Hoeveel jaar regeerde Cleopatra VII?,21,bevestigd,Cleopatra VII,Cleopatra,https://en.wikipedia.org/wiki/Cleopatra,"Cleopatra had Caesarion enter into the ranks of the ephebi, which, along with reliefs on a stele from Koptos dated 21 September 31 BC, demonstrated that Cleopatra was now grooming her son to become the sole ruler of Egypt.",1 kernwoord komt overeen,
1004,Geschiedenis,Hoeveel jaar zat Nelson Mandela gevangen?,27,bevestigd,Nelson Mandela,Nelson Mandela,https://nl.wikipedia.org/wiki/Nelson_Mandela,"Mandela werd op 27 april 1994, op 75-jarige leeftijd, president van Zuid-Afrika, als opvolger van De Klerk, die al een aarzelend begin had gemaakt met afschaffing van apartheidsregels.",1 kernwoord komt overeen,https://www.nelsonmandela.org/long-walk-to-freedom
1005,Geschiedenis,Hoeveel keer meer piramides heeft Soedan dan Egypte?,2,bevestigd,Soedan,Soedan,https://nl.wikipedia.org/wiki/Soedan,"Vooral de bevolking in de regio Khartoem nam toe, het aantal inwoners van die regio werd in 2006 geschat op rond de 7 miljoen mensen, onder wie 2 miljoen vluchtelingen uit het door oorlog getroffen zuiden van Soedan.",1 kernwoord komt overeen,
1006,Geschiedenis,Hoeveel kilometer lang was de historische Zijderoute ongeveer?,7000,niet gevonden,Zijderoute,Zijderoute,https://nl.wikipedia.org/wiki/Zijderoute,,,https://en.unesco.org/silkroad/about-silk-roads
1007,Geschiedenis,Hoeveel landen ondertekenden het Verdrag van Rome in 1957?,6,afwijkend,Verdrag van Rome,Verdrag tot oprichting van de Europese Economische Gemeenschap,https://nl.wikipedia.org/wiki/Verdrag_tot_oprichting_van_de_Europese_Economische_Gemeenschap,Het Verdrag tot oprichting van de Europese Economische Gemeenschap of ook wel Verdrag van Rome werd in 1957 gesloten.,artikel noemt een ander getal bij dezelfde termen,
1008,Geschiedenis,Hoeveel landen waren er bij de oprichting van de NAVO in 1949?,12,niet gevonden,NAVO,NAVO,https://en.wikipedia.org/wiki/NAVO,,,
1009,Geschiedenis,Hoeveel mensen bezochten de Wereldtentoonstelling van 1889 in Parijs?,32000000,niet gevonden,Wereldtentoonstelling van,Wereldtentoonstelling,https://nl.wikipedia.org/wiki/Wereldtentoonstelling,,,https://www.britannica.com/event/Paris-Exposition-of-1889
1010,Geschiedenis,Hoeveel mensen bezochten de Wereldtentoonstelling van 1893 in Chicago?,27500000,afwijkend,Chicago,Chicago,https://nl.wikipedia.org/wiki/Chicago,"In 1893 was Chicago het toneel van de Wereldtentoonstelling, die in 1933 werd herhaald.",artikel noemt een ander getal bij dezelfde termen,https://www.britannica.com/event/Worlds-Columbian-Exposition
1011,Geschiedenis,Hoeveel mensen dienden in totaal in het Amerikaanse leger tijdens de Tweede Wereldoorlog?,16000000,afwijkend,World War II,Tweede Wereldoorlog,https://nl.wikipedia.org/wiki/Tweede_Wereldoorlog,Tijdens de Tweede Wereldoorlog vielen in totaal tussen de 50 en 70 miljoen doden.,artikel noemt een ander getal bij dezelfde termen,https://www.nationalww2museum.org/war/articles/american-military-personnel
1012,Geschiedenis,Hoeveel mensen stierven bij de uitbarsting van de Vesuvius in Pompeï volgens een veelgebruikte schatting?,2000,bevestigd,Vesuvius,Mount Vesuvius,https://en.wikipedia.org/wiki/Mount_Vesuvius,"Before AD 79
Scientific knowledge of the geologic history of Vesuvius comes from core samples taken from a 2,000 m (6,600 ft) plus borehole on the flanks of the volcano, extending into Mesozoic rock.",1 kernwoord komt overeen,https://www.britannica.com/place/Pompeii
1013,Geschiedenis,Hoeveel presidenten hebben de Verenigde Staten gehad tot en met Joe Biden?,46,bevestigd,Joe Biden,Joe Biden,https://nl.wikipedia.org/wiki/Joe_Biden,"(Scranton (Pennsylvania), 20 november 1942) is een Amerikaans politicus en was van 20 januari 2021 tot 20 januari 2025 de 46e president van de Verenigde Staten.",2 kernwoorden komen overeen,https://www.whitehouse.gov/about-the-white-house/presidents/
1014,Geschiedenis,Hoeveel presidenten werden er vermoord in de Amerikaanse geschiedenis?,4,bevestigd,presidenten werden vermoord,Lijst van presidenten van de Verenigde Staten,https://nl.wikipedia.org/wiki/Lijst_van_presidenten_van_de_Verenigde_Staten,"Kennedy – op 22 november 1963 met een geweer doodgeschoten, na 2 jaar en 10 maanden presidentschap
Buiten de vermoorde presidenten zijn er vier presidenten tijdens hun regeringsperiode overleden:

William Henry Harrison – op 4 april 1841 overleden aan een longontsteking of buiktyfus, precies 1 maand",1 kernwoord komt overeen,
1015,Geschiedenis,Hoeveel ridders namen volgens de traditionele telling deel aan de Slag bij Hastings?,2000,bevestigd,Hastings,Slag bij Hastings,https://nl.wikipedia.org/wiki/Slag_bij_Hastings,"De strijd duurde van ongeveer negen uur 's ochtends tot zonsondergang (eind september: zo rond 18:00)
Cijfers over het aantal slachtoffers dat bij de slag viel zijn moeilijk te verkrijgen; sommige historici schatten echter dat zo'n 2.000 Normandiërs omkwamen en ongeveer twee keer zoveel Engelsen.",1 kernwoord komt overeen,https://www.britannica.com/event/Battle-of-Hastings
1016,Geschiedenis,Hoeveel schepen had de Atheense vloot tijdens de Slag bij Salamis ongeveer?,370,afwijkend,Battle of Salamis,Slag bij Salamis,https://nl.wikipedia.org/wiki/Slag_bij_Salamis,De Slag bij Salamis was een zeeslag tijdens de Tweede Perzische Oorlog tussen de Griekse stadstaten en Achaemenidisch Perzië onder Xerxes (zoon van Darius I) die plaatsvond in september 480 v.Chr.,artikel noemt een ander getal bij dezelfde termen,https://www.britannica.com/event/Battle-of-Salamis
1017,Geschiedenis,Hoeveel schepen telde de vloot waarmee Willem de Veroveraar Engeland binnenviel?,700,bevestigd,Willem de Veroveraar Engeland,Willem de Veroveraar,https://nl.wikipedia.org/wiki/Willem_de_Veroveraar,"Hij kreeg hulp van edelen uit Bretagne, Vlaanderen en het hele westen van Frankrijk en verzamelde een vloot van bijna 700 schepen.",2 kernwoorden komen overeen,https://www.britannica.com/biography/William-I-king-of-England
1018,Geschiedenis,Hoeveel schepen vertrokken met Christoffel Columbus bij zijn eerste reis in 1492?,3,bevestigd,Christoffel Columbus,Christoffel Columbus,https://nl.wikipedia.org/wiki/Christoffel_Columbus,"Marco, de chirurg
Mesta Bernal, de arts
Luis de Torres, de tolk (zou later in Cuba blijven en terugkeren tot het jodendom)
Rodrigo de Triana, matroos die als eerste land gezien zou hebben
Op 3 augustus 1492 vertrokken de drie schepen naar de Canarische Eilanden.",4 kernwoorden komen overeen,https://www.britannica.com/biography/Christopher-Columbus
1019,Geschiedenis,Hoeveel soldaten namen deel aan de landing in Normandië op D-Day?,156000,niet gevonden,Normandië,Normandië,https://nl.wikipedia.org/wiki/Normandi%C3%AB,,,https://www.iwm.org.uk/history/d-day-the-unheard-tapes
1020,Geschiedenis,Hoeveel soldaten telde het Britse leger bij de Slag bij Waterloo ongeveer?,68000,niet gevonden,Waterloo,Waterloo (België),https://nl.wikipedia.org/wiki/Waterloo_%28Belgi%C3%AB%29,,,https://www.britannica.com/event/Battle-of-Waterloo
1021,Geschiedenis,Hoeveel staten telt de Verenigde Staten?,50,bevestigd,Verenigde Staten,Verenigde Staten,https://nl.wikipedia.org/wiki/Verenigde_Staten,"De Verenigde Staten (VS), officieel de Verenigde Staten van Amerika (Engels: United States of America, USA of US, vaak totum pro parte Amerika, America genoemd), is een federatie van 50 staten, verschillende overzeese territoria en het District of Columbia, grotendeels in Noord-Amerika gelegen.",2 kernwoorden komen overeen,https://www.britannica.com/biography/Henry-VIII-king-of-England
1022,Geschiedenis,Hoeveel ton bommen werd tijdens de Blitz op Londen afgeworpen?,18000,getal gezien,London,London,https://en.wikipedia.org/wiki/London,"In 1100, its population was some 18,000; by 1300, it had grown to nearly 100,000.","het getal staat er wel, maar niet in een herkenbare zin",https://www.iwm.org.uk/history/the-blitz
1023,Wiskunde,Hoeveel uren zitten er in een standaard kalenderjaar?,8760,niet gevonden,uren zitten,Zitten,https://nl.wikipedia.org/wiki/Zitten,,,https://www.berlin.de/mauer/en/history/berlin-wall-fall/
1024,Dagelijks leven,Hoeveel vel papier zitten er in een standaard riem printpapier?,500,niet gevonden,papier zitten standaard,Papier,https://nl.wikipedia.org/wiki/Papier,,,
1025,Geschiedenis,Hoeveel vliegtuigen ondersteunden D-Day?,11000,niet gevonden,D-Day,D-day,https://nl.wikipedia.org/wiki/D-day,,,https://www.iwm.org.uk/history/d-day-the-unheard-tapes
1026,Geschiedenis,In welk jaar begon de Franse Revolutie met de bestorming van de Bastille?,1789,bevestigd,Franse Revolutie,Franse Revolutie,https://nl.wikipedia.org/wiki/Franse_Revolutie,"De Franse Revolutie (1789–1799) was een internationaal invloedrijke politieke omwenteling, waarbij de absolute monarchie die Frankrijk ongeveer twee eeuwen had geregeerd werd afgeschaft, en de Eerste Franse Republiek werd gesticht.",2 kernwoorden komen overeen,
1027,Geschiedenis,In welk jaar begon de Koreaanse oorlog?,1950,getal gezien,Korean,Korean,https://en.wikipedia.org/wiki/Korean,"Korean may refer to:


People and culture
Koreans, people from the Korean peninsula or of Korean descent
Korean culture
Korean language
Korean alphabet, known as Hangul or Korean
Korean dialects
See also: North–South differences in the Korean language


Some Places
Korean Peninsula, a peninsula in E","het getal staat er wel, maar niet in een herkenbare zin",
1028,Geschiedenis,In welk jaar eindigde de Eerste Wereldoorlog?,1918,bevestigd,Eerste Wereldoorlog,Eerste Wereldoorlog,https://nl.wikipedia.org/wiki/Eerste_Wereldoorlog,"De Eerste Wereldoorlog, voor het uitbreken van de Tweede Wereldoorlog in 1939 nog de Grote Oorlog genoemd, was een wereldoorlog die in Europa begon op 28 juli 1914 en tot 11 november 1918 om 11:00 duurde.",2 kernwoorden komen overeen,
1029,Geschiedenis,In welk jaar eindigde de Tweede Wereldoorlog in Azië met de capitulatie van Japan?,1945,bevestigd,Tweede Wereldoorlog,Tweede Wereldoorlog,https://nl.wikipedia.org/wiki/Tweede_Wereldoorlog,De Tweede Wereldoorlog was de escalatie van de Tweede Chinees-Japanse Oorlog die begon in 1937 en een Europese oorlog begonnen in 1939 tot een militair conflict dat van 1941 tot 1945 op wereldschaal werd uitgevochten tussen twee allianties: de asmogendheden en de geallieerden.,2 kernwoorden komen overeen,
1030,Geschiedenis,In welk jaar had Zuid-Afrika zijn eerste vrije verkiezingen na de apartheid?,1994,bevestigd,Zuid-Afrika,Zuid-Afrika,https://nl.wikipedia.org/wiki/Zuid-Afrika,In 1990 werd de apartheid afgeschaft en in 1994 werd Nelson Mandela tot de eerste zwarte president van Zuid-Afrika verkozen.,3 kernwoorden komen overeen,
1031,Geschiedenis,In welk jaar landde Apollo 11 op de maan?,1969,bevestigd,Apollo,Apollo 11,https://nl.wikipedia.org/wiki/Apollo_11,"Armstrong aangesteld als eerste maanwandelaar
In maart 1969 besloot NASA dat Armstrong de eerste mens op de Maan moest worden, deels omdat de leiding hem zag als iemand zonder een groot ego.",1 kernwoord komt overeen,https://www.nasa.gov/mission/apollo-11/
1032,Geschiedenis,In welk jaar viel Carthago aan de Romeinen tijdens de Derde Punische Oorlog?,146,bevestigd,Derde Punische Oorlog,Punische oorlogen,https://nl.wikipedia.org/wiki/Punische_oorlogen,Er werden drie oorlogen tussen de Carthagers en de Romeinen uitgevochten tussen 264 en 146 v.Chr.,1 kernwoord komt overeen,
1033,Geschiedenis,In welk jaar viel de Berlijnse Muur niet maar werd Japan aangevallen door de VS in Pearl Harbor?,1941,bevestigd,Pearl Harbor,Aanval op Pearl Harbor,https://nl.wikipedia.org/wiki/Aanval_op_Pearl_Harbor,"De aanval op Pearl Harbor was een verrassingsaanval door de Japanse Keizerlijke Marine onder leiding van admiraal Isoroku Yamamoto op de Amerikaanse marinebasis Pearl Harbor in Hawaï, op zondag 7 december 1941, om 17:55 UTC (op Hawaï in de ochtend, in Washington D.C.",2 kernwoorden komen overeen,
1034,Geschiedenis,In welk jaar viel de Berlijnse Muur?,1989,bevestigd,Berlijnse Muur,Berlijnse Muur,https://nl.wikipedia.org/wiki/Berlijnse_Muur,Onder de Berlijnse Muur (Duits: Berliner Mauer) verstaat men de tot 100 meter brede constructie van opeenvolgende obstakels die van 13 augustus 1961 tot 9 november 1989 West-Berlijn geheel omringde.,2 kernwoorden komen overeen,
1035,Geschiedenis,In welk jaar viel het Azteekse rijk aan de Spanjaarden onder Cortés?,1521,bevestigd,Cortés,Hernán Cortés,https://nl.wikipedia.org/wiki/Hern%C3%A1n_Cort%C3%A9s,Cortés staat vooral bekend om zijn verovering van Mexico tussen 1519 en 1521.,1 kernwoord komt overeen,
1036,Geschiedenis,In welk jaar viel het Inca-rijk aan de Spanjaarden onder Pizarro?,1533,bevestigd,Pizarro,Francisco Pizarro,https://en.wikipedia.org/wiki/Francisco_Pizarro,"A ransom for the emperor's release was demanded and Atahualpa filled a room with gold to the highest point he could reach, but Pizarro charged him with various crimes and executed him by garrotting in July 1533.",1 kernwoord komt overeen,
1037,Geschiedenis,In welk jaar viel het West-Romeinse Rijk traditioneel?,476,bevestigd,West-Romeinse Rijk,Romeinse Rijk,https://nl.wikipedia.org/wiki/Romeinse_Rijk,"Het West-Romeinse Rijk bleef nog bestaan tot 476, toen de 'barbaarse' generaal in Romeinse dienst Odoaker de laatste West-Romeinse keizer afzette en zichzelf tot koning van het toenmalige Italia (wat grotendeels overeenkomt met de moderne staat Italië) liet uitroepen.",2 kernwoorden komen overeen,https://www.britannica.com/event/fall-of-the-Roman-Empire
1038,Geschiedenis,In welk jaar werd Argentinië onafhankelijk van Spanje?,1816,bevestigd,Argentinië,Argentinië,https://nl.wikipedia.org/wiki/Argentini%C3%AB,"Argentinië is onafhankelijk sinds 1816, daarvoor was het gedurende drie eeuwen een Spaanse kolonie.",2 kernwoorden komen overeen,
1039,Geschiedenis,In welk jaar werd Bolivia onafhankelijk van Spanje?,1825,getal gezien,Bolivia,Bolivia,https://nl.wikipedia.org/wiki/Bolivia,"Na het uitroepen van de onafhankelijkheid in 1809 volgde 16 jaar van oorlog alvorens de republiek, genoemd naar Simón Bolívar, op 6 augustus 1825 werd opgericht.","het getal staat er wel, maar niet in een herkenbare zin",
1040,Geschiedenis,In welk jaar werd Brazilië officieel onafhankelijk van Portugal?,1822,bevestigd,Brazilië of,Brazilië,https://nl.wikipedia.org/wiki/Brazili%C3%AB,"Brazilië werd vervolgens de spil in het Verenigd Koninkrijk van Portugal, Brazilië en de Algarve en verklaarde zich in 1822 onafhankelijk.",3 kernwoorden komen overeen,
1041,Geschiedenis,In welk jaar werd Chili onafhankelijk van Spanje?,1818,getal gezien,Chile,Chile,https://en.wikipedia.org/wiki/Chile,Chile emerged as a relatively stable authoritarian republic in the 1830s after its 1818 declaration of independence from Spain.,"het getal staat er wel, maar niet in een herkenbare zin",
1042,Geschiedenis,In welk jaar werd Colombia onafhankelijk van Spanje?,1810,bevestigd,Colombia,Colombia,https://nl.wikipedia.org/wiki/Colombia,In 1810 verklaarde Colombia zich onafhankelijk.,2 kernwoorden komen overeen,
1043,Geschiedenis,In welk jaar werd Egypte officieel onafhankelijk van Groot-Brittannië?,1922,bevestigd,Egypte of,Egypte (land),https://nl.wikipedia.org/wiki/Egypte_%28land%29,In 1922 werd het deels onafhankelijk van het Britse Rijk als een monarchie.,1 kernwoord komt overeen,
1044,Geschiedenis,In welk jaar werd Ghana als eerste Afrikaanse kolonie onafhankelijk?,1957,bevestigd,Ghana,Ghana,https://nl.wikipedia.org/wiki/Ghana,"Geschiedenis

Het huidige Ghana ontstond op 6 maart 1957 toen twee Britse kolonies Gold Coast (Britse Goudkust) en Brits-Togoland, die een jaar eerder waren samengevoegd, een onafhankelijk land vormden onder de naam Ghana.",2 kernwoorden komen overeen,
1045,Geschiedenis,In welk jaar werd India onafhankelijk van Groot-Brittannië?,1947,bevestigd,India,India,https://nl.wikipedia.org/wiki/India,"Pas met de onafhankelijkheid van India in 1947 ontstond de huidige, vastomlijnde maar veel beperktere betekenis, waarbij het Engelse woord voor Indië voortaan in het Nederlands op de nieuwe staat ging slaan.",1 kernwoord komt overeen,
1046,Geschiedenis,In welk jaar werd Kenia onafhankelijk van Groot-Brittannië?,1963,bevestigd,Kenia,Kenia,https://nl.wikipedia.org/wiki/Kenia,"Op 12 december 1963 werd Kenia een onafhankelijke monarchie, met de Britse koningin als staatshoofd en Jomo Kenyatta als premier.",1 kernwoord komt overeen,
1047,Geschiedenis,In welk jaar werd Mexico onafhankelijk van Spanje?,1821,getal gezien,Mexico,Mexico (land),https://nl.wikipedia.org/wiki/Mexico_%28land%29,De onafhankelijkheidsoorlog verzandde in een guerrilla-oorlog totdat de Spaanse officier Agustín de Iturbide in 1821 toenadering zocht tot de opstandelingenleider Vicente Guerrero.,"het getal staat er wel, maar niet in een herkenbare zin",
1048,Geschiedenis,In welk jaar werd Nelson Mandela vrijgelaten uit de gevangenis?,1990,getal gezien,Nelson Mandela,Nelson Mandela,https://nl.wikipedia.org/wiki/Nelson_Mandela,In 1990 kwam hij vrij en werd het ANC gelegaliseerd.,"het getal staat er wel, maar niet in een herkenbare zin",
1049,Geschiedenis,In welk jaar werd Nigeria onafhankelijk?,1960,bevestigd,Nigeria,Nigeria,https://nl.wikipedia.org/wiki/Nigeria,Nigeria werd op 1 oktober 1960 onafhankelijk van het Verenigd Koninkrijk.,2 kernwoorden komen overeen,
1050,Geschiedenis,In welk jaar werd Paraguay onafhankelijk van Spanje?,1811,bevestigd,Paraguay,Paraguay,https://nl.wikipedia.org/wiki/Paraguay,"Paraguay als zelfstandige staat is ontstaan op 14 mei 1811, toen het zich bevrijdde van de vroegere kolonisator Spanje.",2 kernwoorden komen overeen,
1051,Geschiedenis,In welk jaar werd Peru onafhankelijk van Spanje?,1821,bevestigd,Peru,Peru,https://nl.wikipedia.org/wiki/Peru,Tussen de verovering in 1572 en de onafhankelijkheid in 1821 werd het land door Spanje bestuurd.,1 kernwoord komt overeen,
1052,Geschiedenis,In welk jaar werd Venezuela onafhankelijk van Spanje?,1811,bevestigd,Venezuela,Venezuela,https://en.wikipedia.org/wiki/Venezuela,"Independence and 19th century

After unsuccessful uprisings, Venezuela under the leadership of Francisco de Miranda, a Venezuelan marshal who had fought in the American and French Revolutions, declared independence as the First Republic of Venezuela on 1811-07-11.",1 kernwoord komt overeen,
1053,Geschiedenis,In welk jaar werd Zuid-Afrika officieel anti-apartheid democratie met Mandela als president?,1994,bevestigd,Zuid-Afrika of,Zuid-Afrika,https://nl.wikipedia.org/wiki/Zuid-Afrika,In 1990 werd de apartheid afgeschaft en in 1994 werd Nelson Mandela tot de eerste zwarte president van Zuid-Afrika verkozen.,3 kernwoorden komen overeen,
1054,Geschiedenis,In welk jaar werd de Amerikaanse Onafhankelijkheidsverklaring ondertekend?,1776,bevestigd,Amerikaanse Onafhankelijkheidsverklaring,Amerikaanse Onafhankelijkheidsverklaring,https://nl.wikipedia.org/wiki/Amerikaanse_Onafhankelijkheidsverklaring,De verklaring werd door vertegenwoordigers van 12 van de toen 13 Amerikaanse kolonies aangenomen op 4 juli 1776.,1 kernwoord komt overeen,
1055,Geschiedenis,In welk jaar werd de Berlijnse Muur gebouwd?,1961,bevestigd,Berlijnse Muur,Berlijnse Muur,https://nl.wikipedia.org/wiki/Berlijnse_Muur,Onder de Berlijnse Muur (Duits: Berliner Mauer) verstaat men de tot 100 meter brede constructie van opeenvolgende obstakels die van 13 augustus 1961 tot 9 november 1989 West-Berlijn geheel omringde.,2 kernwoorden komen overeen,
1056,Geschiedenis,In welk jaar werd de Eerste Franse Republiek uitgeroepen?,1792,bevestigd,Eerste Franse Republiek,Eerste Franse Republiek,https://nl.wikipedia.org/wiki/Eerste_Franse_Republiek,"De Eerste Franse Republiek werd uitgeroepen op 21 september 1792 door de Nationale Conventie, en duurde tot de vestiging van het Eerste Franse Keizerrijk in 1804 onder Napoleon Bonaparte.",4 kernwoorden komen overeen,
1057,Geschiedenis,In welk jaar werd de Volksrepubliek China gesticht?,1949,bevestigd,Volksrepubliek China,Volksrepubliek China,https://nl.wikipedia.org/wiki/Volksrepubliek_China,"Communistisch China

In 1945 werd de burgeroorlog hervat en in 1949 gewonnen door de communisten onder leiding van Mao Zedong.",1 kernwoord komt overeen,
1058,Geschiedenis,In welk year ontdekte Columbus Amerika (de eerste reis)?,1492,bevestigd,Columbus Amerika,Christoffel Columbus,https://nl.wikipedia.org/wiki/Christoffel_Columbus,Hij maakte naam door zijn ontdekking van Amerika onder Spaanse vlag in 1492.,1 kernwoord komt overeen,
1059,Geografie,Wat is de officiële hoogte van de Mount Everest in meters?,8848,bevestigd,Mount Everest,Mount Everest,https://nl.wikipedia.org/wiki/Mount_Everest,"In april 2010 kwamen China en Nepal overeen de hoogte van de Mount Everest officieel als 8848,86 meter te erkennen.",3 kernwoorden komen overeen,https://www.britannica.com/event/French-Revolution
1060,Kunst en cultuur,Hoeveel bezoekers ontving het Louvre in 2023?,8900000,niet gevonden,Louvre,Louvre,https://nl.wikipedia.org/wiki/Louvre,,,
1061,Wiskunde,Hoeveel graden heeft een rechte hoek?,90,niet gevonden,,,,,,https://www.britannica.com/art/Western-architecture/Greek
1062,Kunst en cultuur,Hoeveel kilogram weegt de Moai-beelden op Paaseiland gemiddeld?,12500,niet gevonden,Paaseiland,Paaseiland,https://nl.wikipedia.org/wiki/Paaseiland,,,
1063,Kunst en cultuur,Hoeveel natuursonden (beelden) staan er op Paaseiland - sorry dat zit niet in Europa!,0,bevestigd,Paaseiland,Paaseiland,https://nl.wikipedia.org/wiki/Paaseiland,"Bahn (2002), The enigma's of Easter Island, Oxford University Press, ISBN 0-19-280340-9


Externe link
(en)  Korte documentaire van David Attenborough over Paaseiland


Referenties",1 kernwoord komt overeen,
1064,Kunst en cultuur,Hoeveel officiële UNESCO-werelderfgoedlocaties heeft China volgens de UNESCO-werelderfgoedlijst?,59,niet gevonden,China,China,https://nl.wikipedia.org/wiki/China,,,
1065,Kunst en cultuur,Hoeveel officiële UNESCO-werelderfgoedlocaties heeft Duitsland volgens de UNESCO-werelderfgoedlijst?,54,niet gevonden,Duitsland,Duitsland,https://nl.wikipedia.org/wiki/Duitsland,,,
1066,Kunst en cultuur,Hoeveel officiële UNESCO-werelderfgoedlocaties heeft Italië volgens de UNESCO-werelderfgoedlijst?,60,bevestigd,Italië,Italië,https://nl.wikipedia.org/wiki/Itali%C3%AB,Op 1 januari 2019 telde Italië 60.359.546 inwoners.,1 kernwoord komt overeen,
1067,Kunst en cultuur,Hoeveel panelen telt het Lam Gods van Van Eyck?,12,niet gevonden,Lam Gods van Van Eyck,Het Lam Gods (gebroeders Van Eyck),https://nl.wikipedia.org/wiki/Het_Lam_Gods_%28gebroeders_Van_Eyck%29,,"getal wel gezien, maar te algemeen om bewijs te zijn",
1068,Kunst en cultuur,Hoeveel schilderijen worden aan Vincent van Gogh toegeschreven volgens de telling van het Van Gogh Museum?,900,afwijkend,schilderijen worden vincent,Vincent van Gogh,https://nl.wikipedia.org/wiki/Vincent_van_Gogh,"Uit die tijd stammen enkele schilderijen van naaktmodellen, gezichten vanuit zijn raam op achterhuizen en vooral het olieverfschilderij Kop van een skelet met brandende sigaret (februari 1886), in het Van Gogh Museum, Amsterdam.",artikel noemt een ander getal bij dezelfde termen,
1069,Kunst en cultuur,Hoeveel selectiecriteria gebruikt UNESCO in totaal voor werelderfgoed?,10,bevestigd,UNESCO,UNESCO,https://en.wikipedia.org/wiki/UNESCO,"Livaneli said: ""To pontificate on peace while remaining silent against such violations is a contradiction of the fundamental ideals of UNESCO.""


Campaigns against illicit art trading
In 2020 UNESCO stated that the size of the illicit trade in cultural property amounted to 10 billion dollars a year.",1 kernwoord komt overeen,UNESCO World Heritage Centre — The Criteria for Selection
1071,Kunst en cultuur,Uit hoeveel landen bestaat de UNESCO-site The Great Spa Towns of Europe?,7,afwijkend,The Great Spa Towns of Europe,Great Spa Towns of Europe,https://en.wikipedia.org/wiki/Great_Spa_Towns_of_Europe,The Great Spa Towns of Europe is a transnational World Heritage Site consisting of a selection of 11 spa towns across seven European countries.,artikel noemt een ander getal bij dezelfde termen,UNESCO World Heritage Centre — Great Spa Towns of Europe
1072,Kunst en cultuur,Voor hoeveel dollar werd Leonardo’s Salvator Mundi op een veiling verkocht?,450312500,afwijkend,Leonardo’s Salvator Mundi,Salvator Mundi (painting),https://en.wikipedia.org/wiki/Salvator_Mundi_%28painting%29,"Further reading


External links

Timeline of Salvator Mundi from circa 1500 through 2021 from The Art Newspaper
Leonardo’s Salvator Mundi makes auction history, Christies.com
Robert Simon, Leonardo da Vinci, Salvator Mundi
Robert Simon, Leonardo da Vinci Painting Discovered, Painting Gains Attribut",artikel noemt een ander getal bij dezelfde termen,Christie’s — Salvator Mundi
1073,Landbouw en industrie,Hoeveel bijen leven er in een sterk bijenvolk in de zomer?,50000,niet gevonden,bijen leven,Bijen,https://nl.wikipedia.org/wiki/Bijen,,,https://www.gov.uk/guidance/beekeeping-and-honey-bees
1074,Landbouw en industrie,Hoeveel dagen duurt de zwangerschap van een geit?,150,niet gevonden,dagen zwangerschap,Zwangerschap,https://nl.wikipedia.org/wiki/Zwangerschap,,,https://www.merckvetmanual.com/management-and-nutrition/management-of-reproduction-goats
1075,Landbouw en industrie,Hoeveel dagen duurt de zwangerschap van een varken?,114,niet gevonden,dagen zwangerschap,Zwangerschap,https://nl.wikipedia.org/wiki/Zwangerschap,,,https://www.merckvetmanual.com/management-and-nutrition/management-of-reproduction-pigs
1076,Landbouw en industrie,Hoeveel kilogram staal zit er ongeveer in een gemiddelde auto?,900,niet gevonden,Hoeveel kilogram staal zit er ongeveer in een gemiddelde auto,Auto,https://nl.wikipedia.org/wiki/Auto,,"getal wel gezien, maar te algemeen om bewijs te zijn",https://www.steel.org/automotive
1077,Landbouw en industrie,Hoeveel procent van de wereldwijde landbouwgrond wordt geïrrigeerd?,20,niet gevonden,,,,,,https://www.fao.org/aquastat/en/overview/methodology/water-use
1078,Landbouw en industrie,Hoeveel ton aardappelen werd wereldwijd geproduceerd in 2023?,383000000,niet gevonden,aardappelen wereldwijd geproduceerd,Kerstgebruiken wereldwijd,https://nl.wikipedia.org/wiki/Kerstgebruiken_wereldwijd,,,https://www.fao.org/faostat/en/#data/QCL
1079,Landbouw en industrie,Hoeveel ton aluminium wordt wereldwijd jaarlijks geproduceerd?,70000000,afwijkend,aluminium wordt,Aluminium,https://nl.wikipedia.org/wiki/Aluminium,In Nederland wordt na de sluiting van de fabriek in Vlissingen en het faillissement van Delfzijl (DAMCO Aluminium Delfzijl) op 27 oktober 2022 geen aluminium meer geproduceerd.,artikel noemt een ander getal bij dezelfde termen,https://www.usgs.gov/centers/national-minerals-information-center/aluminum-statistics-and-information
1080,Landbouw en industrie,Hoeveel ton cement wordt wereldwijd jaarlijks geproduceerd?,4000000000,niet gevonden,cement wordt,Cement (bouwmateriaal),https://nl.wikipedia.org/wiki/Cement_%28bouwmateriaal%29,,,https://www.usgs.gov/centers/national-minerals-information-center/cement-statistics-and-information
1081,Landbouw en industrie,Hoeveel ton plastic wordt wereldwijd jaarlijks geproduceerd?,400000000,niet gevonden,plastic wordt,Plastic Bertrand,https://nl.wikipedia.org/wiki/Plastic_Bertrand,,,https://www.unep.org/interactives/beat-plastic-pollution/
1082,Landbouw en industrie,Hoeveel ton rijst werd wereldwijd geproduceerd in 2023?,530000000,niet gevonden,rijst wereldwijd geproduceerd,Rijst,https://nl.wikipedia.org/wiki/Rijst,,,https://www.fao.org/faostat/en/#data/QCL
1083,Landbouw en industrie,Hoeveel ton staal werd wereldwijd geproduceerd in 2023?,1900000000,afwijkend,staal wereldwijd,Staal (legering),https://nl.wikipedia.org/wiki/Staal_%28legering%29,In 2020 werd wereldwijd ongeveer 1800 miljoen ton staal geproduceerd.,artikel noemt een ander getal bij dezelfde termen,https://worldsteel.org/steel-topics/statistics/annual-crude-steel-production/
1084,Landbouw en industrie,Hoeveel ton tarwe werd wereldwijd geproduceerd in 2023?,785000000,niet gevonden,tarwe wereldwijd,Tarwe,https://nl.wikipedia.org/wiki/Tarwe,,,https://www.fao.org/faostat/en/#data/QCL
1085,Landbouw en industrie,Welk percentage van het wereldwijd geproduceerde staal wordt gebruikt in de bouw?,50,bevestigd,percentage wereldwijd geproduceerde,Kerstgebruiken wereldwijd,https://nl.wikipedia.org/wiki/Kerstgebruiken_wereldwijd,Er wordt geschat dat meer dan 50% van de IJslanders elk jaar een elektronische kerstkaart verstuurt.,1 kernwoord komt overeen,https://worldsteel.org/steel-topics/steel-markets/
1086,Landbouw en industrie,Welk percentage van het wereldwijde staal wordt geproduceerd in China?,54,niet gevonden,China,China,https://nl.wikipedia.org/wiki/China,,,https://worldsteel.org/steel-topics/statistics/annual-crude-steel-production/
1087,Merken en producten,Hoeveel KFC-restaurants zijn er wereldwijd ongeveer?,30000,niet gevonden,,,,,,https://investors.yum.com/financial-information/annual-reports
1088,Merken en producten,Hoeveel winkels heeft Aldi wereldwijd ongeveer?,12500,afwijkend,winkels aldi,Aldi,https://nl.wikipedia.org/wiki/Aldi,"Door de jaren heen breidde Aldi zich eerst in Duitsland uit en later in vele andere Europese landen, de VS en Australië, om anno 2019 in totaal wereldwijd uit 7.600 winkels te bestaan.",artikel noemt een ander getal bij dezelfde termen,https://www.aldi.com/about-aldi/
1089,Merken en producten,Hoeveel winkels heeft Lidl wereldwijd ongeveer?,12500,niet gevonden,Lidl,Lidl,https://nl.wikipedia.org/wiki/Lidl,,,https://info.lidl/en/about-lidl
1090,Milieu en duurzaamheid,Hoeveel delen CO₂ per miljoen delen lucht meet NASA nu?,425,niet gevonden,NASA,NASA,https://en.wikipedia.org/wiki/NASA,,,https://climate.nasa.gov/vital-signs/carbon-dioxide/
1091,Milieu en duurzaamheid,Hoeveel delen CO₂ per miljoen delen lucht zat er rond het pre-industriële referentiejaar in de atmosfeer?,280,niet gevonden,delen miljoen delen,Delen Private Bank,https://nl.wikipedia.org/wiki/Delen_Private_Bank,,,https://climate.nasa.gov/vital-signs/carbon-dioxide/
1092,Milieu en duurzaamheid,Hoeveel miljoen gnoes trekken mee in de Grote Migratie van de Serengeti?,2,bevestigd,Serengeti,Serengeti,https://en.wikipedia.org/wiki/Serengeti,"The protected area within the region includes approximately 30,000 km2 (12,000 sq mi) of land, including the Serengeti National Park and several game reserves.",1 kernwoord komt overeen,
1094,Milieu en duurzaamheid,Hoeveel procent van de landbouwgrond wordt gebruikt voor voedsel dat uiteindelijk niet wordt opgegeten?,30,niet gevonden,,,,,,https://www.fao.org/food-loss-reduction/en/
1095,Milieu en duurzaamheid,Hoeveel procent van de oorspronkelijke bossen in de wereld is nog over?,36,niet gevonden,,,,,,https://www.fao.org/interactive/forest-resources-assessment/2020/en/
1096,Milieu en duurzaamheid,Hoeveel procent van de wetlands is sinds 1700 wereldwijd verdwenen?,85,niet gevonden,wetlands sinds,Wetlands International,https://nl.wikipedia.org/wiki/Wetlands_International,,,https://www.unep.org/resources/report/global-wetland-outlook
1097,Milieu en duurzaamheid,Hoeveel soorten worden volgens de gangbare schatting met uitsterven bedreigd?,1000000,niet gevonden,,,,,,https://www.iucnredlist.org/resources/summary-statistics
1098,Milieu en duurzaamheid,Hoeveel ton plastic afval produceert de mensheid jaarlijks volgens UNEP ongeveer?,400000000,niet gevonden,plastic afval produceert,Radioactief afval,https://nl.wikipedia.org/wiki/Radioactief_afval,,,https://www.unep.org/interactives/beat-plastic-pollution/
1099,Milieu en duurzaamheid,Welk percentage van het mariene afval bestaat volgens UNEP minstens uit plastic?,85,niet gevonden,,,,,,https://www.unep.org/interactives/beat-plastic-pollution/
1100,Milieu en duurzaamheid,Welk percentage van plastic afval wordt wereldwijd gestort?,46,niet gevonden,percentage plastic afval,Huishoudelijk afval,https://nl.wikipedia.org/wiki/Huishoudelijk_afval,,,https://www.oecd.org/environment/plastics/
1101,Mode en lifestyle,Hoeveel karaat is puur goud?,24,bevestigd,Hoeveel karaat is puur goud,Goud,https://nl.wikipedia.org/wiki/Goud,Het massagehalte aan goud van sieraden wordt gemeten in karaat; zuiver goud is 24 karaat.,2 kernwoorden komen overeen,
1102,Mode en lifestyle,Hoeveel knopen heeft een standaard overhemd meestal aan de voorkant?,7,niet gevonden,,,,,,
1103,Muziek,Hoeveel Eurovision Songfestivals won Ierland (2024 stand)?,7,bevestigd,Eurovision Songfestivals,Eurovision Song Contest 2026,https://en.wikipedia.org/wiki/Eurovision_Song_Contest_2026,"Israel's 2024 entry ""Hurricane"" was also controversial, as an earlier version titled ""October Rain"" was seen as referencing the 7 October attacks on Israel, a breach of political neutrality rules, which led to it only being accepted by the EBU after a rewrite.",1 kernwoord komt overeen,
1104,Muziek,Hoeveel Eurovision Songfestivals won Zweden tot 2024?,7,bevestigd,Eurovision Songfestivals,Eurovision Song Contest 2026,https://en.wikipedia.org/wiki/Eurovision_Song_Contest_2026,"Israel's 2024 entry ""Hurricane"" was also controversial, as an earlier version titled ""October Rain"" was seen as referencing the 7 October attacks on Israel, a breach of political neutrality rules, which led to it only being accepted by the EBU after a rewrite.",1 kernwoord komt overeen,
1105,Muziek,Hoeveel Grammy's won AC/DC?,1,niet gevonden,Australian,Australian,https://nl.wikipedia.org/wiki/Australian,,,
1106,Muziek,Hoeveel Grammys won Beyoncé in totaal tot 2023?,32,bevestigd,Beyoncé,Beyoncé,https://en.wikipedia.org/wiki/Beyonc%C3%A9,"Beyoncé is the most-awarded artist of the BET Awards (36), MTV Video Music Awards (30), NAACP Image Awards (32), and Soul Train Music Awards (25).",1 kernwoord komt overeen,
1107,Muziek,Hoeveel albums bracht AC/DC uit tot 2024 (studioalbums)?,17,niet gevonden,albums bracht,Travis Bracht,https://en.wikipedia.org/wiki/Travis_Bracht,,,
1108,Muziek,Hoeveel studioalbums bracht Midnight Oil uit?,13,bevestigd,Midnight Oil,Midnight Oil,https://en.wikipedia.org/wiki/Midnight_Oil,"2009 reformation
On the evenings of 12 and 13 March 2009 a reformed Midnight Oil, with Garrett, played at the Royal Theatre in Canberra.",1 kernwoord komt overeen,
1109,Muziek,Hoeveel dansstijlen worden er klassiek onderscheiden in de Cubaanse rumba-familie (drie hoofdstijlen)?,3,niet gevonden,Cuban,Cuban Five,https://nl.wikipedia.org/wiki/Cuban_Five,,,
1110,Muziek,Hoeveel leden vormden de klassieke bezetting van The Beatles?,4,bevestigd,The Beatles,The Beatles,https://en.wikipedia.org/wiki/The_Beatles,"During the week of 4 April 1964, the Beatles held twelve positions on the Billboard Hot 100 singles chart, including the top five.",1 kernwoord komt overeen,
1111,Muziek,Hoeveel lijnen heeft een notenbalk?,5,niet gevonden,lijnen notenbalk,Notenbalk,https://nl.wikipedia.org/wiki/Notenbalk,,,https://www.britannica.com/art/staff-music
1112,Muziek,Hoeveel muzikanten telt een klassieke mariachiband?,10,niet gevonden,,,,,,
1113,Muziek,Hoeveel nummer 1-albums had Elvis Presley in de VS?,10,bevestigd,Elvis Presley,Elvis Presley,https://nl.wikipedia.org/wiki/Elvis_Presley,"Leven en loopbaan


Jonge jaren (1935–1953)


Kinderjaren in Tupelo

Presley werd op 8 januari 1935 geboren in een shotgun house in Tupelo in Mississippi (zie geboortehuis van Elvis Presley) als de zoon van Gladys Love (meisjesnaam Smith; 25 april 1912 – 14 augustus 1958) en Vernon Elvis Presley (10",2 kernwoorden komen overeen,
1114,Muziek,Hoeveel nummer 1-hits had The Beatles in de Billboard Hot 100?,20,bevestigd,Billboard Hot,Billboard Hot 100,https://nl.wikipedia.org/wiki/Billboard_Hot_100,"De tussenvorm, de extended play (ep), met vier tot zes nummers op een grammofoonplaat van 7"", werd oorspronkelijk opgenomen in de Hot 100, maar verhuisde medio jaren zestig van de 20e eeuw naar de Billboard 200.",1 kernwoord komt overeen,
1115,Muziek,Hoeveel pianosonates schreef Beethoven?,32,bevestigd,Beethoven,Ludwig van Beethoven,https://nl.wikipedia.org/wiki/Ludwig_van_Beethoven,"32 pianosonates
diverse variatiereeksen, waaronder de 33 variaties op een wals van Anton Diabelli voor pianosolo
een groot aantal korte pianostukken, waaronder Für Elise, enkele Fantasieën en oerversies van delen uit sonates
negen concerten voor solo-instrumenten en orkest: vijf 'officiële' pianocon",2 kernwoorden komen overeen,
1116,Muziek,Hoeveel snaarinstrumenten bevat de klassieke Japanse koto-ensemble van hoort?,13,niet gevonden,Japanese,Japanese,https://en.wikipedia.org/wiki/Japanese,,,
1117,Muziek,Hoeveel snaren heeft de Ethiopische krar?,6,niet gevonden,Ethiopische,Ethiopische kalender,https://nl.wikipedia.org/wiki/Ethiopische_kalender,,,
1118,Muziek,Hoeveel snaren heeft een Indiase sitar?,20,niet gevonden,Indian,Indian,https://nl.wikipedia.org/wiki/Indian,,"getal wel gezien, maar te algemeen om bewijs te zijn",
1119,Muziek,Hoeveel snaren heeft de West-Afrikaanse djembé als trommel?,0,niet gevonden,West-Afrikaanse,West-Afrikaanse Tijd,https://nl.wikipedia.org/wiki/West-Afrikaanse_Tijd,,,
1121,Muziek,Hoeveel snaren heeft de klassieke Afrikaanse kora traditioneel?,21,niet gevonden,African,South African Airways,https://nl.wikipedia.org/wiki/South_African_Airways,,,
1122,Muziek,Hoeveel snaren heeft een Chinese guzheng?,21,bevestigd,snaren chinese guzheng,Guzheng,https://nl.wikipedia.org/wiki/Guzheng,Het instrument heeft meestal 21 snaren (dit aantal varieert tussen 15 en 25).,1 kernwoord komt overeen,
1123,Muziek,Hoeveel snaren heeft de klassieke Colombiaanse tiple?,12,niet gevonden,Colombian,Colombian,https://en.wikipedia.org/wiki/Colombian,,,
1124,Muziek,Hoeveel snaren heeft de klassieke Mexicaanse mariachi-gitarron (bajo sexto)?,12,niet gevonden,Mexican,Mexican,https://en.wikipedia.org/wiki/Mexican,,,
1125,Muziek,Hoeveel snaren heeft een klassieke Japanse koto?,13,niet gevonden,Japanese,Japanese,https://en.wikipedia.org/wiki/Japanese,,,
1126,Muziek,Hoeveel snaren heeft een standaard basgitaar?,4,niet gevonden,snaren standaard basgitaar,Basgitaar,https://nl.wikipedia.org/wiki/Basgitaar,,"getal wel gezien, maar te algemeen om bewijs te zijn",https://www.fender.com/articles/tech-talk/bass-guitar-strings
1127,Muziek,Hoeveel snaren heeft een standaard cello?,4,bevestigd,snaren standaard cello,Cello,https://nl.wikipedia.org/wiki/Cello,"Kleinere afmetingen van de cello zijn 1⁄16, 1⁄8, 1⁄4, 1⁄2, 3⁄4, 4⁄4 en 7⁄8 cello.",1 kernwoord komt overeen,
1128,Muziek,Hoeveel streams had Die With a Smile volgens Spotify’s 2025-lijst?,3442143544,afwijkend,streams with smile,Die with a Smile,https://en.wikipedia.org/wiki/Die_with_a_Smile,"After selling 6,000 copies, ""Die with a Smile"" reached the number one spot on the Hot 100 for the chart dated January 11, 2025, garnering 59.7 million radio listeners as well as 27.1 million streams.",artikel noemt een ander getal bij dezelfde termen,
1129,Muziek,Hoeveel studioalbums bracht Kylie Minogue uit?,16,afwijkend,Kylie Minogue,Kylie Minogue,https://nl.wikipedia.org/wiki/Kylie_Minogue,"Kylie Christmas
Nadat ze jaren eerder al een aantal kerstnummers had opgenomen (waarvan Santa Baby de bekendste is), bracht Minogue eind 2015 haar kerstalbum Kylie Christmas uit.",artikel noemt een ander getal bij dezelfde termen,
1130,Muziek,Hoeveel studioalbums bracht Taylor Swift uit tot 2024?,11,bevestigd,Taylor Swift,Taylor Swift,https://nl.wikipedia.org/wiki/Taylor_Swift,"Taylor Swift won ruim 250 awards, waaronder 12 Grammy Awards (uit 34 nominaties), 16 American Music Awards, 11 Country Music Association Awards, 22 Billboard Music Awards en één Emmy Award.",2 kernwoorden komen overeen,
1131,Muziek,Hoeveel studioalbums bracht The Beatles uit in het Verenigd Koninkrijk?,12,niet gevonden,Verenigd Koninkrijk,Verenigd Koninkrijk,https://nl.wikipedia.org/wiki/Verenigd_Koninkrijk,,"getal wel gezien, maar te algemeen om bewijs te zijn",
1132,Muziek,Hoeveel symfonieën componeerde Brahms?,4,bevestigd,Brahms,Johannes Brahms,https://nl.wikipedia.org/wiki/Johannes_Brahms,"Op zijn vijftiende begon Brahms volksliedjes te verzamelen en te bewerken, en in 1851 kwam zijn eerste officiële werk tot stand, het Scherzo in es-klein (opus 4).",1 kernwoord komt overeen,
1133,Muziek,Hoeveel symfonieën schreef Mozart?,41,niet gevonden,Mozart,Wolfgang Amadeus Mozart,https://nl.wikipedia.org/wiki/Wolfgang_Amadeus_Mozart,,"getal wel gezien, maar te algemeen om bewijs te zijn",
1134,Natuurkunde,Hoeveel decibel veroorzaakt een gemiddeld gesprek op normale toon?,60,niet gevonden,,,,,,
1135,Natuurkunde,Hoeveel graden Celsius kan een bliksemschicht bereiken?,30000,niet gevonden,Celsius,Celsius,https://nl.wikipedia.org/wiki/Celsius,,,https://whc.unesco.org/en/list/1314/
1136,Natuurkunde,Hoeveel graden Celsius kookt water op zeeniveau?,100,bevestigd,Celsius,Celsius,https://nl.wikipedia.org/wiki/Celsius,100 °C is de temperatuur waarbij water kookt bij een luchtdruk van 1 atmosfeer.,2 kernwoorden komen overeen,
1137,Sterrenkunde & ruimte,"Hoeveel kilometer boven de aarde ligt de Kármánlijn, de grens van de ruimte?",100,bevestigd,Kármánlijn,Kármánlijn,https://nl.wikipedia.org/wiki/K%C3%A1rm%C3%A1nlijn,De kármánlijn is een denkbeeldige grens op een hoogte van 100 kilometer boven de Aarde.,4 kernwoorden komen overeen,
1138,Geografie,Hoeveel meter diep is de Challengerdiepte in de Marianentrog?,10935,niet gevonden,Challengerdiepte,Challengerdiepte,https://nl.wikipedia.org/wiki/Challengerdiepte,,,
1139,Natuurkunde,Hoeveel meter per seconde is de lichtsnelheid in vacuüm exact volgens de SI-definitie?,299792458,bevestigd,seconde lichtsnelheid vacuüm,Lichtsnelheid,https://nl.wikipedia.org/wiki/Lichtsnelheid,"In vacuüm heeft de lichtsnelheid (in SI-eenheden) voor alle frequenties de waarde 

c = 299 792 458 m/s


Kenmerken
De lichtsnelheid in vacuüm wordt beschouwd als een natuurconstante.",2 kernwoorden komen overeen,https://www.bipm.org/en/publications/si-brochure
1140,Natuurkunde,Hoeveel meter per seconde meet een wind van windkracht 5?,10,niet gevonden,seconde meet,Seconde,https://nl.wikipedia.org/wiki/Seconde,,,
1141,Natuurkunde,Wat is de snelheid van het geluid in droge lucht bij 20°C in km/u?,1235,niet gevonden,,,,,,https://www.engineeringtoolbox.com/speed-sound-d_153.html
1142,Natuurkunde,Wat is de snelheid van het licht in vacuüm ongeveer?,300000,niet gevonden,,,,,,https://physics.nist.gov/cgi-bin/cuu/Value?c
1143,Sport,Hoeveel Friese elfsteden telt de klassieke Elfstedentocht?,11,bevestigd,Elfstedentocht,Elfstedentocht,https://nl.wikipedia.org/wiki/Elfstedentocht,"Zie ook
Eerste Friese Schaatsmuseum
Elfstedenkruisje
Elfstedentocht (roeien)
Elfstedenpad (wandelroute Streekpad 19)
Elfstedenwandeltocht
11stedenzwemtocht
Fietselfstedentocht
Klûntocht (Carnaval)
Stepelfstedentocht
Twaalfstedentocht


Externe links

Website van de vereniging De Friesche Elf Steden
",2 kernwoorden komen overeen,
1144,Geschiedenis,Hoeveel Hollandse waterlijnen kent de oude Nederlandsche Waterlinie?,3,niet gevonden,Hollandse,Hollandse IJssel,https://nl.wikipedia.org/wiki/Hollandse_IJssel,,"getal wel gezien, maar te algemeen om bewijs te zijn",
1145,Sport,Hoeveel doelpunten maakte Robin van Persie voor het Nederlands elftal?,50,bevestigd,Robin van Persie,Robin van Persie,https://en.wikipedia.org/wiki/Robin_van_Persie,Van Persie recorded over 100 caps and scored 50 goals for the Netherlands (he was the nation's all-time top goalscorer until 2025).,1 kernwoord komt overeen,
1146,Dagelijks leven,Hoeveel NL-postcodes cijfers heeft een Nederlandse postcode standaard (vier cijfers plus twee letters)?,4,niet gevonden,NL-postcodes,Nationale Postcode Loterij,https://en.wikipedia.org/wiki/Nationale_Postcode_Loterij,,,
1147,Geschiedenis,Hoeveel Nederlandse Nobelprijswinnaars zijn er?,21,niet gevonden,Nederlandse Nobelprijswinnaars,Lijst van Nederlandse Nobelprijswinnaars,https://nl.wikipedia.org/wiki/Lijst_van_Nederlandse_Nobelprijswinnaars,,,
1148,Sterrenkunde & ruimte,Hoeveel Nederlandse astronauten zijn er naar de ruimte gevlogen?,3,niet gevonden,Dutch,Dutch,https://nl.wikipedia.org/wiki/Dutch,,,
1149,Geschiedenis,Hoeveel Nederlandse koningen droegen de naam Willem vóór Willem-Alexander?,3,bevestigd,Willem-Alexander,Willem-Alexander der Nederlanden,https://nl.wikipedia.org/wiki/Willem-Alexander_der_Nederlanden,"Om die reden groeide hij op met alleen naar de radio te luisteren, voornamelijk naar de Nederlandse publieke zender Hilversum 3; de popzender.",1 kernwoord komt overeen,
1150,Geschiedenis,Hoeveel Nederlandse koninginnen regeerden vóór koning Willem-Alexander?,3,bevestigd,Willem-Alexander,Willem-Alexander der Nederlanden,https://nl.wikipedia.org/wiki/Willem-Alexander_der_Nederlanden,"Om die reden groeide hij op met alleen naar de radio te luisteren, voornamelijk naar de Nederlandse publieke zender Hilversum 3; de popzender.",1 kernwoord komt overeen,
1151,Geografie,Hoeveel Waddeneilanden behoren tot Nederland?,5,bevestigd,Nederland,Nederland,https://nl.wikipedia.org/wiki/Nederland,De andere nationale feestdag is Bevrijdingsdag: op 5 mei wordt de capitulatie van het Duitse leger in Nederland tijdens de Tweede Wereldoorlog gevierd.,1 kernwoord komt overeen,
1152,Economie & geld,Hoeveel banen heeft de Nederlandsche Bank in het monetaire bestuur?,1,bevestigd,Nederlandsche Bank,De Nederlandsche Bank,https://nl.wikipedia.org/wiki/De_Nederlandsche_Bank,De bank is gevestigd aan het Frederiksplein (bezoekadres Westeinde 1) in Amsterdam.,1 kernwoord komt overeen,
1153,Politiek en recht,Hoeveel biljarten heeft het Binnenhof te Den Haag traditioneel?,3,bevestigd,Binnenhof,Binnenhof (Den Haag),https://nl.wikipedia.org/wiki/Binnenhof_%28Den_Haag%29,Op 21 april 1906 werd de eerste paardentramlijn door het Binnenhof vervangen door de elektrische tramlijn 3.,1 kernwoord komt overeen,
1154,Taal,Hoeveel duizend bladzijden telt het Woordenboek der Nederlandsche Taal?,45,afwijkend,Dictionary of the Dutch Language,List of Dutch dictionaries,https://en.wikipedia.org/wiki/List_of_Dutch_dictionaries,"Historical dictionaries
Woordenboek der Nederlandsche Taal, the comprehensive academic dictionary of Dutch begun in 1863 and finished in 1998, listing all words in Dutch used since 1500.",artikel noemt een ander getal bij dezelfde termen,
1155,Muziek,Hoeveel bruggen telt het klassieke orkestnummer Bruggetje van Sainte Anneï in de titel niet?,0,niet gevonden,,,,,,
1156,Sport,Hoeveel dagen duurt de Alvleeskliervlaamse Wielerweek Vredeskoers niet?,0,niet gevonden,,,,,,
1157,Kunst en cultuur,Hoeveel dagen duurt de Nederlands Dans Theater-productie Stop-Motion doorgaans per seizoensblok?,3,niet gevonden,Dutch Dance Theater,Nederlands Dans Theater,https://en.wikipedia.org/wiki/Nederlands_Dans_Theater,,,
1158,Films en series,Hoeveel dagen duurt de Nederlands Film Festival in Utrecht?,10,bevestigd,Utrecht,Utrecht (stad),https://nl.wikipedia.org/wiki/Utrecht_%28stad%29,"Markten

Er zijn diverse markten in Utrecht zoals:

Breedstraat op zaterdagmorgen van 8:00 - 13:00 uur (de 'lapjesmarkt')
Jacobskerkhof op zaterdag van 9:00 - 16:00 uur
Janskerkhof op zaterdag van 7:00 - 17:00 uur (de bloemenmarkt)
Plantage op woensdagmorgen van 9:00 - 13:00 uur
Oudegracht/Bakkerbru",1 kernwoord komt overeen,
1161,Vervoer,Hoeveel duikboten telt de Nederlandse marine standaard per vloot?,4,bevestigd,duikboten nederlandse marine,Koninklijke Marine,https://nl.wikipedia.org/wiki/Koninklijke_Marine,"Samenstelling

Verder heeft de marine de beschikking over 3 kustwachtcutters, 1 opleidingsvaartuig, 1 zeilend schoolschip, 4 kustsleepboten, 2 havensleepboten en 17 landingsvaartuigen.",1 kernwoord komt overeen,
1162,Geografie,Hoeveel duizend inwoners heeft Rotterdam?,670,niet gevonden,Rotterdam,Rotterdam,https://nl.wikipedia.org/wiki/Rotterdam,,,
1163,Economie & geld,Hoeveel eenheden telt de Nederlandse duizendguldenbiljet-collectie uit 1970?,1,niet gevonden,Dutch,Dutch,https://nl.wikipedia.org/wiki/Dutch,,,
1164,Geografie,Hoeveel eilanden telt de Nederlandse Antillen in de huidige status van landen?,0,bevestigd,Nederlandse Antillen,Nederlandse Antillen,https://nl.wikipedia.org/wiki/Nederlandse_Antillen,"De leeftijdsopbouw was:

0-14 jaar 23,9%
15-65 jaar 67,3%
66 jaar en ouder 8,7%
De levensverwachting was:

Totale bevolking 76,03 jaar
Mannen 73,76 jaar
Vrouwen 78,41 jaar
De Nederlandse Antillen had een bevolkingsgroei van 0,79%.",2 kernwoorden komen overeen,
1165,Kunst en cultuur,Hoeveel etsen worden aan Rembrandt toegeschreven in de catalogus van het Rijksmuseum?,300,bevestigd,Rembrandt,Rembrandt,https://en.wikipedia.org/wiki/Rembrandt,"More recent scholarship, from the 1960s to the present day (led by the Rembrandt Research Project), often controversially, has winnowed his oeuvre to nearer 300 paintings.",1 kernwoord komt overeen,
1167,Geografie,Hoeveel graden Celsius is de gemiddelde zomertemperatuur in Nederland?,18,niet gevonden,Nederland,Nederland,https://nl.wikipedia.org/wiki/Nederland,,"getal wel gezien, maar te algemeen om bewijs te zijn",
1170,Eten & drinken,Hoeveel gram boter gaat in de klassieke Nederlandse boterkoek per 10 porties?,250,niet gevonden,Dutch,Dutch,https://nl.wikipedia.org/wiki/Dutch,,,
1171,Eten & drinken,Hoeveel gram suiker bevat een standaard reep chocolade van Droste van 100 gram ongeveer?,55,niet gevonden,Droste van,Droste,https://nl.wikipedia.org/wiki/Droste,,,
1172,Eten & drinken,Hoeveel gram weegt een stroopwafel van het merk Daelmans standaard?,32,niet gevonden,Daelmans,Arne Daelmans,https://nl.wikipedia.org/wiki/Arne_Daelmans,,,
1173,Geografie,Hoeveel duizend inwoners heeft Amsterdam?,933,niet gevonden,Amsterdam,Amsterdam,https://nl.wikipedia.org/wiki/Amsterdam,,,
1174,Eten & drinken,"Hoeveel kaasmarkten telt Nederland klassiek per week in Alkmaar, Gouda en Edam samen?",3,bevestigd,Alkmaar,Alkmaar,https://en.wikipedia.org/wiki/Alkmaar,"GroenLinks/PvdA – 9 seats
D66 – 5 seats
BAS – 5 seats
VVD – 4 seats
OPA – 4 seats
FvD – 3 seats
CDA – 3 seats
Leefbaar Alkmaar – 2 seats
Partij voor de Dieren – 1 seat
Senior's Party of Alkmaar (Senioren Partij Alkmaar) – 1 seat
Status Quo – 1 seat
SP – 1 seat


Transport

The A9 motorway runs from ",1 kernwoord komt overeen,
1175,Spellen en speelgoed,Hoeveel kapstokkaarten telt een standaard Nederlandse Mens-erger-je-niet?,4,niet gevonden,,,,,,
1176,Sport,Hoeveel keer is de Elfstedentocht in de 20e eeuw geschaatst?,15,bevestigd,Elfstedentocht,Elfstedentocht,https://nl.wikipedia.org/wiki/Elfstedentocht,"Sporthistoricus Jurryt van de Vooren lanceerde op 15 januari 2020 (de datum van oprichting in 1909 van de Koninklijke Vereniging De Friesche Elf Steden) in het Fries Scheepvaart Museum in Sneek de eerste ""Dag van de Elfstedentocht"", bedoeld om de herinnering aan de Elfstedentocht in leven te houden.",1 kernwoord komt overeen,
1177,Dagelijks leven,Hoeveel keer per jaar publiceert het CBS de driejaarlijkse woondenquête?,1,niet gevonden,,,,,,
1178,Sport,Hoeveel keer werd Nederland Europees kampioen voetbal bij de mannen?,1,bevestigd,Nederland Europees,Nederland,https://nl.wikipedia.org/wiki/Nederland,"De vijf grootste steden in Noord-Brabant vormen het samenwerkingsverband BrabantStad; met een verzorgingsgebied van 1,5 miljoen mensen en 20% van de industriële productie van Nederland, een andere belangrijke stedelijke regio.",1 kernwoord komt overeen,
1179,Sport,Hoeveel keer won Oranje de FIFA World Cup bij de mannen?,0,niet gevonden,Oranje de FIFA World Cup,2026 FIFA World Cup squads,https://en.wikipedia.org/wiki/2026_FIFA_World_Cup_squads,,,
1180,Vervoer,Hoeveel duizend kilometer fietspad telt Nederland?,35,niet gevonden,Nederland,Nederland,https://nl.wikipedia.org/wiki/Nederland,,,
1181,Vervoer,Hoeveel kilometer lang is de Betuweroute goederenspoorlijn?,160,bevestigd,Betuweroute,Betuweroute,https://nl.wikipedia.org/wiki/Betuweroute,"De Betuweroute (soms de Betuwelijn genoemd, wat eigenlijk de naam is van een andere spoorlijn, (Elst - Dordrecht) is een ongeveer 160 kilometer lange Nederlandse goederenspoorlijn van de Maasvlakte bij Rotterdam naar de grens met Duitsland, enkele kilometers voorbij Zevenaar.",2 kernwoorden komen overeen,
1183,Sport,Hoeveel kilometer lang is de Elfstedentocht?,199,bevestigd,Elfstedentocht,Elfstedentocht,https://en.wikipedia.org/wiki/Elfstedentocht,"The cumulative distance at each checkpoint in 1997 was:

0 km: Leeuwarden
22 km: Sneek
26 km: IJlst
40 km: Sloten
66 km: Stavoren
77 km: Hindeloopen
86 km: Workum
99 km: Bolsward
116 km: Harlingen
129 km: Franeker
174 km: Dokkum
199 km: Leeuwarden


Similar events


Alternative Elfstedentocht
An ""al",1 kernwoord komt overeen,
1184,Vervoer,Hoeveel kilometer lang is de HSL-Zuid hogesnelheidslijn?,125,niet gevonden,HSL-Zuid,Hogesnelheidslijn Schiphol - Antwerpen,https://nl.wikipedia.org/wiki/Hogesnelheidslijn_Schiphol_-_Antwerpen,,,
1185,Geografie,Hoeveel kilometer van de Maas ligt in Nederland?,250,niet gevonden,Nederland,Nederland,https://nl.wikipedia.org/wiki/Nederland,,"getal wel gezien, maar te algemeen om bewijs te zijn",
1186,Vervoer,Hoeveel kilometer lang is het metronet van Rotterdam?,78,niet gevonden,Rotterdam,Rotterdam,https://nl.wikipedia.org/wiki/Rotterdam,,,
1188,Vervoer,Hoeveel kilometer lang is de Noord-Zuidlijn Amsterdam?,9,niet gevonden,Noord-Zuidlijn Amsterdam,Amsterdam Metro,https://en.wikipedia.org/wiki/Amsterdam_Metro,,"getal wel gezien, maar te algemeen om bewijs te zijn",
1189,Gebouwen en infrastructuur,Hoeveel kilometer lang is de Van Brienenoordbrug hoofdspansegment?,300,niet gevonden,Van Brienenoordbrug,Van Brienenoordbrug,https://nl.wikipedia.org/wiki/Van_Brienenoordbrug,,,
1191,Gebouwen en infrastructuur,Hoeveel kilometer lang is de Westerscheldetunnel?,6,bevestigd,Westerscheldetunnel,Westerscheldetunnel,https://nl.wikipedia.org/wiki/Westerscheldetunnel,"De Westerscheldetunnel is een tunnel van 6,6 kilometer lang in de N62 onder de Westerschelde tussen Ellewoutsdijk op Zuid-Beveland en Terneuzen in Zeeuws-Vlaanderen en is daarmee de langste tunnel voor het wegverkeer van Nederland.",1 kernwoord komt overeen,
1193,Geografie,Hoeveel kilometer lang is de kust van de Nederlandse Waddeneilanden ongeveer?,300,niet gevonden,Nederlandse Waddeneilanden,Waddeneilanden,https://nl.wikipedia.org/wiki/Waddeneilanden,,"getal wel gezien, maar te algemeen om bewijs te zijn",https://www.waddenzee.nl/english/
1194,Geschiedenis,Hoeveel kinderen heeft koning Willem-Alexander?,3,niet gevonden,Willem-Alexander,Willem-Alexander der Nederlanden,https://nl.wikipedia.org/wiki/Willem-Alexander_der_Nederlanden,,"getal wel gezien, maar te algemeen om bewijs te zijn",
1195,Muziek,Hoeveel klokken hangen er in het carillon van de Utrechtse Domtoren?,50,niet gevonden,Utrecht Cathedral,Dom van Utrecht,https://nl.wikipedia.org/wiki/Dom_van_Utrecht,,,
1196,Vervoer,Hoeveel kilometer lang is de Hanzelijn tussen Lelystad en Zwolle?,50,bevestigd,Zwolle,Zwolle,https://nl.wikipedia.org/wiki/Zwolle,De A50 kruist een paar kilometer ten westen van Zwolle de A28 bij knooppunt Hattemerbroek.,1 kernwoord komt overeen,
1197,Geografie,Hoeveel vierkante kilometer groot is de provincie Utrecht?,1449,niet gevonden,Utrecht,Utrecht (stad),https://nl.wikipedia.org/wiki/Utrecht_%28stad%29,,,
1198,Politiek en recht,"Hoeveel koppen bevat de Nederlandse driehoek bestuursniveaus (rijk, provincie, gemeente)?",3,niet gevonden,Dutch,Dutch,https://nl.wikipedia.org/wiki/Dutch,,,
1199,Eten & drinken,"Hoeveel koppen bevat het standaard Nederlands kroegbord van biertjes (Pils, Dubbel, Tripel, Quadrupel)?",4,bevestigd,Nederlands,Nederlands,https://nl.wikipedia.org/wiki/Nederlands,"België

Het Nederlands is de moedertaal van ongeveer 6.600.000 Belgen; daarnaast zijn er ongeveer 4.700.000 Franstaligen en ook 77.000 mensen die het Duits als voertaal gebruiken.",1 kernwoord komt overeen,
1200,Sport,Hoeveel korfbal-spelers staan er per team op het veld bij de Nederlandse Korfbal League?,8,bevestigd,korfbal-spelers team veld,Korfbal,https://nl.wikipedia.org/wiki/Korfbal,Daarnaast is er ook een variant ontwikkeld waarbij er in drietallen wordt gespeeld op een veld van 8 bij 16 meter met twee korven op 3 meter van de achterlijn.,1 kernwoord komt overeen,
1201,Sport,Hoeveel landen deden er mee aan het Nederlands kampioenschap wielrennen voor clubs?,0,bevestigd,Nederlands,Nederlands,https://nl.wikipedia.org/wiki/Nederlands,"Het Nederlands alleen wordt door meer mensen gesproken dan de Noord-Germaanse (Scandinavische) talen bij elkaar: Zweeds (10 miljoen), Noors (5 miljoen), Deens (5 miljoen) en IJslands (0,3 miljoen).",1 kernwoord komt overeen,
1202,Geografie,Hoeveel landen grenzen aan Nederland?,2,bevestigd,Nederland,Nederland,https://nl.wikipedia.org/wiki/Nederland,"Bevolking

Nederland passeerde half augustus 2024 de grens van achttien miljoen inwoners en had toen een bevolkingsdichtheid van 433 inwoners per km2.",1 kernwoord komt overeen,
1203,Geschiedenis,Hoeveel landen kocht de VOC formeel aan als koloniale gebieden?,0,niet gevonden,,,,,,
1204,Politiek en recht,Hoeveel landen stemden vóór het Nederlands als EU-taal?,0,bevestigd,Nederlands,Nederlands,https://nl.wikipedia.org/wiki/Nederlands,"Het Nederlands alleen wordt door meer mensen gesproken dan de Noord-Germaanse (Scandinavische) talen bij elkaar: Zweeds (10 miljoen), Noors (5 miljoen), Deens (5 miljoen) en IJslands (0,3 miljoen).",1 kernwoord komt overeen,
1205,Politiek en recht,Hoeveel landen van het Koninkrijk der Nederlanden zijn er naast Nederland zelf?,3,bevestigd,Koninkrijk de,Verenigd Koninkrijk,https://nl.wikipedia.org/wiki/Verenigd_Koninkrijk,"Het Verenigd Koninkrijk omvat in totaal vier constituerende landen: Engeland in het midden en zuiden (56.286.961 inwoners, 2019), Schotland in het noorden (5.439.842 inwoners, 2022), Wales in het westen (3.153.000 inwoners, 2022) en Noord-Ierland in het noordwesten (2.050.025 inwoners, 2019).",2 kernwoorden komen overeen,
1206,Geografie,Hoeveel landen vormen de Benelux?,3,bevestigd,Benelux,Benelux,https://nl.wikipedia.org/wiki/Benelux,"Bijna tien jaar na de inwerkingtreding van de douaneovereenkomst, op 3 februari 1958, ondertekenden België, Luxemburg en Nederland het Verdrag tot instelling van de Benelux Economische Unie.",1 kernwoord komt overeen,https://www.benelux.int/en/about-benelux/
1207,Politiek en recht,Hoeveel leden heeft de Nederlandse Tweede Kamer?,150,bevestigd,Nederlandse Tweede Kamer,Tweede Kamer der Staten-Generaal,https://nl.wikipedia.org/wiki/Tweede_Kamer_der_Staten-Generaal,De Tweede Kamer telt sinds 1956 150 zetels en de eerste zitting was op 21 september 1815.,2 kernwoorden komen overeen,https://www.houseofrepresentatives.nl/how-parliament-works
1208,Eten & drinken,Hoeveel liter melk drinkt een Nederlander per jaar?,50,niet gevonden,Nederlander,Nederlander,https://en.wikipedia.org/wiki/Nederlander,,,
1209,Landbouw en industrie,Hoeveel liter melk geeft een gemiddelde Nederlandse koe per jaar?,9200,niet gevonden,Dutch,Dutch,https://nl.wikipedia.org/wiki/Dutch,,,
1211,Sport,Hoeveel maanden per jaar telt het Nederlandse voetbalseizoen Eredivisie doorgaans?,9,bevestigd,Eredivisie,Eredivisie (mannenvoetbal),https://nl.wikipedia.org/wiki/Eredivisie_%28mannenvoetbal%29,"Voorbeeld berekening PSV:
2026: 1e plaats = 18 punten x factor 10 = 180
2025: 1e plaats = 18 punten x factor 9 = 162
2024: 1e plaats = 18 punten x factor 8 = 144
2023: 2e plaats = 17 punten x factor 7 = 119
2022: 2e plaats = 17 punten x factor 6 = 102
2021: 2e plaats = 17 punten x factor 5 = 85
2020",1 kernwoord komt overeen,
1212,Gebouwen en infrastructuur,Hoeveel meter diep is het Zeelandbrug het hoogste punt voor schepen?,16,niet gevonden,Zeelandbrug het,Zeelandbrug,https://nl.wikipedia.org/wiki/Zeelandbrug,,,
1213,Gebouwen en infrastructuur,Hoeveel meter hoog is de Domtoren in Utrecht?,112,bevestigd,Domtoren,Dom van Utrecht,https://nl.wikipedia.org/wiki/Dom_van_Utrecht,"De 112,32 meter hoge Domtoren is de hoogste kerktoren van Nederland en het hoogste gebouw van Utrecht.",2 kernwoorden komen overeen,
1214,Gebouwen en infrastructuur,Hoeveel meter hoog is de Euromast vanaf de grond tot de top van de Space Tower?,185,niet gevonden,Euromast van,Euromast,https://nl.wikipedia.org/wiki/Euromast,,"getal wel gezien, maar te algemeen om bewijs te zijn",
1215,Gebouwen en infrastructuur,Hoeveel meter hoog is De Zalmhaven in Rotterdam?,215,bevestigd,De Zalmhaven,De Zalmhaven,https://nl.wikipedia.org/wiki/De_Zalmhaven,"De hoogste toren, Zalmhaven I, is ontworpen door Dam & Partners Architecten en is het hoogste gebouw van Nederland, namelijk 215 meter.",1 kernwoord komt overeen,
1217,Vervoer,Hoeveel meter lang is het cruiseschip Rotterdam?,300,niet gevonden,Rotterdam,Rotterdam,https://nl.wikipedia.org/wiki/Rotterdam,,"getal wel gezien, maar te algemeen om bewijs te zijn",
1218,Geografie,Hoeveel meter onder zeeniveau ligt het diepste punt van Nederland?,7,niet gevonden,Nederland,Nederland,https://nl.wikipedia.org/wiki/Nederland,,"getal wel gezien, maar te algemeen om bewijs te zijn",https://www.rijkswaterstaat.nl/english
1219,Politiek en recht,Hoeveel miljard euro bedraagt het Nederlandse defensiebudget?,21,niet gevonden,Nederlandse de,De Nederlandse Alliantie,https://en.wikipedia.org/wiki/De_Nederlandse_Alliantie,,,
1220,Landbouw en industrie,Hoeveel miljoen koeien telt Nederland?,4,bevestigd,Nederland,Nederland,https://nl.wikipedia.org/wiki/Nederland,"Ter vergelijking: de Belgische bevolking groeide van anderhalf keer zo groot als die van Nederland (4,5 miljoen in 1850) tot ruim een derde kleiner (10 miljoen in 2000).",2 kernwoorden komen overeen,
1221,Reizen en toerisme,Hoeveel miljoen toeristen bezoekt Amsterdam jaarlijks ongeveer?,20,bevestigd,Amsterdam,Amsterdam,https://nl.wikipedia.org/wiki/Amsterdam,"Als hoofdstad van het nieuwe koninkrijk koos hij Amsterdam en na een feestelijke binnenkomst in de stad, kreeg hij op 20 april 1808 de stadssleutels overhandigd.",1 kernwoord komt overeen,
1222,Eten & drinken,Hoeveel ml bevat een standaard Nederlandse borrelglas jenever?,35,bevestigd,standaard nederlandse borrelglas,Jenever,https://nl.wikipedia.org/wiki/Jenever,"bevat maximaal 10 gram suiker per liter
is kleurloos
bevat minstens 35% alcohol
Voor jonge jenever zijn er geen richtlijnen wat betreft kruiden.",1 kernwoord komt overeen,
1223,Gebouwen en infrastructuur,Hoeveel molens staan er op de Zaanse Schans?,8,niet gevonden,Zaanse Schans,Zaanse Schans,https://nl.wikipedia.org/wiki/Zaanse_Schans,,,
1224,Kunst en cultuur,Hoeveel musea telt Amsterdam ongeveer?,80,bevestigd,Amsterdam,Amsterdam,https://nl.wikipedia.org/wiki/Amsterdam,"De economische activiteiten in Amsterdam concentreren zich in het stadscentrum, waar ruim 80.000 mensen een baan hebben.",1 kernwoord komt overeen,
1225,Geografie,Hoeveel polders telt Flevoland in de klassieke indeling?,2,bevestigd,Flevoland,Flevoland,https://en.wikipedia.org/wiki/Flevoland,"Municipalities


Demographics

On 1 January 2023, Flevoland had a total population of 444,701 and a population density of 315/km2 (820/sq mi).",1 kernwoord komt overeen,
1227,Geografie,Hoeveel procent van Nederland ligt onder zeeniveau?,26,niet gevonden,Nederland,Nederland,https://nl.wikipedia.org/wiki/Nederland,,"getal wel gezien, maar te algemeen om bewijs te zijn",https://www.government.nl/topics/water-management/room-for-the-river
1228,Dagelijks leven,Hoeveel procent van de Nederlanders woont in een rijtjeshuis?,30,niet gevonden,Nederlanders,Nederlanders,https://nl.wikipedia.org/wiki/Nederlanders,,,
1229,Vervoer,Hoeveel procent van de Nederlanders fietst dagelijks?,60,niet gevonden,Nederlanders,Nederlanders,https://nl.wikipedia.org/wiki/Nederlanders,,"getal wel gezien, maar te algemeen om bewijs te zijn",
1230,Economie & geld,Hoeveel procent van de Nederlandse betalingen verloopt contactloos of via pin volgens recente cijfers?,80,niet gevonden,Dutch,Dutch,https://nl.wikipedia.org/wiki/Dutch,,,
1231,Geografie,Hoeveel procent van de Nederlanders woont in de Randstad?,40,niet gevonden,Nederlanders,Nederlanders,https://nl.wikipedia.org/wiki/Nederlanders,,"getal wel gezien, maar te algemeen om bewijs te zijn",
1233,Sport,Hoeveel schaatsbanen van 400 meter telt Nederland?,20,bevestigd,Nederland,Nederland,https://nl.wikipedia.org/wiki/Nederland,"De vijf grootste steden in Noord-Brabant vormen het samenwerkingsverband BrabantStad; met een verzorgingsgebied van 1,5 miljoen mensen en 20% van de industriële productie van Nederland, een andere belangrijke stedelijke regio.",1 kernwoord komt overeen,
1234,Kunst en cultuur,Hoeveel schilderijen van Rembrandt bezit het Rijksmuseum volgens de huidige collectie-informatie?,24,bevestigd,Rembrandt,Rembrandt,https://en.wikipedia.org/wiki/Rembrandt,"24 August 2019 – 1 December 2019: Leiden circa 1630: Rembrandt Emerges, Agnes Etherington Art Centre, Kingston, Ontario.",1 kernwoord komt overeen,
1235,Sport,Hoeveel spelers zitten er in een Nederlands korfbalteam op het veld?,8,niet gevonden,Nederlands,Nederlands,https://nl.wikipedia.org/wiki/Nederlands,,"getal wel gezien, maar te algemeen om bewijs te zijn",
1237,Economie & geld,Hoeveel stockbeurzen telt Nederland (Euronext Amsterdam plus het Energiepunt)?,1,bevestigd,Nederland,Nederland,https://nl.wikipedia.org/wiki/Nederland,"De vijf grootste steden in Noord-Brabant vormen het samenwerkingsverband BrabantStad; met een verzorgingsgebied van 1,5 miljoen mensen en 20% van de industriële productie van Nederland, een andere belangrijke stedelijke regio.",1 kernwoord komt overeen,
1238,Geografie,Hoeveel strepen heeft het Nederlandse vlagontwerp in horizontale banen?,3,niet gevonden,Dutch,Dutch,https://nl.wikipedia.org/wiki/Dutch,,,
1239,Kunst en cultuur,Hoeveel tekeningen van Rembrandt bezit het Rijksmuseum volgens de huidige collectie-informatie?,64,afwijkend,tekeningen rembrandt,Lijst van tekeningen van Rembrandt van Rijn,https://nl.wikipedia.org/wiki/Lijst_van_tekeningen_van_Rembrandt_van_Rijn,"Tekeningen & etsen, Amsterdam, Rijksmuseum / Zwolle, Waanders
(nl) Brown, Christopher; Jan Kelch & Pieter van Thiel (1991): Rembrandt.",artikel noemt een ander getal bij dezelfde termen,
1240,Gebouwen en infrastructuur,Hoeveel terrassen heeft de Euromast in Rotterdam totaal?,2,bevestigd,Rotterdam,Rotterdam,https://nl.wikipedia.org/wiki/Rotterdam,"De gehele gemeente Rotterdam telt 674.485 inwoners en de nog grotere metropoolregio Rotterdam Den Haag telt meer dan 2,4 miljoen inwoners.",1 kernwoord komt overeen,
1241,Geografie,"Hoeveel universiteiten van de UdK-tier behoren tot de klassieke Nederlandse top-3 (Leiden, Utrecht, Groningen)?",3,bevestigd,Groningen,Groningen (stad),https://nl.wikipedia.org/wiki/Groningen_%28stad%29,"Feenstra (2009), Geschiedenis van Groningen / 3: Nieuwste tijd tot heden.",1 kernwoord komt overeen,
1242,Vervoer,Hoeveel uur duurt de treinreis Amsterdam-Paris Thalys ongeveer (in hele uren)?,3,bevestigd,Amsterdam-Paris Thalys,Thalys,https://nl.wikipedia.org/wiki/Thalys,"Budget-Thalys: IZY

Tussen 3 april 2016 en juli 2022 voerde Thalys een low-cost-submerk: de IZY, die dagelijks twee heen- en terugritten Brussel – Parijs reed, met treinstellen in een speciale kleurstelling.",1 kernwoord komt overeen,
1243,Gebouwen en infrastructuur,Hoeveel verdiepingen heeft De Rotterdam van architect Rem Koolhaas?,44,afwijkend,Rem Koolhaas,Rem Koolhaas,https://en.wikipedia.org/wiki/Rem_Koolhaas,"(2011) (with Hans Ulrich Obrist) ISBN 978-3-8365-2508-4
Delirious New York: A Retroactive Manifesto for Manhattan (1978) ISBN 978-1-885254-00-9
S,M,L,XL (1995) ISBN 978-1-885254-86-3
Serpentine Gallery: 24 Hour Interview Marathon (2007) ISBN 978-1-904563-69-3
Living Vivre Leben (1998)
Content (2004)",artikel noemt een ander getal bij dezelfde termen,
1244,Dieren,Hoeveel dagvlindersoorten komen voor in Nederland?,53,niet gevonden,Nederland,Nederland,https://nl.wikipedia.org/wiki/Nederland,,"getal wel gezien, maar te algemeen om bewijs te zijn",
1245,Sport,Hoeveel voetbalstadions van eredivisieclubs hebben een capaciteit boven de 50.000 (Amsterdam Arena en De Kuip)?,2,niet gevonden,Amsterdam Arena,Johan Cruijff ArenA,https://nl.wikipedia.org/wiki/Johan_Cruijff_ArenA,,"getal wel gezien, maar te algemeen om bewijs te zijn",
1247,Gebouwen en infrastructuur,Hoeveel windmolens staan er bij Kinderdijk?,19,bevestigd,Kinderdijk,Kinderdijk,https://nl.wikipedia.org/wiki/Kinderdijk,"De 19 windmolens zijn verdeeld in een rij van acht molens aan de Nederwaard (dit zijn de ronde stenen molens), een rij van acht rietgedekte achtkanters aan de Overwaard, met daarnaast een wipmolen; de Blokweerse molen die de polder Blokweer bemaalt en in de polder Nieuw-Lekkerland twee rietgedekte a",1 kernwoord komt overeen,
1248,Gebouwen en infrastructuur,Hoeveel zuilen heeft het Rijksmuseum aan de voorgevel?,8,niet gevonden,Rijksmuseum,Rijksmuseum Amsterdam,https://nl.wikipedia.org/wiki/Rijksmuseum_Amsterdam,,"getal wel gezien, maar te algemeen om bewijs te zijn",https://www.rijksmuseum.nl/en/visitor-information/building
1249,Geografie,Hoeveel miljoen inwoners heeft China?,1410,afwijkend,miljoen inwoners china,Volksrepubliek China,https://nl.wikipedia.org/wiki/Volksrepubliek_China,"Bevolking

Bij het begin van de 20e eeuw telde China 400 miljoen inwoners; nu 1.394.015.977 (2020); daarmee ligt de bevolkingsgroei een klein beetje onder het wereldgemiddelde.",artikel noemt een ander getal bij dezelfde termen,
1250,Geografie,Hoeveel miljoen inwoners heeft India?,1440,afwijkend,miljoen inwoners india,India,https://nl.wikipedia.org/wiki/India,"Bevolking

In het begin van de 20e eeuw telde India 240 miljoen inwoners; dat aantal is nu vervijfvoudigd.",artikel noemt een ander getal bij dezelfde termen,
1251,Politiek en recht,Hoeveel artikelen telt de Universele Verklaring van de Rechten van de Mens?,30,afwijkend,artikelen universele,Universele Verklaring van de Rechten van de Mens,https://nl.wikipedia.org/wiki/Universele_Verklaring_van_de_Rechten_van_de_Mens,De Universele Verklaring van de Rechten van de Mens (UVRM) is een verklaring die op 10 december 1948 is aangenomen door de Algemene Vergadering van de Verenigde Naties (A/RES/217) om de Rechten van de mens (basisrechten/grondrechten) te omschrijven.,artikel noemt een ander getal bij dezelfde termen,
1252,Politiek en recht,Hoeveel departementen telt Bolivia?,9,bevestigd,Bolivia,Bolivia,https://nl.wikipedia.org/wiki/Bolivia,"Bestuurlijke indeling

Bolivia is ingedeeld in 9 departementen, 112 provincies, 339 gemeentes en 1.384 kantons.",2 kernwoorden komen overeen,
1253,Politiek en recht,Hoeveel departementen telt Colombia (2024)?,32,bevestigd,Colombia,Colombia,https://nl.wikipedia.org/wiki/Colombia,"Bestuurlijke indeling

Colombia is een eenheidsstaat die bestaat uit 32 departementen plus het Hoofdstedelijk District van Bogota.",2 kernwoorden komen overeen,
1254,Politiek en recht,Hoeveel departementen telt Peru?,25,bevestigd,Peru,Peru,https://nl.wikipedia.org/wiki/Peru,"De 25 regio's van Peru zijn, in alfabetische volgorde:


Steden

De hoofdstad is Lima.",1 kernwoord komt overeen,
1255,Politiek en recht,Hoeveel electorale stemmen heeft Californië (2024)?,54,niet gevonden,Californië,Californië,https://nl.wikipedia.org/wiki/Californi%C3%AB,,,
1256,Politiek en recht,Hoeveel electorale stemmen heeft Texas (2024)?,40,niet gevonden,Texas,Texas,https://nl.wikipedia.org/wiki/Texas,,,
1257,Politiek en recht,Hoeveel electorale stemmen zijn er nodig om de VS-presidentsverkiezing te winnen?,270,niet gevonden,,,,,,
1258,Politiek en recht,Hoeveel emiraten heeft Saoedi-Arabië als koninkrijk in bestuurlijke regio (provincies)?,13,niet gevonden,Saoedi-Arabië,Saoedi-Arabië,https://nl.wikipedia.org/wiki/Saoedi-Arabi%C3%AB,,,
1259,Politiek en recht,Hoeveel jaar duurt een termijn van het Australische Huis van Afgevaardigden?,3,niet gevonden,Australian House of Representatives,Australian House of Representatives,https://en.wikipedia.org/wiki/Australian_House_of_Representatives,,"getal wel gezien, maar te algemeen om bewijs te zijn",
1260,Politiek en recht,Hoeveel jaar duurt een termijn van het Nieuw-Zeelandse parlement?,3,niet gevonden,New Zealand Parliament,Parlement van Nieuw-Zeeland,https://nl.wikipedia.org/wiki/Parlement_van_Nieuw-Zeeland,,,
1261,Politiek en recht,Hoeveel jaren duurt een termijn van een Amerikaanse senator?,6,niet gevonden,American,American,https://nl.wikipedia.org/wiki/American,,,
1262,Politiek en recht,Hoeveel jaren duurt een termijn van een Amerikaanse vertegenwoordiger (House of Representatives)?,2,bevestigd,House of Representatives,United States House of Representatives,https://en.wikipedia.org/wiki/United_States_House_of_Representatives,"Membership, qualifications, and apportionment


Apportionments

Under Article I, Section 2 of the Constitution, seats in the House of Representatives are apportioned among the states by population, as determined by the census conducted every ten years.",2 kernwoorden komen overeen,
1263,Politiek en recht,Hoeveel jaren zit een Amerikaanse president maximaal in twee termijnen?,8,bevestigd,jaren amerikaanse,Amerikaanse Burgeroorlog,https://nl.wikipedia.org/wiki/Amerikaanse_Burgeroorlog,Dit schip leverde op 8 en 9 maart 1862 de eerste slag tussen twee ijzeren schepen met de CSS Virginia en won nipt.,1 kernwoord komt overeen,
1264,Politiek en recht,Hoeveel landen gebruiken de Centraal-Afrikaanse CFA frank?,6,niet gevonden,Central African CFA,Central African CFA franc,https://en.wikipedia.org/wiki/Central_African_CFA_franc,,"getal wel gezien, maar te algemeen om bewijs te zijn",
1265,Politiek en recht,Hoeveel landen gebruiken de West-Afrikaanse CFA-frank?,8,niet gevonden,West-Afrikaanse CFA-frank,CFA-frank,https://nl.wikipedia.org/wiki/CFA-frank,,,
1266,Politiek en recht,Hoeveel landen nemen er deel aan de Schengenzone (2024)?,29,bevestigd,Schengen,Verdragen van Schengen,https://nl.wikipedia.org/wiki/Verdragen_van_Schengen,De verdragen zijn voor 29 landen in werking getreden.,1 kernwoord komt overeen,
1267,Politiek en recht,Hoeveel landen ondertekenden oorspronkelijk het Handvest van de Verenigde Naties?,50,afwijkend,United Nations Charter,Verenigde Naties,https://nl.wikipedia.org/wiki/Verenigde_Naties,"De vijftig naties die aanwezig waren op de conferentie ondertekenden twee maanden later, op 26 juni, het Handvest van de Verenigde Naties (het charter van de organisatie).",artikel noemt een ander getal bij dezelfde termen,https://www.un.org/en/about-us/history-of-the-un
1268,Geografie,Hoeveel landen telt Oceanië?,14,niet gevonden,Oceanië,Oceanië,https://nl.wikipedia.org/wiki/Oceani%C3%AB,,,
1269,Politiek en recht,Hoeveel landen zijn lid van de CELAC?,33,niet gevonden,,,,,,
1270,Politiek en recht,Hoeveel landen telt de NAVO (2024)?,32,bevestigd,NATO,NATO,https://en.wikipedia.org/wiki/NATO,"On 17 June 2024, prior to the 2024 Washington summit, Stoltenberg updated that figure and announced that a record 23 of 32 NATO member states were meeting their defense spending targets of 2% of their country's GDP.",1 kernwoord komt overeen,
1271,Politiek en recht,Hoeveel landen zijn lid van het Pacific Islands Forum?,18,bevestigd,Pacific Islands Forum,Pacific Islands Forum,https://nl.wikipedia.org/wiki/Pacific_Islands_Forum,Pacific Islands Forum of Forum des îles du Pacifique is een intergouvernementele organisatie die de samenwerking bevordert tussen 18 landen uit Oceanië.,4 kernwoorden komen overeen,
1272,Politiek en recht,Hoeveel landen zijn lid van de Afrikaanse Unie (2024)?,55,bevestigd,Afrikaanse Unie,Afrikaanse Unie,https://nl.wikipedia.org/wiki/Afrikaanse_Unie,"Het Pan-Afrikaans Parlement heeft per lidstaat maximaal vijf leden (in 2024 zijn er 55 lidstaten, dus heeft het Parlement maximaal 275 leden).",1 kernwoord komt overeen,
1273,Politiek en recht,Hoeveel leden telt de ASEAN-organisatie (2024)?,10,niet gevonden,ASEAN,ASEAN,https://nl.wikipedia.org/wiki/ASEAN,,,
1274,Politiek en recht,Hoeveel leden telt de Europese Commissie?,27,bevestigd,Europese Commissie,Europese Commissie,https://nl.wikipedia.org/wiki/Europese_Commissie,"Volgende commissies waren in functie sinds 1958:


Samenstelling
De huidige commissie is de commissie-Von der Leyen II en bestaat uit 27 leden, elke lidstaat levert één lid.",2 kernwoorden komen overeen,
1275,Politiek en recht,Hoeveel leden telt de Mercosur handelsblok als volwaardige leden?,4,bevestigd,Mercosur,Mercosur,https://en.wikipedia.org/wiki/Mercosur,"The EU and China maintained a nearly balanced merchandise trade with Mercosur in 2010, while the United States reaped a surplus of over US$14 billion; Mercosur, in turn, earned significant surpluses (over US$4 billion each in 2010) in its trade with Chile and Venezuela.",1 kernwoord komt overeen,
1276,Politiek en recht,Hoeveel landen zijn lid van de Raad van Europa?,46,bevestigd,Raad van Europa,Raad van Europa,https://nl.wikipedia.org/wiki/Raad_van_Europa,"Hoewel de Raad van Europa met zijn 46 leden dezelfde vlag voert en dezelfde hymne kent, verschilt deze organisatie van de Europese Unie met haar 27 leden (zie Verschil met andere internationale organisaties in Europa hieronder).",2 kernwoorden komen overeen,
1277,Politiek en recht,Hoeveel leden telt de SAARC organisatie?,8,niet gevonden,,,,,,
1278,Politiek en recht,Hoeveel leden telt het Amerikaanse Huis van Afgevaardigden?,435,bevestigd,Amerikaanse Huis van Afgevaardigden,Huis van Afgevaardigden (Verenigde Staten),https://nl.wikipedia.org/wiki/Huis_van_Afgevaardigden_%28Verenigde_Staten%29,Het bestaat uit 435 stemgerechtigde leden en elk stemgerechtigd lid wordt gekozen in een congresdistrict dat vastgesteld wordt op basis van de gegevens van de volkstelling (census).,1 kernwoord komt overeen,
1279,Politiek en recht,Hoeveel leden telt het Britse House of Commons?,650,bevestigd,British House of Commons,House of Commons of the United Kingdom,https://en.wikipedia.org/wiki/House_of_Commons_of_the_United_Kingdom,"The House of Commons is an elected body consisting of 650 members known as members of Parliament (MPs), who are elected to represent constituencies by the first-past-the-post system and hold their seats until Parliament is dissolved.",2 kernwoorden komen overeen,https://www.parliament.uk/about/how/elections-and-voting/house-of-commons/
1280,Politiek en recht,Hoeveel leden telt het Britse Lagerhuis?,650,bevestigd,Britse Lagerhuis,Lagerhuis (Verenigd Koninkrijk),https://nl.wikipedia.org/wiki/Lagerhuis_%28Verenigd_Koninkrijk%29,"Het Lagerhuis bestaat uit 650 leden die binnen enkelvoudige kiesdistricten worden gekozen (een meerderheidsstelsel, waarbij een relatieve meerderheid in een district voldoende is om gekozen te worden).",2 kernwoorden komen overeen,
1281,Politiek en recht,Hoeveel leden telt het Europees Parlement in de zittingsperiode 2024–2029?,720,bevestigd,Europees Parlement,Europees Parlement,https://nl.wikipedia.org/wiki/Europees_Parlement,Het Parlement bestaat in de zittingsperiode 2024-2029 uit 720 parlementsleden en vertegenwoordigt na het parlement van India het op een na grootste electoraat ter wereld.,2 kernwoorden komen overeen,https://www.europarl.europa.eu/about-parliament/en/organisation-and-rules/organisation
1282,Taal,Hoeveel officiële talen telt Zuid-Afrika sinds 2023?,12,bevestigd,South Africa,South Africa,https://en.wikipedia.org/wiki/South_Africa,"Languages

South Africa has 12 official languages: Afrikaans, Zulu, Xhosa, English, Pedi, Tswana, Southern Sotho, Tsonga, Swazi, Venda, and Southern Ndebele (in order of first language speakers), as well as South African Sign Language, which was recognised as an official language in 2023.",1 kernwoord komt overeen,
1283,Politiek en recht,Hoeveel provincies heeft Argentinië (inclusief de hoofdstad als aparte provincie)?,24,niet gevonden,Argentinië,Argentinië,https://nl.wikipedia.org/wiki/Argentini%C3%AB,,"getal wel gezien, maar te algemeen om bewijs te zijn",
1284,Politiek en recht,Hoeveel provincies heeft Indonesië (2024)?,38,bevestigd,Indonesië,Indonesië,https://nl.wikipedia.org/wiki/Indonesi%C3%AB,"Indonesië functioneert als een presidentiële republiek met een gekozen wetgevende macht en bestaat uit 38 provincies, waarvan negen een speciale autonome status hebben.",2 kernwoorden komen overeen,
1285,Politiek en recht,Hoeveel provincies telt Ecuador?,24,bevestigd,Ecuador,Ecuador,https://nl.wikipedia.org/wiki/Ecuador,"Bestuurlijke indeling
Ecuador bestaat uit vier regio's en is onderverdeeld in 24 provincies.",2 kernwoorden komen overeen,
1286,Politiek en recht,Hoeveel rechters telt het Europees Hof voor de Rechten van de Mens?,46,bevestigd,Europees Hof,Europees Hof voor de Rechten van de Mens,https://nl.wikipedia.org/wiki/Europees_Hof_voor_de_Rechten_van_de_Mens,"Het hof bestaat uit 46 rechters, één namens elke lidstaat van de Raad van Europa.",1 kernwoord komt overeen,https://www.echr.coe.int/judges
1287,Politiek en recht,Hoeveel rechterzittingen telt het Amerikaanse Hooggerechtshof?,9,niet gevonden,Amerikaanse Hooggerechtshof,Hooggerechtshof van de Verenigde Staten,https://nl.wikipedia.org/wiki/Hooggerechtshof_van_de_Verenigde_Staten,,"getal wel gezien, maar te algemeen om bewijs te zijn",
1288,Politiek en recht,Hoeveel senatoren zitten er in de Amerikaanse Senaat?,100,bevestigd,Amerikaanse Senaat,Senaat (Verenigde Staten),https://nl.wikipedia.org/wiki/Senaat_%28Verenigde_Staten%29,"Senatoren
De Senaat omvat 100 zetels, twee voor elke Amerikaanse staat.",3 kernwoorden komen overeen,https://www.senate.gov/senators/index.htm
1289,Politiek en recht,Hoeveel staten en territoria telt Australië samen?,8,niet gevonden,Australië,Australië (land),https://nl.wikipedia.org/wiki/Australi%C3%AB_%28land%29,,,
1290,Politiek en recht,Hoeveel staten heeft Brazilië?,26,bevestigd,Brazilië,Brazilië,https://nl.wikipedia.org/wiki/Brazili%C3%AB,"Bestuurlijke indeling

Brazilië bestaat uit 26 staten en 1 federaal district, deze zijn gegroepeerd in 5 geografische regio's zonder bestuurlijke rol.",2 kernwoorden komen overeen,
1291,Politiek en recht,Hoeveel staten heeft Mexico?,32,bevestigd,Mexico,Mexico (land),https://nl.wikipedia.org/wiki/Mexico_%28land%29,"Mexico heeft 32 vrijhandelsverdragen met meer dan 40 landen, die meer dan 90% van de Mexicaanse internationale handel dekken.",1 kernwoord komt overeen,
1292,Politiek en recht,Hoeveel zetels telt de Amerikaanse Senaat?,100,bevestigd,Amerikaanse Senaat,Senaat (Verenigde Staten),https://nl.wikipedia.org/wiki/Senaat_%28Verenigde_Staten%29,"Senatoren
De Senaat omvat 100 zetels, twee voor elke Amerikaanse staat.",3 kernwoorden komen overeen,
1293,Politiek en recht,Hoeveel zetels telt de Nieuw-Zeelandse Kamer van Afgevaardigden?,120,niet gevonden,New Zealand Chamber of Representatives,Speaker of the New Zealand House of Representatives,https://en.wikipedia.org/wiki/Speaker_of_the_New_Zealand_House_of_Representatives,,,
1294,Politiek en recht,Hoeveel zetels telt het Australische Huis van Afgevaardigden?,151,niet gevonden,Australian House of Representatives,Australian House of Representatives,https://en.wikipedia.org/wiki/Australian_House_of_Representatives,,"getal wel gezien, maar te algemeen om bewijs te zijn",
1295,Politiek en recht,Hoeveel zetels telt het Europees Parlement (2024-2029)?,720,bevestigd,Europees Parlement,Europees Parlement,https://nl.wikipedia.org/wiki/Europees_Parlement,Het Parlement bestaat in de zittingsperiode 2024-2029 uit 720 parlementsleden en vertegenwoordigt na het parlement van India het op een na grootste electoraat ter wereld.,2 kernwoorden komen overeen,
1296,Politiek en recht,Hoeveel zetels telt het Zuid-Afrikaanse parlement (National Assembly)?,400,afwijkend,National Assembly,Parlement van Wales,https://nl.wikipedia.org/wiki/Parlement_van_Wales,Het Parlement van Wales of Welsh Parliament/Senedd Cymru (tussen 1999 en 2020 De Nationale Vergadering van Wales (Welsh: Cynulliad Cenedlaethol Cymru; Engels: National Assembly for Wales of kortweg Welsh Assembly)) is het wetgevende lichaam van Wales dat opgericht werd als gevolg van een decentralis,artikel noemt een ander getal bij dezelfde termen,
1297,Records en vergelijkingen,Hoe hoog was de hoogste duik vanaf een klif in meters?,59,niet gevonden,,,,,,
1298,Records en vergelijkingen,Hoe hoog was de hoogste robot ooit gebouwd in meters?,18,niet gevonden,,,,,,
1299,Records en vergelijkingen,Hoe lang was de langste baard ooit in meters?,5,niet gevonden,,,,,,
1300,Records en vergelijkingen,Hoe lang was de langste man ooit in centimeters?,272,niet gevonden,,,,,,
1301,Records en vergelijkingen,Hoe lang was de langste slang ooit in gevangenschap in meters?,8,bevestigd,langste slang ooit,Anaconda (slang),https://nl.wikipedia.org/wiki/Anaconda_%28slang%29,In feite wordt de slang maximaal 8 meter lang.,1 kernwoord komt overeen,
1302,Records en vergelijkingen,Hoe lang was de langste taart ooit in kilometer?,10,niet gevonden,,,,,,
1303,Records en vergelijkingen,Hoe lang was de langste trein ooit in kilometers?,7,niet gevonden,,,,,,
1304,Records en vergelijkingen,Hoe lang was de langste trouwjurkstaart ooit in meters?,8095,niet gevonden,,,,,,
1305,Records en vergelijkingen,Hoe lang was het langste haar ooit in meters?,6,niet gevonden,langste haar,Lijst van langste mannen,https://nl.wikipedia.org/wiki/Lijst_van_langste_mannen,,,
1306,Records en vergelijkingen,Hoe oud werd de oudste kat ooit in jaren?,38,niet gevonden,,,,,,
1307,Records en vergelijkingen,Hoe zwaar was de grootste chocoladereep ooit in kilogram?,13696,niet gevonden,,,,,,
1308,Records en vergelijkingen,Hoe zwaar was de grootste portie friet ooit in kilogram?,1000,niet gevonden,,,,,,
1309,Records en vergelijkingen,Hoe zwaar was de zwaarste schildpad ooit in kilogram?,916,niet gevonden,,,,,,
1310,Records en vergelijkingen,Hoeveel LEGO-steentjes werden gebruikt voor het grootste LEGO-model?,5335200,niet gevonden,,,,,,
1311,Records en vergelijkingen,Hoeveel jongleurs deden mee aan het grootste jongleerrecord?,1000,niet gevonden,,,,,,
1312,Records en vergelijkingen,Hoeveel liter soep bevatte de grootste kom soep ooit?,20000,niet gevonden,,,,,,
1313,Records en vergelijkingen,Hoeveel mensen deden mee aan het grootste waterballonnengevecht ooit?,8000,niet gevonden,mensen deden grootste,De Mensen,https://nl.wikipedia.org/wiki/De_Mensen,,,
1314,Records en vergelijkingen,Hoeveel push-ups werden er in 24 uur uitgevoerd bij het huidige record?,46000,niet gevonden,,,,,,
1315,Records en vergelijkingen,Hoeveel wagons had de langste passagierstrein ooit?,100,niet gevonden,,,,,,
1316,Reizen en toerisme,Hoeveel hotels heeft Hilton wereldwijd ongeveer?,7500,niet gevonden,Hilton,Paris Hilton,https://nl.wikipedia.org/wiki/Paris_Hilton,,,https://stories.hilton.com/annual-report
1317,Reizen en toerisme,"Hoeveel miljoen passagiers verwerkt Atlanta Airport (Hartsfield-Jackson, de drukste luchthaven ter wereld) per jaar?",104,afwijkend,miljoen passagiers,Lijst van drukste luchthavens van Europa,https://nl.wikipedia.org/wiki/Lijst_van_drukste_luchthavens_van_Europa,"2016
De lijst met de drukste luchthavens in 2016 qua passagiersaantallen


2014
De lijst met de drukste luchthavens in 2014 qua passagiersaantallen:


2011
De lijst met de drukste luchthavens in 2011 qua passagiersaantallen:


2006
 London Heathrow Airport, Verenigd Koninkrijk: 67,5 miljoen passagie",artikel noemt een ander getal bij dezelfde termen,https://www.atl.com/about-atl/statistics/
1318,Scheikunde,Hoeveel atomen bevat één molecuul methaan?,5,niet gevonden,atomen molecuul methaan,Molecuul,https://nl.wikipedia.org/wiki/Molecuul,,"getal wel gezien, maar te algemeen om bewijs te zijn",https://pubchem.ncbi.nlm.nih.gov/compound/Methane
1319,Scheikunde,Hoeveel belangrijkste producten ontstaan bij de reactie tussen azijn en baking soda?,3,niet gevonden,,,,,,https://www.acs.org/education/whatischemistry/landmarks/acid-base.html
1320,Scheikunde,"Hoeveel elektronen heeft een chloride-ion, Cl⁻?",18,niet gevonden,,,,,,https://openstax.org/books/chemistry-2e/pages/2-3-atomic-structure-and-symbolism
1321,Scheikunde,Hoeveel elektronen kan de derde elektronenschil maximaal bevatten?,18,niet gevonden,,,,,,https://openstax.org/books/chemistry-2e/pages/6-4-electronic-structure-of-atoms
1322,Scheikunde,Hoeveel elektronenparen deelt een stikstofatoom in het molecuul N₂?,3,niet gevonden,elektronenparen deelt,Molecuul,https://nl.wikipedia.org/wiki/Molecuul,,"getal wel gezien, maar te algemeen om bewijs te zijn",https://openstax.org/books/chemistry-2e/pages/7-2-covalent-bonding
1323,Scheikunde,Hoeveel graden Celsius is het kookpunt van water bij normale luchtdruk?,100,bevestigd,Celsius,Celsius,https://nl.wikipedia.org/wiki/Celsius,100 °C is de temperatuur waarbij water kookt bij een luchtdruk van 1 atmosfeer.,2 kernwoorden komen overeen,https://webbook.nist.gov/cgi/cbook.cgi?ID=C7732185
1324,Scheikunde,Hoeveel graden Celsius is het vriespunt van water bij normale luchtdruk?,0,bevestigd,Celsius,Celsius,https://nl.wikipedia.org/wiki/Celsius,"De celsiusschaal is gedefinieerd met de volgende twee ijkpunten:

0 °C (0 graden Celsius) is de temperatuur waarbij water bevriest bij een luchtdruk van 1 atmosfeer.",4 kernwoorden komen overeen,https://webbook.nist.gov/cgi/cbook.cgi?ID=C7732185
1325,Scheikunde,Hoeveel keer zuurder is een oplossing met pH 3 dan een oplossing met pH 5?,100,niet gevonden,,,,,,https://www.usgs.gov/special-topics/water-science-school/science/ph-and-water
1326,Scheikunde,Hoeveel neutronen heeft koolstof-14?,8,niet gevonden,neutronen koolstof-14,Koolstof-14,https://nl.wikipedia.org/wiki/Koolstof-14,,,https://physics.nist.gov/cgi-bin/Compositions/stand_alone.pl
1327,Scheikunde,Hoeveel zuurstofatomen bevat één molecuul zwavelzuur H₂SO₄?,4,bevestigd,H₂SO₄,Zwavelzuur,https://nl.wikipedia.org/wiki/Zwavelzuur,Zwavelzuur – vroeger ook wel vitriool genoemd – is een industrieel belangrijk anorganisch zuur met als brutoformule H2SO4.,1 kernwoord komt overeen,https://pubchem.ncbi.nlm.nih.gov/compound/Sulfuric-acid
1328,Scheikunde,Wat is het atoomnummer van koolstof?,6,bevestigd,atoomnummer koolstof,Koolstof,https://nl.wikipedia.org/wiki/Koolstof,Koolstof (Latijn: carbonium) is een scheikundig element met symbool C en atoomnummer 6.,2 kernwoorden komen overeen,https://www.rsc.org/periodic-table/element/6/carbon
1329,Scheikunde,Wat is het atoomnummer van zuurstof?,8,bevestigd,atoomnummer zuurstof,Atoomnummer,https://nl.wikipedia.org/wiki/Atoomnummer,Zuurstof heeft atoomnummer 8.,2 kernwoorden komen overeen,https://www.rsc.org/periodic-table/element/8/oxygen
1330,Spellen en speelgoed,Hoeveel LEGO-studs heeft een standaard 2×4 LEGO-steen aan de bovenkant?,8,niet gevonden,LEGO,LEGO,https://nl.wikipedia.org/wiki/LEGO,,"getal wel gezien, maar te algemeen om bewijs te zijn",
1331,Spellen en speelgoed,Hoeveel gekleurde vierkantjes telt een standaard Rubik's kubus aan de buitenkant?,54,niet gevonden,Rubik's,Rubiks kubus,https://nl.wikipedia.org/wiki/Rubiks_kubus,,"getal wel gezien, maar te algemeen om bewijs te zijn",https://www.rubiks.com/en-us/3x3
1332,Spellen en speelgoed,Hoeveel grondstoffenkaarten zitten er in het basisspel van Catan?,95,niet gevonden,Catan,Catan,https://nl.wikipedia.org/wiki/Catan,,,
1333,Spellen en speelgoed,"Hoeveel kaarten bevat een klassiek Monopoly-spel in totaal aan eigendoms-, kans- en algemeenfondskaarten?",60,niet gevonden,Monopoly,Monopoly,https://nl.wikipedia.org/wiki/Monopoly,,,
1334,Spellen en speelgoed,Hoeveel kaarten krijgt iedere speler bij de start van UNO?,7,niet gevonden,,,,,,
1335,Spellen en speelgoed,Hoeveel kleuren heeft een standaard Rubiks kubus?,6,niet gevonden,Rubiks,Rubiks kubus,https://nl.wikipedia.org/wiki/Rubiks_kubus,,"getal wel gezien, maar te algemeen om bewijs te zijn",https://www.catan.com/understand-catan/game-rules
1336,Spellen en speelgoed,Hoeveel miljard LEGO-steentjes zijn er sinds 1958 wereldwijd in totaal geproduceerd?,600,niet gevonden,LEGO,LEGO,https://nl.wikipedia.org/wiki/LEGO,,,https://whc.unesco.org/en/list/1631/
1337,Spellen en speelgoed,Hoeveel pionnen heeft iedere speler bij de start van schaken?,8,niet gevonden,,,,,,https://shop.hasbro.com/en-us/product/jenga-game/6D3B9C7E-5056-9047-F5D5-7B7B8C4A7B4B
1338,Spellen en speelgoed,Hoeveel speelvelden heeft een standaard schaakbord?,64,niet gevonden,,,,,,https://handbook.fide.com/chapter/E012023
1339,Spellen en speelgoed,Hoeveel vakjes telt een internationaal dambord (10×10)?,100,niet gevonden,,,,,,
1340,Spellen en speelgoed,Hoeveel vakken bevat een standaard dambord?,64,niet gevonden,vakken standaard,Gouden standaard (economie),https://nl.wikipedia.org/wiki/Gouden_standaard_%28economie%29,,,
1341,Sport,Hoeveel Australische Open titels won Novak Djokovic tot 2024?,10,bevestigd,Novak Djokovic,Novak Djokovic,https://nl.wikipedia.org/wiki/Novak_Djokovic,"Hij won een recordaantal van vijf Masters series toernooien in één seizoen (Indian Wells, Miami, Madrid, Rome en de Canadian Open) en had op het eind van het jaar een balans van 10-1 tegen zijn grootste rivalen, Roger Federer en Rafael Nadal.",1 kernwoord komt overeen,
1342,Sport,Hoeveel Champions League-titels won AC Milan tot 2024?,7,bevestigd,AC Milan,AC Milan,https://nl.wikipedia.org/wiki/AC_Milan,"De edities die AC Milan heeft gewonnen zijn dik gedrukt:

Champions League (21x)
1992/93, 1993/94, 1994/95, 1996/97, 1999/00, 2000/01, 2002/03, 2003/04, 2004/05, 2005/06, 2006/07, 2007/08, 2009/10, 2010/11, 2011/12, 2012/13, 2013/14, 2021/22, 2022/23, 2023/24, 2024/25
Europacup I (11x)
1955/56, 1957",3 kernwoorden komen overeen,
1343,Sport,Hoeveel Champions League-titels won Real Madrid tot 2024?,15,bevestigd,Real Madrid,Real Madrid CF,https://nl.wikipedia.org/wiki/Real_Madrid_CF,"Hieronder staan de competities en in welke seizoenen de club deelnam, dikgedrukt staan de edities die zijn gewonnen door Real Madrid:

Champions League (31x)
1995/96, 1997/98, 1998/99, 1999/00, 2000/01, 2001/02, 2002/03, 2003/04, 2004/05, 2005/06, 2006/07, 2007/08, 2008/09, 2009/10, 2010/11, 2011/12",4 kernwoorden komen overeen,
1344,Sport,Hoeveel Copa América titels won Argentinië tot 2024?,16,bevestigd,Copa América,Copa América,https://en.wikipedia.org/wiki/Copa_Am%C3%A9rica,"The 2016 and 2024 tournaments both featured 16 teams, with six teams from CONCACAF in addition to the 10 from CONMEBOL.",1 kernwoord komt overeen,
1345,Sport,Hoeveel Super Bowls won Tom Brady in zijn carrière?,7,bevestigd,Super Bowls,Super Bowl,https://en.wikipedia.org/wiki/Super_Bowl,"The sole exception to this naming convention tradition occurred with Super Bowl 50, played on February 7, 2016, following the 2015 season.",1 kernwoord komt overeen,
1346,Sport,Hoeveel dagen duurt de Tour Down Under wielrennen?,6,bevestigd,dagen tour,PDC Pro Tour 2026,https://nl.wikipedia.org/wiki/PDC_Pro_Tour_2026,"De tour bestaat uit 24 toernooien, verdeeld over 6 weekenden.",1 kernwoord komt overeen,
1347,Sport,Hoeveel games worden er in een Wimbledon-set minimaal gewonnen om de set te pakken?,6,niet gevonden,Wimbledon,Wimbledon,https://nl.wikipedia.org/wiki/Wimbledon,,,
1348,Sport,Hoeveel gouden medailles won Australië op de Olympische Zomerspelen 2024?,18,bevestigd,Olympische Zomerspelen,Olympische Zomerspelen,https://nl.wikipedia.org/wiki/Olympische_Zomerspelen,"Sebastian Coe en Steve Ovett, Britse middenafstandslopers die elkaar bestreden in Moskou 1980
Nadia Comăneci, 9 medailles waaronder 5 goud in het turnen 1976-1980, behaalde een perfecte score van 10 punten
Aleksandr Ditjatin, won op alle 8 turnonderdelen een medaille in 1980
Edward Eagan, goudenmeda",2 kernwoorden komen overeen,
1349,Sport,Hoeveel holes heeft een standaard golfbaan?,18,niet gevonden,,,,,,https://www.randa.org/en/rog/the-rules-of-golf
1350,Sport,Hoeveel holes heeft een standaard minigolfronde meestal?,18,niet gevonden,,,,,,https://www.wmfsport.com/
1351,Sport,Hoeveel holes telt een standaard ronde op een professionele golfbaan?,18,niet gevonden,,,,,,https://www.randa.org/en/rog/the-rules-of-golf
1352,Sport,Hoeveel innings telt een standaard honkbalwedstrijd?,9,niet gevonden,,,,,,
1353,Sport,Hoeveel jaar zit er tussen twee WK-voetbaltoernooien?,4,niet gevonden,World Cup,WDF World Cup,https://nl.wikipedia.org/wiki/WDF_World_Cup,,,
1354,Sport,Hoeveel jaar zit er tussen twee zomer-Olympische Spelen?,4,niet gevonden,Olympische Spelen,Olympische Spelen,https://nl.wikipedia.org/wiki/Olympische_Spelen,,,
1355,Sport,Hoeveel keer was Australië gastheer van de zomer-Olympische Spelen (tot 2032)?,3,niet gevonden,Olympische Spelen,Olympische Spelen,https://nl.wikipedia.org/wiki/Olympische_Spelen,,,
1356,Sport,Hoeveel keer was Brazilië gastheer van de FIFA World Cup?,2,bevestigd,Brazilië,Brazilië,https://nl.wikipedia.org/wiki/Brazili%C3%AB,"In 2019 was Brazilië 's werelds grootste producent van: suikerriet, sojabonen, koffie en sinaasappelen, de 2e producent van papaja, de 3e producent van mais, tabak en ananas, de 4e producent van katoen en cassave, de 5e producent van kokos en citroen, de zesde producent van cacao en avocado, 9e prod",1 kernwoord komt overeen,
1357,Sport,Hoeveel keer was Mexico gastheer van de FIFA World Cup (2026 inbegrepen)?,3,bevestigd,FIFA World Cup,FIFA World Cup,https://en.wikipedia.org/wiki/FIFA_World_Cup,"The viewership of the 2018 World Cup was estimated to be 3.57 billion, close to half of the global population, while the engagement with the 2022 World Cup was estimated to be 5 billion, with about 1.5 billion people watching the final match.",1 kernwoord komt overeen,
1358,Sport,Hoeveel keer was Nieuw-Zeeland gastheer van de Rugby World Cup bij de mannen?,2,bevestigd,Rugby World Cup,Rugby World Cup,https://en.wikipedia.org/wiki/Rugby_World_Cup,"%5B%5BWikipedia%3ATemplates+for+discussion%2FLog%2F2025+December+5%23Template%3ASeason+sidebar%5D%5D{{{CRITERION}}}
The Men's Rugby World Cup is a rugby union tournament contested every four years between the top international teams, the winners of which are recognized as the world champions of the ",2 kernwoorden komen overeen,
1359,Sport,Hoeveel keer werd de FIFA World Cup georganiseerd tot en met 2022?,22,niet gevonden,FIFA World Cup,FIFA World Cup,https://nl.wikipedia.org/wiki/FIFA_World_Cup,,,
1360,Sport,Hoeveel keer won Argentinië de FIFA World Cup voetbal bij de mannen (2024)?,3,bevestigd,FIFA World Cup,FIFA World Cup,https://en.wikipedia.org/wiki/FIFA_World_Cup,"The viewership of the 2018 World Cup was estimated to be 3.57 billion, close to half of the global population, while the engagement with the 2022 World Cup was estimated to be 5 billion, with about 1.5 billion people watching the final match.",1 kernwoord komt overeen,
1361,Sport,Hoeveel keer won Australië de Rugby World Cup bij de mannen tot 2023?,2,bevestigd,Australië de Rugby World Cup,Eddie Jones (rugby union),https://en.wikipedia.org/wiki/Eddie_Jones_%28rugby_union%29,"During the 2014 end-of-year rugby union internationals, Japan lost their series with the Māori All Blacks 2–0, but went on to secure an 18–13 win over Romania.",1 kernwoord komt overeen,
1362,Sport,Hoeveel keer won Brazilië de Copa América tot 2024?,9,bevestigd,Copa América,Copa América,https://en.wikipedia.org/wiki/Copa_Am%C3%A9rica,"The Copa América trophy is a 9 kg (20 lb) weight and 77 cm (30 in) tall silver ornament, with a 3-level wooden base which contains several plaques.",2 kernwoorden komen overeen,
1363,Sport,Hoeveel keer won Brazilië de FIFA World Cup voetbal bij de mannen (2024)?,5,bevestigd,FIFA World Cup,FIFA World Cup,https://en.wikipedia.org/wiki/FIFA_World_Cup,"The viewership of the 2018 World Cup was estimated to be 3.57 billion, close to half of the global population, while the engagement with the 2022 World Cup was estimated to be 5 billion, with about 1.5 billion people watching the final match.",1 kernwoord komt overeen,
1364,Sport,Hoeveel keer won Duitsland de FIFA World Cup?,4,bevestigd,FIFA World Cup,FIFA World Cup,https://en.wikipedia.org/wiki/FIFA_World_Cup,"Those were also the first two open world championships, as 1924 was the start of FIFA's professional era, and is the reason why Uruguay is allowed to wear 4 stars.",1 kernwoord komt overeen,
1365,Sport,Hoeveel keer won Engeland de FIFA World Cup?,1,bevestigd,FIFA World Cup,FIFA World Cup,https://en.wikipedia.org/wiki/FIFA_World_Cup,"The viewership of the 2018 World Cup was estimated to be 3.57 billion, close to half of the global population, while the engagement with the 2022 World Cup was estimated to be 5 billion, with about 1.5 billion people watching the final match.",1 kernwoord komt overeen,
1366,Sport,Hoeveel keer won Frankrijk de Tour de France bij de mannen tot 2024?,36,bevestigd,Frankrijk de Tour de France,1982 Tour de France,https://en.wikipedia.org/wiki/1982_Tour_de_France,The sportswriters were correctly beginning to fear that Hinault was going to run away with his 4th Tour victory as 2nd place Knetemann was not considered an overall threat to the yellow jersey and aside from Anderson in 3rd the only other rider remotely close to Hinault was the now 7th placed Zoetem,2 kernwoorden komen overeen,
1367,Sport,Hoeveel keer won Italië de FIFA World Cup?,4,bevestigd,FIFA World Cup,FIFA World Cup,https://en.wikipedia.org/wiki/FIFA_World_Cup,"Those were also the first two open world championships, as 1924 was the start of FIFA's professional era, and is the reason why Uruguay is allowed to wear 4 stars.",1 kernwoord komt overeen,
1368,Sport,Hoeveel keer won Nieuw-Zeeland de Rugby World Cup bij de mannen tot 2023?,3,bevestigd,Rugby World Cup,Rugby World Cup,https://en.wikipedia.org/wiki/Rugby_World_Cup,"%5B%5BWikipedia%3ATemplates+for+discussion%2FLog%2F2025+December+5%23Template%3ASeason+sidebar%5D%5D{{{CRITERION}}}
The Men's Rugby World Cup is a rugby union tournament contested every four years between the top international teams, the winners of which are recognized as the world champions of the ",2 kernwoorden komen overeen,
1369,Sport,Hoeveel keer won Spanje de FIFA World Cup?,1,bevestigd,FIFA World Cup,FIFA World Cup,https://en.wikipedia.org/wiki/FIFA_World_Cup,"The viewership of the 2018 World Cup was estimated to be 3.57 billion, close to half of the global population, while the engagement with the 2022 World Cup was estimated to be 5 billion, with about 1.5 billion people watching the final match.",1 kernwoord komt overeen,
1370,Sport,Hoeveel keer won Uruguay de FIFA World Cup voetbal bij de mannen?,2,bevestigd,Uruguay,Uruguay,https://en.wikipedia.org/wiki/Uruguay,"Geography

With 176,214 km2 (68,037 sq mi) of continental land and 125,436 km2 (48,431 sq mi) of territorial waters, Uruguay is the second-smallest sovereign nation in South America (after Suriname) and the third smallest territory (French Guiana is the smallest).",1 kernwoord komt overeen,
1371,Sport,Hoeveel keer won Uruguay de FIFA World Cup?,2,bevestigd,Uruguay de FIFA World Cup,1930 FIFA World Cup,https://en.wikipedia.org/wiki/1930_FIFA_World_Cup,Uruguay then took a 2–1 lead.,1 kernwoord komt overeen,
1372,Sport,Hoeveel kilometer lang is een halve marathon?,21,bevestigd,halve marathon,Halve marathon,https://nl.wikipedia.org/wiki/Halve_marathon,"Een halve marathon is een atletiekwedstrijd over 21,0975 km (21,1 km), de helft van de gewone marathon.Kenianen zijn op deze afstand dominant: 12 van de 15 snelste lopers ooit zijn afkomstig uit Kenia.",2 kernwoorden komen overeen,
1373,Sport,Hoeveel kilometer lang is een marathon?,42,niet gevonden,,,,,,
1374,Sport,Hoeveel kuiven heeft een honkbalveld (bases plus home plate)?,4,niet gevonden,,,,,,
1375,Sport,Hoeveel landen deden mee aan het FIFA World Cup 2022?,32,bevestigd,FIFA World Cup,FIFA World Cup,https://en.wikipedia.org/wiki/FIFA_World_Cup,"He said: ""[The World Cup is] not based on the quality of the teams because you don't have the best 32 at the World Cup ...",1 kernwoord komt overeen,
1377,Sport,Hoeveel landen doen mee aan het FIFA World Cup 2026?,48,bevestigd,FIFA World Cup,FIFA World Cup,https://en.wikipedia.org/wiki/FIFA_World_Cup,"In the tournament phase, 48 teams (as of the 2026 World Cup) compete for the title at venues within the host nation(s) over the course of about a month, initially in groups and then in a series of knockout rounds that culminate in the final to determine the overall winner.",2 kernwoorden komen overeen,
1378,Sport,Hoeveel meter breed mag een internationaal voetbalveld maximaal zijn?,90,niet gevonden,internationaal voetbalveld,Voetbalveld,https://nl.wikipedia.org/wiki/Voetbalveld,,,https://www.theifab.com/laws/latest/the-field-of-play/
1379,Sport,Hoeveel meter is de klassieke sprintafstand in de atletiek?,100,niet gevonden,,,,,,
1380,Sport,Hoeveel meter is een marathon exact?,42195,bevestigd,marathon exact,Marathon (atletiek),https://nl.wikipedia.org/wiki/Marathon_%28atletiek%29,"De marathon is een hardloopwedstrijd vanaf 1896, die sinds 1908 gelopen wordt over een afstand van 42,195 km.",1 kernwoord komt overeen,https://worldathletics.org/about-iaaf/documents/book-of-rules
1381,Sport,Hoeveel meter lang is een olympisch zwembad?,50,bevestigd,olympisch zwembad,Zwembad met olympische afmetingen,https://nl.wikipedia.org/wiki/Zwembad_met_olympische_afmetingen,"In Nederland worden dergelijke baden eenvoudigweg 50 meterbaden genoemd, terwijl ze in Frankrijk het voorvoegsel Olympisch krijgen.",1 kernwoord komt overeen,https://www.worldaquatics.com/competitions/rules
1382,Sport,Hoeveel meter lang mag een internationaal voetbalveld maximaal zijn?,120,niet gevonden,internationaal voetbalveld,Voetbalveld,https://nl.wikipedia.org/wiki/Voetbalveld,,,https://www.theifab.com/laws/latest/the-field-of-play/
1383,Sport,Hoeveel meter sprintt een schaatser op de kortebaan-afstand?,500,niet gevonden,,,,,,
1384,Sport,Hoeveel minuten duurt een NBA-basketbalwedstrijd officieel?,48,niet gevonden,,,,,,
1385,Sport,Hoeveel minuten duurt een ijshockeywedstrijd netto?,60,niet gevonden,,,,,,
1386,Sport,Hoeveel minuten duurt een rugbywedstrijd netto?,80,niet gevonden,,,,,,
1387,Sport,Hoeveel minuten officiële speeltijd heeft een Americanfootballwedstrijd in de NFL?,60,niet gevonden,American,American,https://nl.wikipedia.org/wiki/American,,,https://operations.nfl.com/the-rules/nfl-rulebook/
1388,Sport,Hoeveel minuten officiële speeltijd heeft een NBA-wedstrijd?,48,niet gevonden,,,,,,
1389,Sport,Hoeveel minuten officiële speeltijd heeft een NFL-wedstrijd?,60,niet gevonden,,,,,,
1390,Sport,Hoeveel minuten officiële speeltijd heeft een rugbyunionwedstrijd?,80,niet gevonden,,,,,,https://www.world.rugby/the-game/laws/law/5
1391,Sport,Hoeveel periodes heeft een ijshockeywedstrijd?,3,niet gevonden,,,,,,https://www.iihf.com/en/static/5459/rules
1392,Sport,Hoeveel pijlen gooit een darter per beurt?,3,niet gevonden,,,,,,
1393,Sport,Hoeveel pogingen heeft een gewichtheffer per discipline?,3,niet gevonden,,,,,,
1394,Sport,Hoeveel proloog kilometers telt een Tour de France etappe bijna nooit?,0,niet gevonden,Tour de France,Tour de France,https://en.wikipedia.org/wiki/Tour_de_France,,,
1395,Sport,Hoeveel punten is een maximale dartscore met drie pijlen?,180,niet gevonden,,,,,,
1396,Sport,Hoeveel punten levert een fieldgoal op in American football?,3,bevestigd,punten levert fieldgoal,Fieldgoal,https://nl.wikipedia.org/wiki/Fieldgoal,"Als dit lukt scoort het team 3 punten, en als het niet lukt krijgt de tegenstander de bal op de plaats waar de poging werd ondernomen.",1 kernwoord komt overeen,
1397,Sport,Hoeveel punten levert een touchdown op in American football (met extra point)?,7,niet gevonden,American,American,https://nl.wikipedia.org/wiki/American,,,
1398,Sport,Hoeveel punten levert een touchdown zonder extra point op?,6,bevestigd,punten levert touchdown,Touchdown,https://nl.wikipedia.org/wiki/Touchdown,Een touchdown levert 6 punten op.,3 kernwoorden komen overeen,
1399,Sport,Hoeveel ringen heeft het Olympische symbool?,5,bevestigd,Olympische,Olympische Spelen,https://nl.wikipedia.org/wiki/Olympische_Spelen,"Artikel 8: Het symbool van de Olympische Spelen bestaat uit 5 met elkaar verbonden ringen in de kleuren (van links naar rechts) blauw, geel, zwart, groen en rood.",3 kernwoorden komen overeen,
1400,Sport,Hoeveel rings heeft het NBA-logo in het midden?,1,niet gevonden,,,,,,
1401,Sport,Hoeveel speelminuten duurt een officiële voetbalwedstrijd zonder verlenging?,90,niet gevonden,,,,,,https://www.theifab.com/laws/latest/the-duration-of-the-match/
1402,Sport,Hoeveel spelers heeft een basketbalteam op het veld per ploeg?,5,niet gevonden,spelers basketbalteam,Belgisch basketbalteam (mannen),https://nl.wikipedia.org/wiki/Belgisch_basketbalteam_%28mannen%29,,,
1403,Sport,Hoeveel spelers heeft een handbalteam op het veld per ploeg?,7,niet gevonden,spelers handbalteam,Belgisch handbalteam (mannen),https://nl.wikipedia.org/wiki/Belgisch_handbalteam_%28mannen%29,,,
1404,Sport,Hoeveel spelers heeft een hockeyteam op het veld per ploeg?,11,niet gevonden,,,,,,
1405,Sport,Hoeveel spelers heeft een rugbyteam per ploeg op het veld (union)?,15,niet gevonden,spelers rugbyteam ploeg,Belgisch rugbyteam (mannen),https://nl.wikipedia.org/wiki/Belgisch_rugbyteam_%28mannen%29,,,
1406,Sport,Hoeveel spelers staan er op het ijs bij ijshockey (beide teams inclusief keepers)?,12,niet gevonden,spelers ijshockey beide,IJshockey,https://nl.wikipedia.org/wiki/IJshockey,,"getal wel gezien, maar te algemeen om bewijs te zijn",https://www.usahockeyrulebook.com/
1407,Sport,Hoeveel spelers staan er per basketbalteam tegelijk op het veld?,5,niet gevonden,spelers basketbalteam,Belgisch basketbalteam (mannen),https://nl.wikipedia.org/wiki/Belgisch_basketbalteam_%28mannen%29,,,https://www.fiba.basketball/official-basketball-rules
1408,Sport,Hoeveel spelers staan er per team op het veld bij American football?,11,bevestigd,spelers team,Belgium national football team,https://en.wikipedia.org/wiki/Belgium_national_football_team,"On 11 October 1900, Beerschot AC honorary president Jorge Díaz announced that Antwerp would host a series of challenge matches between Europe's best football teams.",1 kernwoord komt overeen,
1409,Sport,Hoeveel spelers staan er per team op het veld bij volleybal?,6,niet gevonden,spelers team,Team deathmatch,https://nl.wikipedia.org/wiki/Team_deathmatch,,,https://www.fivb.com/inside-fivb/document-centre/official-volleyball-rules
1410,Sport,Hoeveel spelers staan er tegelijk op het veld bij voetbal?,22,niet gevonden,,,,,,https://www.theifab.com/laws/latest/the-players/
1411,Sport,Hoeveel spelers staat er per ploeg op het veld bij een rugby league-wedstrijd?,13,niet gevonden,spelers ploeg,Lijst van spelers van het Nederlands voetbalelftal (mannen),https://nl.wikipedia.org/wiki/Lijst_van_spelers_van_het_Nederlands_voetbalelftal_%28mannen%29,,,
1412,Sport,Hoeveel spelers telt een volleybalteam op het veld?,6,niet gevonden,,,,,,
1413,Sport,Hoeveel teams spelen er in de NBA?,30,niet gevonden,teams spelen,Olympische Spelen,https://nl.wikipedia.org/wiki/Olympische_Spelen,,,
1414,Sport,Hoeveel teams spelen er in de NFL?,32,niet gevonden,teams spelen,Olympische Spelen,https://nl.wikipedia.org/wiki/Olympische_Spelen,,,
1415,Sport,Hoeveel veldspelers (inclusief keeper) staan er in het water bij waterpolo per team?,7,niet gevonden,,,,,,https://www.worldaquatics.com/rules
1416,Sport,Wat is de exacte afstand van een marathonwedstrijd in meters?,42195,niet gevonden,exacte afstand,Wereldkampioenschappen duatlon korte afstand,https://nl.wikipedia.org/wiki/Wereldkampioenschappen_duatlon_korte_afstand,,,https://worldathletics.org/about-iaaf/documents/book-of-rules
1417,Sport,Wat is de toeschouwerscapaciteit van Camp Nou?,99354,bevestigd,Camp Nou,Camp Nou,https://nl.wikipedia.org/wiki/Camp_Nou,Na de verbouwing kwam de capaciteit van Camp Nou naar 99.354 plaatsen.,1 kernwoord komt overeen,
1418,Sport,Wat is een perfecte score bij tienpinsbowling?,300,niet gevonden,,,,,,https://bowl.com/rules
1419,Sterrenkunde & ruimte,Hoeveel NASA astronauten liepen er op de maan (alles bij elkaar)?,12,bevestigd,NASA,NASA,https://en.wikipedia.org/wiki/NASA,Three contractors will develop individual designs over 12 months for later evaluation by NASA and the US Department of Energy.,1 kernwoord komt overeen,
1420,Sterrenkunde & ruimte,Hoeveel NASA-mannetjes missies naar de maan (Apollo) landden er daadwerkelijk?,6,bevestigd,Apollo,Apollo,https://en.wikipedia.org/wiki/Apollo,Chios: An Ionic temple of Apollo Phanaios was built at the end of the 6th century BC.,1 kernwoord komt overeen,
1421,Sterrenkunde & ruimte,Hoeveel Spaceshuttles bouwde NASA totaal voor orbitale vluchten?,5,bevestigd,NASA,NASA,https://en.wikipedia.org/wiki/NASA,"Mariner 5 was the first NASA spacecraft to fly by Mars, followed by Mariner 6 and Mariner 7.",1 kernwoord komt overeen,
1422,Sterrenkunde & ruimte,Hoeveel astronauten kunnen tijdens een normale missie ongeveer tegelijk in het ISS verblijven?,7,niet gevonden,astronauten kunnen,Lijst van astronauten op de Maan,https://nl.wikipedia.org/wiki/Lijst_van_astronauten_op_de_Maan,,,https://www.nasa.gov/mission_pages/station/main/index.html
1423,Sterrenkunde & ruimte,Hoeveel bekende manen heeft Jupiter volgens de gebruikte telling?,95,niet gevonden,Jupiter,Jupiter (planeet),https://nl.wikipedia.org/wiki/Jupiter_%28planeet%29,,,https://science.nasa.gov/jupiter/jupiter-moons/
1424,Sterrenkunde & ruimte,Hoeveel dagen duurde de Apollo 11-missie?,8,bevestigd,Apollo,Apollo 11,https://nl.wikipedia.org/wiki/Apollo_11,"Daarbij viel op dat, zoals bij de eerdere maanmissies van Apollo 8 en Apollo 10, na het openen van het luik er een behoorlijk onfrisse lucht uit de capsule ontsnapte.",1 kernwoord komt overeen,
1425,Sterrenkunde & ruimte,Hoeveel erkende planeten telt ons zonnestelsel?,8,niet gevonden,erkende planeten zonnestelsel,Lijst van objecten in het zonnestelsel,https://nl.wikipedia.org/wiki/Lijst_van_objecten_in_het_zonnestelsel,,,https://science.nasa.gov/solar-system/planets/
1426,Sterrenkunde & ruimte,Hoeveel kilometer is de diameter van Jupiter ongeveer?,139820,niet gevonden,Jupiter,Jupiter (planeet),https://nl.wikipedia.org/wiki/Jupiter_%28planeet%29,,,https://science.nasa.gov/jupiter/facts/
1427,Sterrenkunde & ruimte,Hoeveel kilometer is de diameter van Mars ongeveer?,6779,bevestigd,Mars,Mars,https://en.wikipedia.org/wiki/Mars,"Its mean diameter, 6,779 km (4,212 mi), is about half the Earth's, or twice the Moon's, and its surface area is the size of all the dry land of Earth.",1 kernwoord komt overeen,https://science.nasa.gov/mars/facts/
1428,Sterrenkunde & ruimte,Hoeveel kilometer is de diameter van de zon ongeveer?,1392700,niet gevonden,,,,,,https://science.nasa.gov/sun/facts/
1429,Sterrenkunde & ruimte,Hoeveel kilometer is de gemiddelde afstand van Jupiter tot de zon?,778000000,niet gevonden,Jupiter,Jupiter (planeet),https://nl.wikipedia.org/wiki/Jupiter_%28planeet%29,,,https://science.nasa.gov/jupiter/facts/
1430,Sterrenkunde & ruimte,Hoeveel maanmissies naar de maan (Chang e-programma) lanceerde China?,6,bevestigd,maanmissies maan,Achterkant van de maan,https://nl.wikipedia.org/wiki/Achterkant_van_de_maan,"De foto’s werden geanalyseerd, waarna op 6 november 1960 de eerste atlas van de achterkant van de maan werd uitgebracht door de Russische Academie van Wetenschappen.",1 kernwoord komt overeen,
1431,Sterrenkunde & ruimte,Hoeveel meter is één astronomische eenheid exact gedefinieerd?,149597870700,bevestigd,astronomische eenheid exact,Astronomische eenheid,https://nl.wikipedia.org/wiki/Astronomische_eenheid,Sinds september 2012 is de astronomische eenheid gedefinieerd als exact 149 597 870 700 meter.,4 kernwoorden komen overeen,https://www.iau.org/static/resolutions/IAU2012_English.pdf
1432,Sterrenkunde & ruimte,Hoeveel miljard sterren telt ons Melkwegstelsel naar schatting?,100,niet gevonden,miljard sterren,Miljard,https://nl.wikipedia.org/wiki/Miljard,,,https://science.nasa.gov/universe/galaxies/milky-way/
1433,Sterrenkunde & ruimte,Hoeveel minuten duurt een volledige baan van het ISS rond de aarde ongeveer?,90,bevestigd,minuten volledige baan,Baan (hemellichaam),https://nl.wikipedia.org/wiki/Baan_%28hemellichaam%29,"Alle objecten in een LEO bewegen zich voort met een snelheid van ongeveer 8 km/s, waardoor een volledige omgang rond de Aarde circa 90 minuten duurt.",4 kernwoorden komen overeen,https://www.nasa.gov/mission_pages/station/main/index.html
1434,Sterrenkunde & ruimte,Hoeveel planeten staan verder van de zon dan de aarde?,5,bevestigd,planeten verder aarde,Aarde (planeet),https://nl.wikipedia.org/wiki/Aarde_%28planeet%29,"Samenstelling

De massa van de Aarde bedraagt 5,97×1024 kg.",1 kernwoord komt overeen,https://science.nasa.gov/solar-system/planets/
1435,Sterrenkunde & ruimte,Hoeveel satellieten lanceerde India in één enkele raket als record (2017)?,104,niet gevonden,India,India,https://nl.wikipedia.org/wiki/India,,"getal wel gezien, maar te algemeen om bewijs te zijn",
1436,Sterrenkunde & ruimte,In welk jaar landde de eerste ruimtesonde op Mars?,1971,bevestigd,Mars,Mars,https://nl.wikipedia.org/wiki/Mars,"Mars kan verwijzen naar:

Mythologie

Mars (mythologie), de Romeinse god van de oorlog (veel andere betekenissen zijn direct of indirect hieraan ontleend)
Planeet

Mars (planeet), een planeet in het zonnestelsel genoemd naar de gelijknamige Romeinse god
Mars (astrologie), een planeet in de astrologi",1 kernwoord komt overeen,https://science.nasa.gov/mission/mars-3/
1437,Sterrenkunde & ruimte,In welk jaar werd de eerste ruimtestationmodule gelanceerd?,1971,niet gevonden,,,,,,https://www.nasa.gov/mission/skylab/
1438,Sterrenkunde & ruimte,In welk jaar zette de eerste mens voet op de maan?,1969,niet gevonden,,,,,,https://www.nasa.gov/mission/apollo-11/
1439,Sterrenkunde & ruimte,Wat is de baansnelheid van het ISS ongeveer?,27600,niet gevonden,,,,,,https://www.nasa.gov/mission_pages/station/main/index.html
1440,Sterrenkunde & ruimte,Wat is de baansnelheid van het ISS ruimtestation in kilometer per uur?,27600,niet gevonden,baansnelheid ruimtestation,ISS (ruimtestation),https://nl.wikipedia.org/wiki/ISS_%28ruimtestation%29,,,https://www.nasa.gov/mission_pages/station/main/index.html
1441,Sterrenkunde & ruimte,Wat is de diameter van de Aarde over de evenaar in kilometers?,12742,bevestigd,Aarde,Aarde (planeet),https://nl.wikipedia.org/wiki/Aarde_%28planeet%29,De gemiddelde diameter van een referentie-ellipsoïde is 12 742 km.,1 kernwoord komt overeen,https://nssdc.gsfc.nasa.gov/planetary/factsheet/earthfact.html
1442,Sterrenkunde & ruimte,Wat is de diameter van de Maan in kilometers?,3474,niet gevonden,Maan,Maan,https://nl.wikipedia.org/wiki/Maan,,,https://science.nasa.gov/moon/facts/
1443,Sterrenkunde & ruimte,Wat is de diameter van de aarde ongeveer?,12742,bevestigd,diameter aarde,Aarde (planeet),https://nl.wikipedia.org/wiki/Aarde_%28planeet%29,De gemiddelde diameter van een referentie-ellipsoïde is 12 742 km.,1 kernwoord komt overeen,https://nssdc.gsfc.nasa.gov/planetary/factsheet/earthfact.html
1444,Sterrenkunde & ruimte,Hoeveel miljoen kilometer is de gemiddelde afstand van de aarde tot de zon?,150,bevestigd,Hoeveel miljoen kilometer is de gemiddelde afstand van de aarde tot de zon,Aarde (planeet),https://nl.wikipedia.org/wiki/Aarde_%28planeet%29,"De afstand tot de zon bedraagt gemiddeld bijna 150 miljoen km en de snelheid waarmee de Aarde om de zon beweegt is 29,783 km/s.",3 kernwoorden komen overeen,https://science.nasa.gov/sun/facts/
1445,Sterrenkunde & ruimte,Wat is de geschatte temperatuur aan het oppervlak van de zon?,5500,niet gevonden,geschatte temperatuur,Effectieve temperatuur,https://nl.wikipedia.org/wiki/Effectieve_temperatuur,,,https://science.nasa.gov/sun/facts/
1446,Taal,Hoeveel basisjamo-tekens heeft het moderne Koreaanse Hangul-alfabet?,24,niet gevonden,Korean Hangul,Hangul,https://nl.wikipedia.org/wiki/Hangul,,,https://www.britannica.com/topic/Hangul
1447,Taal,Hoeveel letters heeft het Griekse alfabet?,24,bevestigd,letters griekse alfabet,Grieks alfabet,https://nl.wikipedia.org/wiki/Grieks_alfabet,Dit alfabet is in de oudheid (rond de 9e eeuw v.Chr.) ontwikkeld uit het Fenicische alfabet en bestaat uit 24 letters.,2 kernwoorden komen overeen,https://www.britannica.com/topic/Greek-alphabet
1448,Taal,Hoeveel letters staan er in de Latijnse inscriptie SPQR?,4,niet gevonden,SPQR,SPQR,https://nl.wikipedia.org/wiki/SPQR,,,
1449,Taal,Hoeveel naamvallen heeft het Duits?,4,niet gevonden,Duits,Duits,https://nl.wikipedia.org/wiki/Duits,,"getal wel gezien, maar te algemeen om bewijs te zijn",https://www.britannica.com/topic/German-language
1450,Taal,Hoeveel naamvallen heeft het Latijn volgens de traditionele grammaticale indeling?,6,niet gevonden,Latijn,Latijn,https://nl.wikipedia.org/wiki/Latijn,,"getal wel gezien, maar te algemeen om bewijs te zijn",https://www.britannica.com/topic/Latin-language
1451,Taal,Hoeveel tekens bevat het Japanse hiragana?,46,bevestigd,tekens japanse hiragana,Hiragana,https://nl.wikipedia.org/wiki/Hiragana,"Beide schriftsoorten hebben daarom tegenwoordig nog maar 46 basiskarakters, hoewel de benaming van deze tekensets nog steeds gojūon (50 klanken) luidt [hiragana no gojūon en katakana no gojūon].",1 kernwoord komt overeen,https://www.britannica.com/topic/hiragana
1452,Taal,Hoeveel tonen heeft het Vietnamese taalsysteem volgens de meest gebruikte indeling?,6,niet gevonden,Vietnamese,Vietnamese,https://en.wikipedia.org/wiki/Vietnamese,,,https://www.britannica.com/topic/Vietnamese-language
1453,Technologie,Hoeveel bits bevat één byte?,8,bevestigd,bits byte,Byte,https://nl.wikipedia.org/wiki/Byte,De de facto standaard is dat een byte uit 8 bits bestaat.,2 kernwoorden komen overeen,https://www.nist.gov/pml/weights-and-measures/si-units-information
1454,Technologie,Hoeveel frames per seconde toont een standaard bioscoopfilm?,24,niet gevonden,frames seconde,Beelden per seconde,https://nl.wikipedia.org/wiki/Beelden_per_seconde,,,
1455,Vervoer,Hoeveel kilometer per uur haalt de Shanghai Maglev?,431,bevestigd,Shanghai Maglev,Shanghai maglev train,https://en.wikipedia.org/wiki/Shanghai_maglev_train,"The top operational commercial speed of the Shanghai maglev was 431 km/h (268 mph), making it the world's fastest train in regular commercial service from its opening in April 2004 until its speed reduction in May 2021.",2 kernwoorden komen overeen,
1456,Technologie,Hoeveel kleuren subpixels heeft iedere pixel op een standaard RGB-scherm?,3,niet gevonden,kleuren subpixels iedere,Pixel,https://nl.wikipedia.org/wiki/Pixel,,,https://www.nist.gov/pml/color
1457,Technologie,Hoeveel megabytes zitten er in precies één gigabyte?,1024,niet gevonden,,,,,,https://physics.nist.gov/cuu/Units/binary.html
1458,Technologie,Hoeveel megabytes zitten er volgens de binaire definitie in één gigabyte?,1024,niet gevonden,,,,,,https://physics.nist.gov/cuu/Units/binary.html
1459,Technologie,Hoeveel pixels heeft een 4K UHD-scherm ongeveer?,8300000,niet gevonden,,,,,,https://www.cta.tech/Resources/Standards/4K-Ultra-High-Definition
1460,Technologie,In welk jaar bracht Apple de eerste iPhone uit?,2007,bevestigd,Apple de,Apple Inc.,https://nl.wikipedia.org/wiki/Apple_Inc.,"In 2007 heeft het bedrijf formeel zijn naam gewijzigd van Apple Computer, Inc.",1 kernwoord komt overeen,
1461,Vervoer,In welk jaar lanceerde Japan de Shinkansen hogesnelheidstrein?,1964,getal gezien,Japan de Shinkansen,Shinkansen,https://nl.wikipedia.org/wiki/Shinkansen,Echter toen de lijn in 1964 in gebruik werd genomen sloeg de publieke opinie om in enthousiasme.,"het getal staat er wel, maar niet in een herkenbare zin",
1462,Technologie,In welk jaar werd Amazon opgericht?,1994,bevestigd,Amazon,Amazon.com,https://nl.wikipedia.org/wiki/Amazon.com,Het werd in 1994 opgericht door Jeff Bezos en was een van de eerste grote bedrijven die goederen over het internet verkochten.,1 kernwoord komt overeen,
1463,Technologie,In welk jaar werd Apple opgericht?,1976,bevestigd,Apple,Apple Inc.,https://nl.wikipedia.org/wiki/Apple_Inc.,"is een Amerikaans technologiebedrijf dat op 1 april 1976 is opgericht (toen met de naam Apple Computer, Inc.) door Steve Jobs, Steve Wozniak en Ronald Wayne.",2 kernwoorden komen overeen,
1464,Technologie,In welk jaar werd Facebook opgericht?,2004,bevestigd,Facebook,Facebook,https://nl.wikipedia.org/wiki/Facebook,"Facebook ontstond daadwerkelijk op 4 februari 2004 als ""The facebook"".",1 kernwoord komt overeen,
1465,Technologie,In welk jaar werd Google opgericht?,1998,bevestigd,Google,Google LLC,https://nl.wikipedia.org/wiki/Google_LLC,Op 4 september 1998 werd de naam Google Inc.,1 kernwoord komt overeen,
1466,Technologie,In welk jaar werd Microsoft Word voor het eerst uitgebracht?,1983,bevestigd,Microsoft Word,Microsoft Word,https://en.wikipedia.org/wiki/Microsoft_Word,"It was first released on October 25, 1983, under the original name Multi-Tool Word for Xenix systems.",1 kernwoord komt overeen,https://support.microsoft.com/en-us/office/a-history-of-microsoft-word
1467,Technologie,In welk jaar werd Microsoft opgericht?,1975,bevestigd,Microsoft,Microsoft,https://nl.wikipedia.org/wiki/Microsoft,Het bedrijf werd opgericht door Bill Gates en Paul Allen op 4 april 1975.,1 kernwoord komt overeen,
1468,Technologie,In welk jaar werd NVIDIA opgericht?,1993,bevestigd,NVIDIA,NVIDIA,https://nl.wikipedia.org/wiki/NVIDIA,"Geschiedenis
Het bedrijf is opgericht in 1993 door Jen-Hsun Huang, Chris Malachowsky en Curtis Priem, en is gevestigd in Santa Clara, Californië, in de Verenigde Staten.",1 kernwoord komt overeen,https://www.nvidia.com/en-us/about-nvidia/corporate-timeline/
1469,Technologie,In welk jaar werd Samsung opgericht?,1938,bevestigd,Samsung,Samsung,https://en.wikipedia.org/wiki/Samsung,"Founded in 1938 by Lee Byung-chul as a trading company, Samsung diversified into various sectors, including food processing, textiles, insurance, securities, and retail, over the next three decades.",1 kernwoord komt overeen,
1470,Technologie,In welk jaar werd Sony opgericht?,1946,getal gezien,Sony,Sony,https://nl.wikipedia.org/wiki/Sony,"In 1946 sloot zijn vriend Akio Morita zich bij hem aan en op 7 mei 1946 richtten ze samen Tokyo Telecommunications Engineering op, ook bekend als Tokyo Tsushin Kogyo, Totsuko of TTK.","het getal staat er wel, maar niet in een herkenbare zin",
1471,Technologie,In welk jaar werd Toyota opgericht als automerk?,1937,bevestigd,Toyota,Toyota,https://en.wikipedia.org/wiki/Toyota,"The newly formed word was trademarked and the company began trading on August 28, 1937, as the Toyota Motor Company Ltd.",1 kernwoord komt overeen,
1472,Technologie,In welk jaar werd de Toyota motorfiets eerste gebouwd - nee Toyota is auto (1885 Daimler - dit zit niet in Azië)?,0,niet gevonden,Toyota,Toyota,https://nl.wikipedia.org/wiki/Toyota,,,
1473,Technologie,In welk jaar werd de eerste commerciële mobiele telefoon uitgebracht?,1983,niet gevonden,,,,,,https://www.motorolasolutions.com/en_us/about/company-overview/history-experience.html
1474,Technologie,In welk jaar werd de eerste computer met een microprocessor ontwikkeld?,1971,bevestigd,eerste computer microprocessor,Microprocessor,https://nl.wikipedia.org/wiki/Microprocessor,"De Intel chip was de 4 bit Intel 4004, uitgebracht op 15 november 1971, ontwikkeld door Federico Faggin en Marcian Hoff.",1 kernwoord komt overeen,https://www.intel.com/content/www/us/en/history/museum-story-of-intel-4004.html
1475,Technologie,In welk jaar werd de eerste computer-muis ontworpen?,1964,niet gevonden,,,,,,https://www.computerhistory.org/revolution/input-output/14/350
1476,Technologie,In welk jaar werd de eerste e-mail verstuurd?,1971,bevestigd,eerste e-mail verstuurd,E-mail,https://nl.wikipedia.org/wiki/E-mail,De eerste e-mail over een computernetwerk werd in 1971 door Ray Tomlinson verzonden.,2 kernwoorden komen overeen,https://www.internetsociety.org/internet/history-internet/brief-history-internet/
1477,Technologie,In welk jaar werd de eerste floppy disk geïntroduceerd?,1971,niet gevonden,,,,,,https://www.ibm.com/history/floppy-disk
1478,Technologie,In welk jaar werd de eerste laptop uitgebracht?,1981,niet gevonden,eerste laptop,Laptop,https://nl.wikipedia.org/wiki/Laptop,,,https://computerhistory.org/blog/the-osborne-1/
1479,Technologie,In welk jaar werd de eerste website online gezet?,1991,getal gezien,eerste website online,Website,https://nl.wikipedia.org/wiki/Website,"De directeur van het W3C is Tim Berners-Lee, die in 1991 HTML voorstelde, als subset van het complexere SGML als vervolg op de hypertekst-achtige uitvoering Gopher (het www is daarmee nog steeds geen hypertekst-systeem).","het getal staat er wel, maar niet in een herkenbare zin",https://home.cern/science/computing/birth-web
1480,Technologie,In welk jaar werd het World Wide Web publiek vrijgegeven?,1993,bevestigd,World Wide Web,World Wide Web,https://en.wikipedia.org/wiki/World_Wide_Web,"Gopher expansion stagnated, to the advantage of the World Wide Web, which released the WWW into the public domain in April 1993, which CERN maintained.",2 kernwoorden komen overeen,https://home.cern/science/computing/birth-web
1481,Technologie,Hoeveel duizend beeldpunten telt een Full HD-scherm?,2074,niet gevonden,,,,,,https://www.itu.int/rec/R-REC-BT.709
1482,Geografie,Door hoeveel landen lopen de Alpen volgens de Alpine Convention?,8,niet gevonden,Alpine Convention,Alpine Convention,https://en.wikipedia.org/wiki/Alpine_Convention,,,Alpine Convention — Who we are
1483,Geografie,Hoeveel provincies heeft Canada?,10,bevestigd,Canada,Canada,https://nl.wikipedia.org/wiki/Canada,Canada is een federale staat met 10 provincies en 3 territoria en een parlementaire constitutionele monarchie (een Commonwealth realm).,2 kernwoorden komen overeen,Government of Canada — Provinces and territories
1484,Geografie,Hoeveel sterren staan er op de vlag van China?,5,bevestigd,China,China,https://en.wikipedia.org/wiki/China,"In 2025, China recorded 5.6 births per 1000 people, the lowest recorded birthrate since at least 1949.",1 kernwoord komt overeen,https://www.gov.cn/english/2005-08/09/content_21564.htm
1485,Geografie,Hoeveel sterren staan er op de vlag van de Verenigde Staten?,50,bevestigd,Verenigde Staten,Verenigde Staten,https://nl.wikipedia.org/wiki/Verenigde_Staten,"De Verenigde Staten (VS), officieel de Verenigde Staten van Amerika (Engels: United States of America, USA of US, vaak totum pro parte Amerika, America genoemd), is een federatie van 50 staten, verschillende overzeese territoria en het District of Columbia, grotendeels in Noord-Amerika gelegen.",2 kernwoorden komen overeen,https://www.archives.gov/founding-docs/flag
1486,Vervoer,Hoeveel gategebieden heeft Atlanta Airport?,7,niet gevonden,Atlanta Airport,Hartsfield-Jackson Atlanta International Airport,https://nl.wikipedia.org/wiki/Hartsfield-Jackson_Atlanta_International_Airport,,,
1487,Vervoer,Hoeveel kilometer lang is de Trans-Siberische spoorlijn?,9289,bevestigd,Trans-Siberische,Trans-Siberische spoorlijn,https://nl.wikipedia.org/wiki/Trans-Siberische_spoorlijn,Deze transcontinentale spoorlijn is 9289 kilometer lang en strekt zich uit van Moskou dwars door Siberië naar Vladivostok.,1 kernwoord komt overeen,https://eng.rzd.ru/en/9446
1488,Vervoer,Hoeveel miljoen nieuwe personenauto’s worden er wereldwijd per jaar geproduceerd?,85,niet gevonden,miljoen nieuwe personenauto’s,Nieuwe Waterweg,https://nl.wikipedia.org/wiki/Nieuwe_Waterweg,,,
1489,Vervoer,Hoeveel passagiers kan een Airbus A380 maximaal vervoeren?,853,bevestigd,Airbus A380,Airbus A380,https://nl.wikipedia.org/wiki/Airbus_A380,"Het biedt plaats aan 853 passagiers, bij een gemiddelde configuratie passen er 555 personen in.",1 kernwoord komt overeen,https://www.airbus.com/en/products-services/commercial-aircraft/passenger-aircraft/a380
1490,Vervoer,Hoeveel passagiers kan een Boeing 777-300ER maximaal vervoeren?,550,bevestigd,passagiers boeing 777-300er,Boeing 777,https://nl.wikipedia.org/wiki/Boeing_777,"Het vliegtuigmodel, dat tussen de 305 en 550 passagiers kan vervoeren, werd in 1995 in dienst genomen.",2 kernwoorden komen overeen,https://www.boeing.com/commercial/777
1491,Gebouwen en infrastructuur,Hoeveel rijstroken heeft de Golden Gate Bridge?,6,bevestigd,Golden Gate Bridge,Golden Gate Bridge,https://en.wikipedia.org/wiki/Golden_Gate_Bridge,"Notably, on June 6, 2020, protestors occupied the bridge as part of a nationwide denunciation to police brutality in the wake of the George Floyd's murder, and in November 2021 two California Highway Patrol officers and three bridge employees were injured in a vehicular chain-reaction crash during a",1 kernwoord komt overeen,https://www.goldengate.org/bridge/bridge-overview/bridge-physical-facts/
1492,Vervoer,Hoeveel standaard 20-voet zeecontainers (TEU) kan het grootste containerschip ter wereld in één keer vervoeren?,24000,niet gevonden,,,,,,Port authority/company figures vary by ship and date.
1493,Vervoer,Hoeveel stations heeft de Londense Underground?,272,bevestigd,London Underground,London Underground,https://en.wikipedia.org/wiki/London_Underground,The system's 272 stations collectively accommodate up to 5 million passenger journeys a day.,1 kernwoord komt overeen,https://tfl.gov.uk/corporate/about-tfl/what-we-do/london-underground
1494,Vervoer,Hoeveel verkeerslichten zijn er ongeveer in New York City?,13500,niet gevonden,New York City,New York (stad),https://nl.wikipedia.org/wiki/New_York_%28stad%29,,,https://www.nyc.gov/html/dot/html/infrastructure/traffic-signals.shtml
1495,Vervoer,Hoeveel wielen heeft een locomotief met drie standaard draaistellen van twee assen?,12,niet gevonden,,,,,,https://www.railway-technical.com/rolling-stock/bogies.html
1496,Vervoer,Hoeveel wielen heeft een standaard auto?,4,niet gevonden,,,,,,https://www.nhtsa.gov/vehicle-safety
1497,Vervoer,Hoeveel wielen heeft een standaard dubbeldekkerbus meestal?,6,niet gevonden,,,,,,https://tfl.gov.uk/modes/buses/
1498,Vervoer,Hoeveel wielen heeft een standaard stadsbus meestal?,6,niet gevonden,wielen standaard stadsbus,Stadsbus,https://nl.wikipedia.org/wiki/Stadsbus,,,https://tfl.gov.uk/modes/buses/
1499,Vervoer,Hoeveel wielen heeft een tram meestal in een vierassige configuratie?,8,niet gevonden,wielen tram meestal,Tram,https://nl.wikipedia.org/wiki/Tram,,"getal wel gezien, maar te algemeen om bewijs te zijn",https://www.britannica.com/technology/streetcar
1500,Vervoer,In welk jaar maakte het eerste gemotoriseerde vliegtuig een succesvolle vlucht?,1903,niet gevonden,,,,,,https://www.nasa.gov/history/first-flight/
1501,Vervoer,In welk jaar reed de eerste elektrische auto?,1835,bevestigd,In welk jaar reed de eerste elektrische auto,Elektrische auto,https://nl.wikipedia.org/wiki/Elektrische_auto,"Geschiedenis


Tot de Tweede Wereldoorlog

De eerste voorlopers van elektrische auto's waren als schaalmodel gemaakt, onder andere door de Hongaar Ányos Jedlik (1828), de Amerikaan Thomas Davenport (1834), de Groninger Sibrandus Stratingh (1835).",2 kernwoorden komen overeen,https://www.britannica.com/technology/electric-vehicle
1502,Vervoer,In welk jaar reed de eerste hogesnelheidstrein in commerciële dienst?,1964,niet gevonden,reed eerste,Eerste Wereldoorlog,https://nl.wikipedia.org/wiki/Eerste_Wereldoorlog,,,https://www.jreast.co.jp/e/press/2003/20030501.pdf
1503,Vervoer,Wat is de lengte van de langste spoorlijn ter wereld (Trans-Siberië Express van Moskou naar Vladivostok) in km?,9289,bevestigd,Trans-Siberië Express van Moskou,Trans-Siberische spoorlijn,https://nl.wikipedia.org/wiki/Trans-Siberische_spoorlijn,Deze transcontinentale spoorlijn is 9289 kilometer lang en strekt zich uit van Moskou dwars door Siberië naar Vladivostok.,3 kernwoorden komen overeen,https://eng.rzd.ru/en/9446
1504,Wiskunde,"Hoeveel cijfers heeft de grootst bekende priem (Mersenne, 2024)?",41024320,bevestigd,Mersenne,Mersenne prime,https://en.wikipedia.org/wiki/Mersenne_prime,"On October 12, 2024, a user named Luke Durant from San Jose, California, found the current largest known Mersenne prime, 2136279841 − 1, having 41024320 digits.",2 kernwoorden komen overeen,
1505,Wiskunde,Hoeveel diagonalen heeft een regelmatige twaalfhoek?,54,bevestigd,diagonalen regelmatige twaalfhoek,Regelmatige vijfhoek,https://nl.wikipedia.org/wiki/Regelmatige_vijfhoek,"Formules
Voor een regelmatige vijfhoek met zijde 
  
    
      
        z
      
    
    {\displaystyle z}
  
 is:

de straal van de omgeschreven cirkel 
  
    
      
        R
        =
        
          
            z
            
              
                
                  5
          ",1 kernwoord komt overeen,https://mathworld.wolfram.com/PolygonDiagonal.html
1506,Wiskunde,Hoeveel graden is elke binnenhoek van een regelmatige zeshoek?,120,niet gevonden,,,,,,
1507,Wiskunde,Hoeveel millimeter is één centimeter?,10,bevestigd,millimeter centimeter,Centimeter,https://nl.wikipedia.org/wiki/Centimeter,"Een centimeter (cm) is een lengte van 0,01 meter = 10 mm.",1 kernwoord komt overeen,https://www.nist.gov/pml/owm/metric-si-si-units
1508,Wiskunde,Hoeveel positieve delers heeft het getal 360?,24,niet gevonden,positieve delers getal,Tabel van delers,https://nl.wikipedia.org/wiki/Tabel_van_delers,,,https://mathworld.wolfram.com/Divisor.html
1509,Wiskunde,Hoeveel positieve delers heeft het getal 720?,30,niet gevonden,positieve delers getal,Tabel van delers,https://nl.wikipedia.org/wiki/Tabel_van_delers,,,https://mathworld.wolfram.com/Divisor.html
1510,Wiskunde,Hoeveel seconden zitten er in één minuut?,60,niet gevonden,,,,,,https://www.bipm.org/en/publications/si-brochure
