vlag	nederlands	engels
	Hoeveel artikelen bevat het Handvest van de Verenigde Naties?	How many articles does the United Nations Charter contain?
	Hoeveel harten heeft een octopus?	How many hearts does an octopus have?
GEEN	Hoeveel seizoenen van The Simpsons waren er uitgezonden (stand 2026)?	
	Hoe lang was de langste hond ooit in centimeters?	How long was the tallest dog ever in centimeters?
	Wat is de autorij-afstand van Amsterdam naar Rome in km?	What is the driving distance from Amsterdam to Rome in km?
GEEN	Hoeveel vogelsoorten telt Colombia, het land met de meeste ter wereld?	
	Hoe hoog was de hoogste hond ooit in centimeters?	How high was the tallest dog ever in centimeters?
GEEN	Hoeveel duizend bladzijden telt het Woordenboek der Nederlandsche Taal?	
GEEN	Hoeveel verdiepingen heeft de BD Bacatá in Bogotá?	
	Hoeveel procent van de bekende plant- en diersoorten leeft in tropische regenwouden?	How many percent of known plant and animal species live in tropical rainforests?
	Hoeveel kilometer lang is een marathon?	How many kilometres is a marathon?
	Hoeveel kilometer per uur kunnen de sterkste winden op Neptunus ongeveer bereiken?	How many kilometres per hour can the strongest winds on Neptune reach?
	Hoeveel hertz is de toonhoogte van de standaard a in de muziek?	How much hertz is the pitch of the standard a in the music?
	Hoeveel vakken bevat een standaard Monopoly-bord in totaal?	How many boxes does a standard Monopoly board contain in total?
	Hoeveel EU-landen voerden de euro in bij de start van de euro in 1999?	How many EU countries introduced the euro at the start of the euro in 1999?
	In welk jaar werd Samsung opgericht?	What year was Samsung founded?
	Hoeveel suikerklontjes zitten er volgens de standaardverpakking in een blikje Coca-Cola van 330 ml?	How many sugars are there according to the standard pack in a can of Coca-Cola of 330 ml?
	In welk jaar werd India onafhankelijk van Groot-Brittannië?	In what year did India become independent of Britain?
GEEN	Hoeveel meter hoog is Uluru?	
	Hoeveel graden heeft een gestrekte hoek?	How many degrees does a stretched angle have?
	Hoeveel stippen staan er in totaal op een standaard set van 28 dominostenen?	How many dots are on a standard set of 28 dominoes?
GEEN	Hoeveel delen CO₂ per miljoen delen lucht mat NASA in 2024?	
	Hoeveel zelfportretten schilderde Rembrandt volgens gangbare catalogi?	How many self-portraits did Rembrandt paint according to common catalogues?
GEEN	Hoeveel eilanden telt Indonesië officieel (2024)?	
	Hoeveel kilometer lang is de kustlijn van Noorwegen ongeveer, inclusief eilanden?	How many kilometres long is the coastline of Norway, including islands?
	Hoeveel meter per uur kruipen tuinslakken maximaal?	How many meters per hour do garden snails crawl to maximum?
	Hoeveel bedrijven bevat de S&P 500-index?	How many companies does the S&P 500 index contain?
	In welk jaar werd de eerste succesvolle harttransplantatie uitgevoerd?	What year was the first successful heart transplant performed?
	Hoeveel aardse dagen duurt een jaar op Jupiter ongeveer?	How many earthly days on Jupiter last about a year?
	Hoeveel kilometer lang is de Yangtze ongeveer?	How many kilometres long is the Yangtze about?
	In welk jaar werd Microsoft Excel voor het eerst uitgebracht?	In what year was Microsoft Excel first released?
	Hoeveel letters heeft het Hebreeuwse alfabet?	How many letters does the Hebrew alphabet have?
	In welk jaar werd Kenia onafhankelijk van Groot-Brittannië?	In what year did Kenya become independent of Britain?
	Hoeveel klinknagels houden de metalen delen van de Eiffeltoren bij elkaar?	How many rivets do the metal parts of the Eiffel Tower hold together?
	Hoeveel procent van het menselijk lichaam bestaat ongeveer uit water?	How much of the human body is about water?
	Wat is de gemiddelde afstand van de aarde tot de zon?	What is the average distance from the Earth to the Sun?
GEEN	Hoeveel soldaten telde het Britse leger bij de Slag bij Waterloo ongeveer?	
	Hoeveel filialen heeft Decathlon wereldwijd ongeveer?	How many branches does Decathlon have worldwide?
GEEN	Hoeveel vakjes heeft een standaard Mens-erger-je-niet-bord?	
	Hoeveel letters heeft het Thaise alfabet?	How many letters does the Thai alphabet have?
	Hoeveel Grammy’s heeft Beyoncé volgens de stand na de Grammy Awards van 2025 gewonnen?	How many Grammys did Beyoncé win after the Grammy Awards of 2025?
	Hoeveel protonen heeft een neutraal atoom van goud?	How many protons has a neutral atom of gold?
	Hoeveel miljard neuronen (zenuwcellen) bevat het menselijk brein naar schatting?	How many billion neurons (nerve cells) is estimated to contain the human brain?
	Hoeveel werken schreef William Shakespeare volgens de meest gebruikte telling?	How many works did William Shakespeare write according to the most widely used count?
	Hoeveel prefecturen heeft Japan?	How many prefectures does Japan have?
	Hoeveel mannen ondertekenden de Amerikaanse Onafhankelijkheidsverklaring?	How many men signed the American Declaration of Independence?
	Hoeveel bulten heeft een kameel?	How many bumps does a camel have?
	Hoeveel kaarten bevat een standaard UNO-deck?	How many cards does a standard UNO deck contain?
	Hoeveel kamers heeft het Witte Huis?	How many rooms does the White House have?
	Uit hoeveel kuuroorden bestaat de UNESCO-site The Great Spa Towns of Europe?	How many spas is the UNESCO site The Great Spa Towns of Europe?
	Hoeveel afleveringen telt de iconische serie Fawlty Towers?	How many episodes does the iconic series Fawlty Towers have?
	Hoeveel diagonalen heeft een regelmatige tienhoek?	How many diagonals has a regular pentagon?
	Hoeveel kilometer lang is de langste grot ter wereld, Mammoth Cave, ongeveer?	How many kilometres long is the longest cave in the world, Mammoth Cave, about?
	Hoeveel leden telt het Europees Parlement in de zittingsperiode 2024–2029?	How many Members do the European Parliament have in the 2024th parliamentary term?
GEEN	Hoeveel meter hoog is de Sydney Tower?	
	Hoeveel landen ondertekenden de UNESCO-grondwet in 1945?	How many countries signed the UNESCO Constitution in 1945?
	Hoe lang was de langste man ooit in centimeters?	How long was the tallest man ever in centimeters?
	Hoeveel paar ribben heeft een mens normaal?	How many pairs of ribs does a person have normal?
	Hoeveel jaar bestond de Berlijnse Muur?	How many years was the Berlin Wall?
	Hoeveel manieren kun je 3 renners op een podium van 8 deelnemers indelen?	How many ways can you classify 3 riders on a stage of 8 participants?
	Hoeveel punten scoorde een team in de hoogste basketbalscore ooit?	How many points did a team score in the highest basketball score ever?
	Hoeveel dynastieën kent de traditionele indeling van het oude Egypte?	How many dynasties does the traditional classification of ancient Egypt know?
	Hoeveel start- en landingsbanen heeft Schiphol?	How many runways does Schiphol have?
	In welk jaar bereikte een expeditie voor het eerst de Zuidpool?	In what year did an expedition first reach the South Pole?
	Hoeveel poten heeft een kreeftachtige van de orde Isopoda?	How many legs has a lobster-like of the order Isopoda?
	In welk jaar werd de eerste televisie-uitzending verzorgd?	In what year was the first television broadcast arranged?
GEEN	Hoeveel duizend inwoners heeft Rotterdam?	
GEEN	Hoeveel geboden telt de Thora volgens de miswot-telling?	
	Hoeveel liften heeft de Burj Khalifa?	How many lifts does the Burj Khalifa have?
	Hoeveel deelverzamelingen heeft een verzameling met acht elementen?	How many subsets does a set with eight elements have?
	Hoeveel gram eiwit bevat een Amerikaanse McDonald’s Big Mac?	How many grams of protein does an American McDonald... contain Big Mac?
	Wat is de lengte van de rivier de Amazone in kilometers?	What is the length of the Amazon River in kilometres?
	Hoeveel kilometer lang is Japan van noord naar zuid ongeveer?	How many kilometres long is Japan from north to south about?
	Hoeveel ribben heeft een menselijk lichaam in totaal?	How many ribs does a human body have in total?
	Hoeveel kilometer lang is de HSL-Zuid hogesnelheidslijn?	How many kilometres long is the HSL-South high-speed line?
	In welk jaar werd de New York Stock Exchange opgericht?	In what year was the New York Stock Exchange established?
	Hoeveel botten heeft een volwassen menselijk lichaam?	How many bones does an adult human body have?
	In welk jaar werd Google opgericht?	What year was Google founded?
	In welk jaar werd de eerste volledige sequentie van het menselijke genoom gepubliceerd?	In what year was the first complete sequence of the human genome published?
	Hoeveel afleveringen telt de serie Breaking Bad?	How many episodes does the Breaking Bad series have?
GEEN	In welk jaar viel de Berlijnse Muur niet maar werd Japan aangevallen door de VS in Pearl Harbor?	
GEEN	Hoeveel meter diep kan de potvis duiken?	
GEEN	Hoeveel kaassoorten produceert Frankrijk ongeveer?	
	Hoeveel soldaten telde het leger van Napoleon tijdens de invasie van Rusland?	How many soldiers did Napoleon's army count during the invasion of Russia?
	Hoeveel bitcoins kunnen er maximaal worden gecreëerd?	How many bitcoins can be created maximum?
NL?	Hoeveel etappes telt de Tour de France doorgaans?	How many stages does the Tour de France usually have?
	Hoeveel tegels bedekken het dak van het Sydney Opera House?	How many tiles cover the roof of the Sydney Opera House?
	Hoeveel koppen had de Hydra van Lerna volgens de bekendste versie?	How many heads did the Hydra of Lerna have according to the most famous version?
	Hoeveel miljoen kubieke meter aarde werd er uitgegraven voor de bouw van het Panamakanaal?	How many million cubic meters of earth were dug out to build the Panama Canal?
	Hoe hoog was het hoogste paard ooit in centimeters?	How high was the highest horse ever in centimeters?
	Hoeveel verdiepingen hebben de Petronas Twin Towers?	How many floors do the Petronas Twin Towers have?
	Hoeveel Oscars won The Lord of the Rings: The Return of the King?	How many Oscars won The Lord of the Rings: The Return of the King?
	Hoeveel centimeter hoog is de Mona Lisa?	How many centimeters is the Mona Lisa?
	Hoeveel ogen heeft een bij?	How many eyes does a bee have?
	Hoeveel letters heeft het Georgische alfabet?	How many letters does the Georgian alphabet have?
	Hoeveel aardse jaren duurt een jaar op Neptunus ongeveer?	How many Earth years on Neptune last about a year?
	Hoeveel kilometer lang is de Betuweroute goederenspoorlijn?	How many kilometers is the Betuweroute freight line?
	Hoeveel kamers heeft het menselijk hart?	How many rooms does the human heart have?
GEEN	Hoeveel procent van de Nederlanders woont in de Randstad?	
	Wat is de totale lengte van alle onderzeese internetkabels op aarde in duizend kilometer?	What is the total length of all submarine Internet cables on Earth in a thousand kilometers?
GEEN	Hoeveel kilogram weegt een volwassen mannelijke Amerikaanse bizon?	
	Hoeveel kilometer lang is het Great Barrier Reef ongeveer?	How many kilometres long is the Great Barrier Reef about?
	Hoeveel graden Celsius is het smeltpunt van tin ongeveer?	How many degrees Celsius is the melting point of tin about?
	Hoeveel speelkaarten zitten er in een standaard kaartspel (zonder jokers)?	How many cards are in a standard card game (without jokers)?
	Wat weegt het hart van een volwassen Blauwe Vinvis in kilogram?	What weighs the heart of an adult blue whale in kilograms?
	Hoeveel zangen telt Dante’s Inferno?	How many sings does Dante hindered Inferno have?
	Hoeveel duizend knipperbewegingen met je ogen maak je gemiddeld per dag?	How many thousand blinks with your eyes do you make on average a day?
	Wat is de autorij-afstand van Amsterdam naar Parijs in km?	What is the driving distance from Amsterdam to Paris in km?
	Hoeveel metrostations heeft de Parijse metro?	How many subway stations does the Paris subway have?
	Welk percentage van plastic afval wordt wereldwijd slecht beheerd?	What percentage of plastic waste is poorly managed worldwide?
	Hoeveel landen gebruiken de CFA-frank in West- en Centraal-Afrika samen?	How many countries use the CFA franc in West and Central Africa together?
	Hoeveel liften heeft het Empire State Building?	How many elevators does the Empire State Building have?
	In welk jaar werd Egypte officieel onafhankelijk van Groot-Brittannië?	In what year did Egypt officially become independent of Britain?
	In welk jaar werd de eerste exoplaneet rond een zonachtige ster ontdekt?	In what year was the first exoplanet discovered around a sun-like star?
	Hoeveel liter zuurstof ademt een mens gemiddeld per dag in?	How many liters of oxygen does a human breathe on average a day?
	Hoeveel stations heeft de New York City Subway?	How many stations does the New York City Subway have?
	Hoeveel procent van de lucht bestaat uit stikstof?	How much of the air is nitrogen?
	Hoeveel delen bevat Plato’s De Staat?	How many parts does Plato... the State contain?
	In welk jaar voer de eerste moderne onderzeeër succesvol?	What year was the first modern submarine successful?
	Hoeveel vierkante centimeter is de totale oppervlakte van je huid?	How many square centimeters is the total area of your skin?
	Wat is de geschatte temperatuur aan het oppervlak van de zon?	What is the estimated temperature at the surface of the sun?
GEEN	Hoeveel UNESCO-werelderfgoedlocaties heeft Duitsland (stand 2026)?	
	Hoeveel procent van het lichaam was bedekt met tatoeages bij de meest getatoeëerde man?	How many percent of the body was covered in tattoos with the most tattooed man?
GEEN	In welk jaar werd Nelson Mandela vrijgelaten uit de gevangenis?	
	Hoeveel treden heeft de trap van de CN Tower ongeveer?	How many steps does the staircase of the CN Tower have about?
	Hoeveel kilometer lang is de Mississippi ongeveer?	How many kilometres is the Mississippi about?
GEEN	Hoeveel meter lang is de Golden Gate Bridge?	
GEEN	In welk jaar werd Mexico onafhankelijk van Spanje?	
	Hoe zwaar was de zwaarste schildpad ooit in kilogram?	How heavy was the toughest turtle ever in kilograms?
	Hoeveel officiële inwoners heeft Vaticaanstad?	How many official residents does Vatican City have?
	Hoeveel Starbucks-winkels zijn er wereldwijd ongeveer?	How many Starbucks stores around the world?
GEEN	Hoeveel mensen bezochten de Wereldtentoonstelling van 1889 in Parijs?	
	Hoeveel soldaten telde het Franse leger bij Waterloo ongeveer?	How many soldiers did the French army count at Waterloo?
GEEN	Hoeveel ton ijzer werd gebruikt voor de Eiffeltoren?	
	Hoeveel studioalbums bracht Michael Jackson uit?	How many studio albums did Michael Jackson release?
	Hoeveel gram weegt een standaard Mars reep?	How many grams does a standard Mars bar weigh?
	Hoeveel hoofdgoden telt de Griekse mythologie op de berg Olympus (de Twaalf Olympiërs)?	How many chief gods do Greek mythology count on Mount Olympus (the Twelve Olympics)?
GEEN	Hoeveel nationale parken telt de Verenigde Staten?	
	Hoeveel zuilen heeft de Grote Zuilenzaal van de Tempel van Karnak ongeveer?	How many columns does the Great Pillar Hall of the Temple of Karnak have about?
	Hoeveel toetsen heeft een standaard computertoetsenbord ongeveer?	How many keys does a standard computer keyboard have about?
	Welk percentage van het zoete water bevindt zich in grondwater?	What percentage of fresh water is in groundwater?
	Hoeveel damstenen krijgt iedere speler bij de start van een standaard damspel?	How many checkers does each player get at the start of a standard checker?
	Hoeveel boeken bevat de Griekse eposreeks Ilias?	How many books does the Greek epic series Ilias contain?
	Hoeveel IKEA-winkels zijn er wereldwijd ongeveer?	How many IKEA stores are there around the world?
GEEN	Hoeveel meter hoog is de Elizabeth Tower, de toren van Big Ben?	
	Hoeveel landen liggen aan de Adriatische Zee?	How many countries are on the Adriatic?
	Hoeveel strijkkwartetten componeerde Beethoven?	How many string quartets did Beethoven compose?
GEEN	In welk jaar werd Bolivia onafhankelijk van Spanje?	
	Hoeveel aardse uren duurt één volledige draai van Jupiter ongeveer?	How many earthly hours does one complete spin of Jupiter take about?
	In welk jaar reed de eerste elektrische auto?	What year was the first electric car driving?
GEEN	Hoeveel meter hoog is de Cairo Tower?	
	Hoeveel jaar kan een reuzenschildpad ongeveer oud worden?	How many years can a giant turtle grow about old?
	Hoeveel genummerde vakjes heeft een Europees roulettewiel, inclusief 0?	How many numbered boxes has a European roulette wheel, including 0?
	Hoeveel chemische elementen telt het huidige periodiek systeem?	How many chemical elements does the current periodic table have?
	Hoeveel boeken bevat de originele The Hunger Games-trilogie?	How many books does the original The Hunger Games trilogy contain?
	Hoeveel treden telt de wenteltrap in het Vrijheidsbeeld naar de kroon?	How many steps does the spiral staircase in the Statue of Liberty have to the crown?
	Hoeveel actieve vulkanen zijn er op aarde naar schatting?	How many active volcanoes are estimated on Earth?
GEEN	Hoeveel kilogram rundvlees eet een Argentijn per jaar?	
	Hoeveel boeken bevat het Nieuwe Testament?	How many books does the New Testament contain?
	In welk jaar werd Brazilië officieel onafhankelijk van Portugal?	In what year did Brazil officially become independent of Portugal?
	Hoeveel meter hoog zijn de torens van de Brooklyn Bridge?	How many meters high are the towers of the Brooklyn Bridge?
	In welk jaar werd de eerste radio-uitzending gemaakt?	What year was the first radio broadcast made?
	Wat is de dakhoogte van het Empire State Building in New York in meters?	What is the roof height of the Empire State Building in New York in metres?
	Hoe zwaar was de zwaarste hond ooit in kilogram?	How heavy was the toughest dog ever in kilograms?
	Hoeveel vakjes telt het speelbord van Scrabble in totaal?	How many boxes does the Scrabble game board have in total?
GEEN	Hoeveel bekende manen heeft Saturnus (stand 2026)?	
	Hoeveel hoofdstukken bevat Animal Farm?	How many chapters does Animal Farm contain?
GEEN	Hoeveel kilometer lang is de Donau?	
	Hoe groot was het grootste permanente IMAX-scherm in vierkante meter?	How big was the largest permanent IMAX screen in square meters?
	Hoeveel medeklinkerletters heeft het Thaise alfabet?	How many consonant letters does the Thai alphabet have?
	Hoeveel boeken bevat de Hebreeuwse Bijbel volgens de joodse indeling?	How many books does the Hebrew Bible contain according to the Jewish format?
	Wat is de snelheid van het geluid in droge lucht bij 20°C in km/u?	What is the speed of sound in dry air at 20°C in km/h?
	Hoeveel kilocalorieën bevat een Amerikaanse McDonald’s Big Mac?	How many kilocalories does an American McDonald's Big Mac contain?
	In welk jaar vond de Slag bij Waterloo plaats?	What year did the Battle of Waterloo take place?
	In welk jaar werd de eerste volledige kaart van de wereldbol gemaakt?	In what year was the first complete map of the globe made?
	Hoe groot was de grootste pizza ooit in vierkante meter?	How big was the biggest pizza ever in square meters?
	Hoeveel uren duurde de historische Apollo 11-missie naar de maan?	How many hours did the historic Apollo 11 mission to the moon last?
	Hoeveel eitjes kan een koninginnenbij per dag leggen?	How many eggs can a queen bee lay a day?
	Hoeveel boeken bevat de protestantse Bijbel?	How many books does the Protestant Bible contain?
	Wat is de capaciteit van het Narendra Modi Stadium in India?	What is the capacity of Narendra Modi Stadium in India?
	Hoeveel liter water stroomt er gemiddeld per seconde over de Niagarawatervallen?	How many liters of water on average per second flows over the Niagara Falls?
GEEN	Hoeveel minuten duurt de film Avatar: The Way of Water?	
	Hoeveel kilogram weegt de Moai-beelden op Paaseiland gemiddeld?	How many kilograms does the Moai statues weigh on Easter Island on average?
	Welk percentage van het aardoppervlak bestaat uit oceanen en zeeën?	What percentage of the Earth's surface is oceans and seas?
GEEN	Hoeveel miljoen inwoners heeft Colombia?	
	Hoe lang was de langste kat ooit in centimeters?	How long was the longest cat ever in centimeters?
	Wat is de lengte van het Panamakanaal van de Atlantische naar de Stille Oceaan in km?	What is the length of the Panama Canal from the Atlantic to the Pacific in km?
GEEN	Hoeveel miljoen zakken koffie produceert Brazilië per jaar?	
	Hoeveel botten heeft een volwassen menselijke schedel volgens de gebruikelijke anatomische indeling?	How many bones does an adult human skull have according to the usual anatomical classification?
	Hoeveel centimeter breed is de Mona Lisa?	How many centimeters is the Mona Lisa?
	Hoeveel bloedgroepen kent het ABO-systeem?	How many blood types does the ABO system know?
GEEN	Hoeveel miljoen inwoners heeft Brazilië?	
	Hoeveel procent van Antarctica is met ijs bedekt?	What percent of Antarctica is covered in ice?
	Hoeveel procent van het Great Barrier Reef bestaat uit koraalriffen?	What percent of the Great Barrier Reef is made up of coral reefs?
	Hoeveel afleveringen telt de originele Britse serie The Office (inclusief specials)?	How many episodes does the original British series The Office (including specials) have?
	Hoeveel wervels telt de menselijke wervelkolom in totaal?	How many vertebrae does the human spine have in total?
	Hoe lang duurde de langste voetbalwedstrijd ooit in minuten?	How long did the longest football game ever last in minutes?
	Hoeveel afleveringen telt de serie Friends in totaal?	How many episodes does the series Friends total?
	Hoeveel afleveringen telt de serie Seinfeld?	How many episodes does the Seinfeld series have?
	Hoeveel procent van de wereldbevolking werkt direct of indirect in de landbouw?	How many percent of the world's population work directly or indirectly in agriculture?
	Hoeveel sonnetten schreef Shakespeare?	How many sonnets did Shakespeare write?
	Hoeveel vakken heeft een klassieke eierdoos meestal?	How many boxes does a classic egg box usually have?
GEEN	Hoeveel dagvlindersoorten komen voor in Nederland?	
	Hoeveel kilometer lang is het Baikalmeer ongeveer?	How many kilometres is Lake Baikal?
	Hoeveel dagen duurt de zwangerschap van een schaap?	How many days does a sheep's pregnancy last?
	Hoeveel boeken bevat The Chronicles of Narnia?	How many books does The Chronicles of Narnia contain?
	Hoeveel procent van de atmosfeer bestaat ongeveer uit zuurstof?	What percent of the atmosphere is about oxygen?
	In welk jaar werd de eerste trans-Atlantische vlucht voltooid?	In what year was the first transatlantic flight completed?
	Hoeveel procent van het aardoppervlak bestaat uit water en land samen?	How much of the earth's surface is water and land together?
	In welk jaar werd de eerste foto van een zwart gat gepubliceerd?	In what year was the first photo of a black hole published?
	Hoe lang duurde de langste plank ooit in minuten?	How long did the longest shelf ever last in minutes?
	Hoeveel biljoen bacteriën leven er naar schatting in en op het menselijk lichaam?	How many trillion bacteria live in and on the human body?
	Hoeveel meter hoog is One World Trade Center?	How many metres tall is One World Trade Center?
	Hoeveel dagen duurde de reis van de Mayflower naar Noord-Amerika?	How many days did the Mayflower travel to North America?
	Hoeveel letters heeft het Turkse alfabet?	How many letters does the Turkish alphabet have?
	In welk jaar vertrok de eerste commerciële passagiersvlucht?	What year did the first commercial passenger flight leave?
	Hoeveel liter water is volgens de gangbare berekening nodig om één kilogram rundvlees te produceren?	How many litres of water is required according to the usual calculation to produce one kilogram of beef?
	Hoeveel kilogram weegt een gemiddeld stenen blok van de Piramide van Cheops?	How many kilograms weigh an average stone block of the Pyramid of Cheops?
	Hoeveel seizoenen heeft The Sopranos?	How many seasons does The Sopranos have?
	Hoe lang is de langste levende vrouw in centimeters?	How long is the longest living woman in centimetres?
	In welk jaar begon de Franse Revolutie?	What year did the French Revolution begin?
GEEN	In welk jaar werd Facebook opgericht?	
	In welk jaar vond de kernramp in Tsjernobyl plaats?	What year did the Chernobyl nuclear disaster take place?
	Hoeveel electorale stemmen heeft Texas (2024)?	How many electoral votes does Texas (2024) have?
GEEN	In welk jaar werd Sony opgericht?	
	Hoeveel leden telt het Britse House of Commons?	How many members does the British House of Commons have?
GEEN	Hoeveel kilogram weegt een volwassen witte neushoorn?	
	Hoeveel Aardes passen er qua volume in de Zon?	How many Earths do the Sun fit in volume?
	Hoeveel zware stenen kalksteenblokken zijn er gebruikt om de Grote Piramide van Gizeh (Cheops) te bouwen?	How many heavy stone limestone blocks have been used to build the Great Pyramid of Giza (Cheops)?
GEEN	Hoeveel bekende manen heeft de planeet Jupiter officieel (stand 2026)?	
	Hoeveel liter soep bevatte de grootste kom soep ooit?	How many liters of soup did the biggest bowl of soup ever contain?
	Hoeveel pianoconcerten componeerde Mozart volgens de nummering voor solo piano en orkest?	How many piano concerts did Mozart compose according to the numbering for solo piano and orchestra?
	Hoeveel kilometer per uur waait wind bij windkracht 8 volgens de schaal van Beaufort?	How many kilometres per hour does wind blow at wind force 8 according to the scale of Beaufort?
	Hoeveel verdiepingen heeft Taipei 101?	How many floors does Taipei 101 have?
	Hoeveel afleveringen telt de Amerikaanse versie van The Office?	How many episodes does the American version of The Office have?
	Hoeveel delen bevat Don Quichot?	How many parts does Don Quixote contain?
GEEN	Hoeveel kilometer lang is de Elfstedentocht?	
	Hoeveel gram koffie gebruikt een standaard espresso van 25 ml?	How many grams of coffee does a standard 25 ml espresso use?
	Hoeveel boeken bevat de Harry Potter-hoofdserie?	How many books does the Harry Potter main series contain?
GEEN	Hoeveel landen telt Azië?	
	Hoeveel landen heeft Coca-Cola als afzetmarkt ongeveer?	How many countries have Coca-Cola as a market?
	Hoeveel pionnen bevat een klassieke Monopoly-set volgens de moderne standaarduitvoering?	How many pawns does a classic Monopoly set contain according to the modern standard version?
	Hoeveel millimeter per jaar verschuiven de aardplaten gemiddeld?	How many millimeters per year do the earthplates shift on average?
	Hoeveel verdiepingen heeft de Burj Khalifa?	How many floors does the Burj Khalifa have?
	Hoeveel kilometer lang is het Victoriameer ongeveer?	How many kilometres is Lake Victoria?
	Hoeveel vel papier zitten er in een standaard riem printpapier?	How many sheets of paper are in a standard belt printed paper?
	Hoeveel kilometer lang is de Grand Canyon ongeveer?	How many kilometres is the Grand Canyon about?
	Hoeveel meter lang is een officiële atletiekbaan op de binnenbaan?	How many meters long is an official track on the court?
	Hoeveel chromosomen telt een gezonde menselijke cel?	How many chromosomes does a healthy human cell have?
	Hoeveel duizend keer klopt een mensenhart per dag (bij rust)?	How many thousand times does a human heart beat a day (at rest)?
	Hoeveel landen telt de Schengenzone?	How many countries is the Schengen area?
	Hoeveel afzonderlijke riffen omvat het Great Barrier Reef ongeveer?	How many separate reefs does the Great Barrier Reef include?
	Hoeveel piercings had de persoon met de meeste piercings ooit?	How many piercings did the person with the most piercings ever have?
	Hoeveel films telt de originele Back to the Future-trilogie?	How many films does the original Back to the Future trilogy have?
GEEN	Hoeveel zetels telt het Australische Huis van Afgevaardigden?	
	Hoeveel megabytes zitten er volgens de binaire definitie in één gigabyte?	How many megabytes are in one gigabyte according to the binary definition?
	Hoeveel eilanden omvat het Great Barrier Reef Marine Park ongeveer?	How many islands does the Great Barrier Reef Marine Park comprise?
	In welk jaar werd de eerste vlucht rond de wereld voltooid?	In what year was the first flight around the world completed?
	In welk jaar werd de eerste reageerbuisbaby geboren?	What year was the first test tube baby born?
	In welk jaar werd de eerste barcode in een winkel gescand?	What year was the first barcode scanned in a store?
	Hoeveel hoofdeilanden heeft Japan?	How many main islands does Japan have?
	Hoeveel koppen had Cerberus, de mythologische hond die de onderwereld bewaakt?	How many heads did Cerberus have, the mythological dog guarding the underworld?
GEEN	Hoeveel leden telt het Amerikaanse Huis van Afgevaardigden?	
	Hoeveel marathons liep de persoon met het record voor de meeste marathons?	How many marathons did the person record for most marathons?
GEEN	In welk jaar werd Nigeria onafhankelijk?	
	Hoeveel straten, stations en nutsbedrijven kun je kopen op een klassiek Monopoly-bord?	How many streets, stations and utilities can you buy on a classic Monopoly board?
	Hoeveel kcal heeft een middelgroot ei?	How much kcal has a medium-sized egg?
GEEN	Hoeveel meter hoog is de Tokyo Tower?	
	In welk jaar werd de eerste röntgenfoto gemaakt?	What year was the first X-ray taken?
GEEN	Hoeveel meter hoog is Mount Kosciuszko, het hoogste punt van Australië?	
	Hoeveel treden heeft de Burj Khalifa in Dubai?	How many steps does the Burj Khalifa have in Dubai?
GEEN	Hoeveel eilanden telt het Great Barrier Reef?	
	In welk jaar werd de eerste Bitcoin-transactie uitgevoerd?	In what year was the first Bitcoin transaction executed?
	Hoeveel artikelen bevat de Nederlandse Grondwet?	How many articles does the Dutch Constitution contain?
	Hoeveel haren heeft een mens gemiddeld op zijn hoofd (afgerond)?	How many hairs does a man have on average on his head (rounded)?
	Hoeveel vierkante kilometer is Antarctica ongeveer groot?	How many square kilometres is Antarctica about large?
	Hoeveel ton weegt de Eiffeltoren in totaal?	How many tons does the Eiffel Tower weigh?
	Hoeveel landen grenzen aan de Dode Zee?	How many countries border the Dead Sea?
	Hoeveel is de som van de getallen 1 tot en met 100?	What is the sum of the numbers 1 to 100?
	Hoeveel protonen heeft een neutraal atoom van wolfraam?	How many protons has a neutral atom of tungsten?
	Hoeveel diagonalen heeft een regelmatige twintighoek?	How many diagonals has a regular 20-angle?
	Hoeveel stippen (inclusief de 4 grote power pellets) moet Pac-Man opeten om een level uit te spelen?	How many dots (including the 4 large power pellets) should Pac-Man eat to play a level?
GEEN	Hoeveel meter hoog is de Grote Piramide van Gizeh nu?	
	Hoeveel schepen telde de Spaanse Armada volgens de gebruikelijke telling?	How many ships did the Spanish Armada count according to the usual count?
	Hoeveel spelers staan er per team op het veld bij honkbal?	How many players per team are on the field at baseball?
	Hoeveel meter is de afstand van de Olympische mannen-hordensprint?	How many meters is the distance from the Olympic men's horden sprint?
	Hoeveel landen grenzen aan Zwitserland?	How many countries border on Switzerland?
	Hoeveel passagiers kan een Boeing 777-300ER maximaal vervoeren?	How many passengers can a Boeing 777-300ER carry?
	Hoeveel boeken bevat de Koran?	How many books does the Qur'an contain?
	Hoeveel facetten (geslepen vlakjes) heeft een standaard ronde briljant geslepen diamant?	How many facets (cut flats) has a standard round brilliant cut diamond?
	Hoeveel bogen heeft de Sydney Harbour Bridge?	How many arches does the Sydney Harbour Bridge have?
	Hoeveel kamers heeft de maag van een koe?	How many rooms does a cow's stomach have?
GEEN	Hoeveel kilometer lang is de Rijn?	
	Hoeveel kilometer per uur is de geluidssnelheid op zeeniveau afgerond?	How many kilometers per hour is the sound speed at sea level rounded?
GEEN	Hoeveel eilanden telt Fiji?	
GEEN	Hoeveel UNESCO-werelderfgoedlocaties heeft China (stand 2026)?	
	Hoeveel stations heeft de Londense Underground?	How many stations does the London Underground have?
	Hoeveel speelvelden heeft een standaard schaakbord?	How many playing fields does a standard chess board have?
	Hoeveel melktanden heeft een kind in een compleet melkgebit?	How many baby teeth does a child have in complete milk teeth?
	Hoeveel kilometer lang is de Golden Gate Bridge hoofdspanssegment?	How many kilometres long is the Golden Gate Bridge main tension segment?
	Hoeveel kilogram weegt de tong van een blauwe vinvis ongeveer?	How many kilograms does a blue whale's tongue weigh?
	Hoeveel piramides vormen het belangrijkste piramidecomplex van Gizeh?	How many pyramids form the main pyramid complex of Giza?
GEEN	Hoeveel kilometer breed is de Kalahariwoestijn ongeveer?	
	Hoeveel werelden verbindt de wereldboom Yggdrasil in de Noorse mythologie?	How many worlds does the world tree Yggdrasil connect in Norwegian mythology?
	In welk jaar eindigde de Tweede Wereldoorlog in Europa?	In what year did World War II end in Europe?
	In welk jaar werd de eerste succesvolle orgaantransplantatie uitgevoerd?	What year was the first successful organ transplant performed?
	In welk jaar werd de eerste bloedtransfusie met succes uitgevoerd?	What year was the first blood transfusion successfully performed?
	Hoeveel farao’s waren er volgens de traditionele telling tijdens de 18e dynastie van Egypte?	How many pharaohs were there according to the traditional count during the 18th dynasty of Egypt?
	In welk jaar werd de eerste stoomlocomotief gebouwd?	In what year was the first steam locomotive built?
NL?	Hoeveel schilderijen uit de serie Zonnebloemen maakte Van Gogh?	How many paintings from the series Sunflowers did Van Gogh make?
	Hoeveel dagen duurt de zwangerschap van een koe?	How many days does a cow's pregnancy take?
	In welk jaar werd de eerste laptop uitgebracht?	In what year was the first laptop released?
	Hoeveel jongleurs deden mee aan het grootste jongleerrecord?	How many jugglers participated in the biggest juggling record?
	Hoeveel jaar duurde de Honderdjarige Oorlog tussen Engeland en Frankrijk?	How many years did the Hundred Years War between England and France last?
	Hoeveel kamers heeft het hart van een kakkerlak?	How many rooms has the heart of a cockroach?
	In welk jaar viel het Inca-rijk aan de Spanjaarden onder Pizarro?	In what year did the Inca empire fall to the Spanish under Pizarro?
GEEN	Hoeveel kilometer per uur haalt de Shanghai Maglev?	
	In welk jaar werd de eerste computer-muis ontworpen?	In what year was the first computer mouse designed?
GEEN	Hoeveel meter breed zijn de Victoriawatervallen?	
	Hoeveel meter hoog is Taipei 101?	How many metres tall is Taipei 101?
	Hoeveel milliliter speeksel produceert een mens gemiddeld per dag?	How many milliliters of saliva does a human produce on average a day?
	Hoeveel meter onder zeeniveau ligt het diepste punt van de Noordzee ongeveer?	How many meters below sea level is the deepest point of the North Sea?
	Wat is de totale geschatte lengte van alle bloedvaten in een volwassen menselijk lichaam in kilometers?	What is the total estimated length of all blood vessels in an adult human body in kilometres?
GEEN	Hoeveel ton aluminium wordt wereldwijd jaarlijks geproduceerd?	
	Hoeveel kilogram koffiebonen wordt wereldwijd jaarlijks geproduceerd?	How many kilograms of coffee beans is produced worldwide?
	Hoeveel soldaten vochten tijdens de Slag bij Verdun ongeveer mee?	How many soldiers fought around during the Battle of Verdun?
	Hoeveel armen heeft de gewone vijfarmige zeester?	How many arms does the common five-armed starfish have?
	Hoeveel aardse dagen duurt een jaar op Venus ongeveer?	How many earthly days on Venus last about a year?
	Hoeveel letters had het oorspronkelijke Morsealfabet ongeveer?	How many letters did the original Morsealfabet have about?
	Hoe lang is de langste levende man in centimeters?	How long is the longest living man in centimeters?
GEEN	Hoeveel procent van de wilde leeuwen leeft in Sub-Sahara Afrika?	
	Hoeveel graden heeft een rechte hoek?	How many degrees does a right angle have?
	Hoeveel gebeden per dag schrijft de islamitische traditie voor?	How many prayers a day does the Islamic tradition prescribe?
	Hoeveel zuilen kent de islam?	How many columns does Islam know?
	Hoeveel wielen heeft een Airbus A380?	How many wheels does an Airbus A380 have?
GEEN	Hoeveel kilometer per uur haalt een cheetah op zijn snelst?	
	Hoeveel toetsen heeft een standaard piano?	How many keys does a standard piano have?
	Hoeveel landen grenzen aan de Middellandse Zee?	How many countries border the Mediterranean?
	Hoeveel maagcompartimenten heeft een schaap?	How many stomach compartments does a sheep have?
	In welk jaar werd de eerste commerciële cd uitgebracht?	In what year was the first commercial CD released?
	Hoeveel wielen heeft een Boeing 747 volgens de standaardconfiguratie?	How many wheels does a Boeing 747 have according to the standard configuration?
	Hoeveel kilometer breed is de Sahara van noord naar zuid ongeveer op het breedste punt?	How many kilometres wide is the Sahara from north to south about at the widest point?
	Hoeveel officiële gemeenten telde Nederland in 2024?	How many official municipalities were in the Netherlands in 2024?
	Hoeveel Titanen (eerste generatie goden) kent de Griekse mythologie doorgaans?	How many Titans (first generation gods) usually know Greek mythology?
	Wat is de hoogte van de Eiffeltoren in meters (met antenne)?	What is the height of the Eiffel Tower in meters (with antenna)?
	Hoeveel chromosomen bevat een menselijke eicel vóór de bevruchting?	How many chromosomes does a human egg contain before fertilization?
	Hoeveel toneelstukken bevatte de First Folio van Shakespeare?	How many plays did Shakespeare's First Folio contain?
	Wat is de hoogte van de Burj Khalifa in Dubai in meters?	What is the height of the Burj Khalifa in Dubai in meters?
	Hoeveel stappen telt El Castillo van Chichen Itza in totaal inclusief de top?	How many steps does El Castillo of Chichen Itza total including the top?
	Hoeveel boeken bevat de katholieke Bijbel?	How many books does the Catholic Bible contain?
	Hoeveel landen grenzen landinwaarts aan de Kaspische Zee?	How many countries border inland on the Caspian Sea?
GEEN	Hoeveel kilogram weegt een volwassen mannelijke rode reuzenkangoeroe maximaal?	
	In welk jaar maakte het eerste gemotoriseerde vliegtuig een succesvolle vlucht?	In what year did the first motorized plane make a successful flight?
	In welk jaar werd NVIDIA opgericht?	In what year was NVIDIA established?
	In welk jaar werd Antarctica voor het eerst waargenomen door een expeditie?	In what year was Antarctica first observed by an expedition?
GEEN	In welk jaar werd de Eerste Franse Republiek uitgeroepen?	
	Hoeveel letters heeft het Arabische alfabet?	How many letters does the Arab alphabet have?
	Hoeveel verdiepingen heeft de Q1 Tower in Gold Coast (tallest in Australië)?	How many floors does the Q1 Tower in Gold Coast (tallest in Australia) have?
	Hoeveel letters heeft het Russische alfabet?	How many letters does the Russian alphabet have?
GEEN	Hoeveel kilometer lang is de Zambezi?	
GEEN	Hoeveel kilometer lang is de Niger?	
	Hoeveel miljard LEGO-steentjes zijn er sinds 1958 wereldwijd in totaal geproduceerd?	How many billion LEGO bricks have been produced worldwide since 1958?
	Hoeveel spelers staan er per team op het veld bij handbal?	How many players per team are on the field at handball?
	Hoeveel meter is één internationale zeemijl exact?	How many meters is one international nautical mile exactly?
	Hoeveel meter hoog is het Vrijheidsbeeld inclusief voetstuk?	How many meters high is the Statue of Liberty including pedestal?
	In welk jaar eindigde de Tweede Wereldoorlog in Azië met de capitulatie van Japan?	In what year did World War II in Asia end with the capitulation of Japan?
	Hoeveel meter lang is de Akashi Kaikyōbrug in Japan?	How many meters long is the Akashi Kaikyō Bridge in Japan?
GEEN	In welk jaar eindigde de Eerste Wereldoorlog?	
	In welk jaar werd het World Wide Web publiek vrijgegeven?	In what year was the World Wide Web released?
	Hoeveel landen liggen er aan de Middellandse Zee (Noord-Afrika + Europa + Azië)?	How many countries are on the Mediterranean (North Africa + Europe + Asia)?
	Hoeveel soorten worden volgens de gangbare schatting met uitsterven bedreigd?	How many species are threatened with extinction according to the usual estimate?
	Hoeveel ton koper wordt wereldwijd jaarlijks geproduceerd?	How many tons of copper is produced worldwide?
	Hoeveel mensen dienden in totaal in het Amerikaanse leger tijdens de Tweede Wereldoorlog?	How many people served in the U.S. Army during World War II?
	Op hoeveel kilometer hoogte boven de aarde draait het ISS gemiddeld?	How many kilometres above Earth does the ISS spin on average?
	Hoeveel spieren zitten er in de slurf van een olifant?	How many muscles are in an elephant's trunk?
	Hoeveel dagen telt een schrikkeljaar?	How many days does a leap year have?
	Hoeveel oorspronkelijke meetpunten van de Struve-geodetische boog zijn als UNESCO-onderdeel opgenomen?	How many original measuring points of the Struve-geodetic arc are included as a UNESCO component?
GEEN	Hoeveel zetels telt het Zuid-Afrikaanse parlement (National Assembly)?	
GEEN	Hoeveel centimeter hoog wordt een volwassen emoe?	
GEEN	Hoeveel piramides telt Egypte ongeveer?	
GEEN	Hoeveel landen telt Europa?	
	Hoeveel jaar duurde de bouw van de Hagia Sophia?	How many years did the construction of the Hagia Sophia take?
	Hoeveel chromosomenparen heeft een mens?	How many chromosome pairs does a human have?
GEEN	Hoeveel bekende manen heeft Jupiter (stand 2026)?	
	Hoeveel kilogram aluminium zit er ongeveer in een gemiddelde auto?	How many kilograms of aluminium is there in an average car?
	Hoeveel sterren staan er op de Amerikaanse vlag?	How many stars are on the American flag?
	Hoeveel kamers heeft het hart van een krokodil?	How many rooms has the heart of a crocodile?
	In welk jaar werd het eerste succesvolle vaccin ontwikkeld?	In what year was the first successful vaccine developed?
	Hoeveel landen grenzen aan China?	How many countries border China?
	In welk jaar werd Colombia onafhankelijk van Spanje?	In what year did Colombia become independent of Spain?
	Hoeveel centimeter hoog is Michelangelo’s David?	How many centimeters tall is Michelangelo picnic David?
	Hoeveel zuilen heeft het Parthenon aan de lange zijde?	How many columns does the Parthenon have on the long side?
GEEN	Hoeveel nationale parken telt Australië ongeveer?	
	Hoeveel jaar duurde de regering van Elizabeth II?	How many years did the government of Elizabeth II last?
	Hoeveel jaar duurde de bouw van de Taj Mahal?	How many years did the construction of the Taj Mahal take?
	Hoeveel meter diep is het Tanganyikameer op het diepste punt ongeveer?	How many meters deep is Lake Tanganyika at the deepest point about?
GEEN	Hoeveel kilogram weegt een volwassen nijlpaard?	
	Hoeveel lijnen heeft de metro van Rotterdam?	How many lines does Rotterdam Metro have?
	Hoeveel Spartanen verdedigden Thermopylae volgens de bekende historische overlevering?	How many Spartans defended Thermopylae according to the well-known historical tradition?
	Hoeveel meter breed mag een internationaal voetbalveld maximaal zijn?	How many meters wide can an international football field be?
	Hoeveel traptreden beklim je naar de 86e verdieping van het Empire State Building?	How many steps do you climb to the 86th floor of the Empire State Building?
	In welk jaar werd de eerste moderne volkstelling gehouden?	In what year was the first modern census held?
	Hoeveel LEGO-steentjes worden er wereldwijd per seconde gemaakt?	How many LEGO bricks are made worldwide per second?
	In welk jaar werd de Magna Carta bezegeld?	What year was the Magna Carta sealed?
	Welk percentage van het mariene afval bestaat volgens UNEP minstens uit plastic?	What percentage of marine waste is at least plastic according to UNEP?
	Hoeveel grondstoffenkaarten zitten er in het basisspel van Catan?	How many commodity cards are in Catan's base game?
	Hoeveel procent van het wereldwijde waterverbruik gaat naar landbouw?	How much of the global water consumption goes to agriculture?
GEEN	Wat is de lengte van de rivier de Nijl in kilometers?	
	In welk jaar werd de Mount Everest voor het eerst succesvol beklommen?	In what year was the Mount Everest successfully climbed for the first time?
	Hoe hoog was de hoogste zandsculptuur ooit in meters?	How high was the highest sand sculpture ever in metres?
	Wat is de hoogte van het Vrijheidsbeeld in New York inclusief sokkel in meters?	What is the height of the Statue of Liberty in New York including a base in metres?
	Hoeveel kilometer lang is de Andes ongeveer?	How many kilometres long is the Andes about?
	Hoeveel parachutisten werden tijdens D-Day achter de Duitse linies gedropt?	How many paratroopers were dropped behind German lines during D-Day?
	Hoeveel graden Celsius kan een bliksemschicht bereiken?	How many degrees Celsius can a lightning bolt reach?
GEEN	Hoeveel duizend beeldpunten telt een Full HD-scherm?	
	Hoeveel meter hoog is de CN Tower?	How many metres high is the CN Tower?
	In welk jaar viel het Azteekse rijk aan de Spanjaarden onder Cortés?	In what year did the Aztec empire fall to the Spanish under Cortés?
GEEN	Hoeveel miljoen inwoners heeft Mexico?	
	Hoeveel keer per minuut klopt het hart van een kolibrie tijdens het vliegen maximaal?	How many times a minute does a hummingbird's heart beat while flying?
GEEN	Hoeveel soldaten namen deel aan de landing in Normandië op D-Day?	
GEEN	Hoeveel kilometer staaldraad zit er in beide hoofdkabels van de Golden Gate Bridge samen?	
GEEN	Hoeveel velden telt een Engels dambord van 8 bij 8?	
	Hoeveel mensen stierven bij de uitbarsting van de Vesuvius in Pompeï volgens een veelgebruikte schatting?	How many people died at the eruption of the Vesuvius in Pompeii according to a common estimate?
	Hoeveel meter hoog is het Empire State Building inclusief antenne?	How many meters high is the Empire State Building including antenna?
	Hoeveel snaren heeft een standaard elektrische gitaar?	How many strings does a standard electric guitar have?
	Hoeveel kg afval produceert een Nederlander gemiddeld per jaar?	How many kg of waste does a Dutchman produce on average per year?
	Hoeveel miljoen nieuwe personenauto’s worden er wereldwijd per jaar geproduceerd?	How many million new passenger cars are produced worldwide?
	Hoeveel genummerde scorevakken heeft een dartbord?	How many numbered scoreboxes does a dart board have?
GEEN	Hoeveel soorten telt de kangoeroefamilie (Macropodidae)?	
	Hoeveel torens heeft de Notre-Dame van Parijs aan de voorzijde?	How many towers does the Notre-Dame of Paris have in front?
	Hoeveel gekleurde vierkantjes telt een standaard Rubik's kubus aan de buitenkant?	How many colored squares does a standard Rubik's cube have on the outside?
	Hoeveel graden is elke binnenhoek van een regelmatige vijfhoek?	How many degrees is each inner angle of a regular pentagon?
	Hoeveel meter hoog is de Eiffeltoren met antenne?	How many meters high is the Eiffel Tower with antenna?
	Hoeveel procent van het voedsel dat wereldwijd wordt geproduceerd gaat verloren of wordt verspild?	How much of the food produced worldwide is lost or wasted?
	Hoeveel elektronen heeft een natriumion, Na⁺?	How many electrons does a sodium ion have, Na+?
	Hoeveel torens heeft de Tower Bridge in Londen?	How many towers does the Tower Bridge have in London?
	In welk jaar werd de eerste sms verstuurd?	What year was the first text sent?
	In welk jaar had Zuid-Afrika zijn eerste vrije verkiezingen na de apartheid?	In what year did South Africa have its first free elections after apartheid?
GEEN	Hoeveel meter sprintt een schaatser op de kortebaan-afstand?	
	Hoeveel meter hoog is de Petronas Twin Tower?	How many metres high is the Petronas Twin Tower?
	Hoeveel staten liggen er op het Noord-Amerikaanse vasteland van de VS (exclusief Alaska en Hawaii)?	How many states are on the North American mainland of the US (excluding Alaska and Hawaii)?
	Hoeveel meter diep ligt de fundering van de Burj Khalifa ongeveer?	How many meters deep is the foundation of the Burj Khalifa about?
	Hoe oud werd de oudste hond volgens Guinness World Records in jaren?	How old did the oldest dog become according to Guinness World Records in years?
	In welk jaar werd de eerste drukpers met losse letters in Europa gebruikt?	In what year was the first printing press with loose letters used in Europe?
	Hoeveel schepen telde de vloot waarmee Willem de Veroveraar Engeland binnenviel?	How many ships did the fleet with which William the Conqueror invaded England count?
GEEN	Hoeveel zijvlakken heeft een icosaeder?	
	Hoeveel badkamers heeft het Witte Huis?	How many bathrooms does the White House have?
	Hoeveel procent cacao heeft standaard pure chocolade?	How much cocoa has standard pure chocolate?
	In welk jaar reed de eerste auto met een verbrandingsmotor?	What year did the first car drive a combustion engine?
	In welk jaar werd de eerste commerciële harde schijf geïntroduceerd?	In what year was the first commercial hard drive introduced?
	In welk jaar vond de kernramp in Fukushima plaats?	What year did the Fukushima nuclear disaster take place?
	Hoeveel vleugels heeft een bij?	How many wings does a bee have?
	In welk jaar bracht Apple de eerste iPhone uit?	What year did Apple release the first iPhone?
	Hoeveel spelers staan er tegelijk op het veld bij basketbal?	How many players are on the basketball field at the same time?
	Hoeveel kilometer lang was de historische Zijderoute ongeveer?	How many kilometres long was the historic Silk Road about?
	Hoeveel kilometer legt de Noordse stern jaarlijks trekafstand af?	How many kilometers does the Nordic tern travel annually?
	Hoeveel ton bommen werd tijdens de Blitz op Londen afgeworpen?	How many tons of bombs were thrown to London during the Blitz?
	Hoeveel punten is een maximale dartscore met drie pijlen?	How many points is a maximum dart score with three arrows?
GEEN	Hoeveel kilogram weegt een volwassen mannelijke jaguar?	
	Hoeveel dagen doet de planeet Mars erover om rond de zon te draaien?	How many days does the planet Mars take to orbit the sun?
GEEN	In welk jaar werd Peru onafhankelijk van Spanje?	
GEEN	Hoeveel kilometer lang is de Murray?	
	In welk jaar werd de eerste website online gezet?	In what year was the first website posted online?
	Hoeveel dialogen van Plato zijn traditioneel bewaard gebleven?	How many of Plato's dialogues have traditionally been preserved?
	In welk jaar voer de eerste nucleaire onderzeeër uit?	What year is the first nuclear submarine operating?
	Hoeveel liter bloed pompt een mensenhart gemiddeld per dag rond?	How many liters of blood does a human heart pump around on average a day?
GEEN	Hoeveel talen erkent India als officiële taal?	
	Hoeveel soldaten vochten tijdens de Slag om Gettysburg ongeveer mee?	How many soldiers fought around during the Battle of Gettysburg?
GEEN	Hoeveel uren zitten er in een standaard kalenderjaar?	
	Hoeveel meter lang is een Airbus A380 ongeveer?	How many meters long is an Airbus A380 about?
	Hoeveel meter lang mag een internationaal voetbalveld maximaal zijn?	How many meters long can an international football field be?
	Hoe hoog is de Euromast in Rotterdam?	How high is the Euromast in Rotterdam?
	Hoeveel groepen heeft het moderne periodiek systeem?	How many groups does the modern periodic table have?
	Hoe lang was de langste hotdog ooit in meters?	How long was the longest hot dog ever in meters?
GEEN	Hoeveel meter hoog zijn de Victoriawatervallen?	
GEEN	Hoeveel kilometer van de Kanaaltunnel ligt onder zee?	
GEEN	Hoeveel procent van de wereldcacao komt uit West-Afrika?	
	Hoeveel procent van het landoppervlak van de aarde is bedekt met bos?	How many percent of the Earth's land surface is covered in forest?
	Hoeveel landen liggen aan het Meer van Genève?	How many countries are at Lake Geneva?
	Hoeveel verdiepingen heeft de Gran Torre Santiago in Chili (tallest in Latijns-Amerika)?	How many floors has the Gran Torre Santiago in Chile (tallest in Latin America)?
	Hoeveel meter diep is het Victoriameer op het diepste punt ongeveer?	How many meters deep is Lake Victoria at the deepest point about?
	Hoeveel procent bedraagt het standaard-btw-tarief in België?	What percentage is the standard VAT rate in Belgium?
	Hoeveel officiële talen heeft Zwitserland?	How many official languages does Switzerland have?
GEEN	Hoeveel duizend kilometer lang is de Australische kustlijn?	
	Hoe zwaar was de zwaarste hamburger ooit in kilogram?	How heavy was the toughest hamburger ever in kilograms?
GEEN	Hoeveel kilogram weegt een volwassen giraffe?	
	Hoeveel meter hoog is de Euromast vanaf de grond tot de top van de Space Tower?	How many meters high is the Euromast from the ground to the top of the Space Tower?
GEEN	Hoeveel procent van de wereldkoffie komt uit Brazilië?	
	Hoeveel kilogram voedsel (bladeren, gras, takken) eet een volwassen Afrikaanse olifant per dag?	How many kilograms of food (leaves, grass, branches) eats an adult African elephant a day?
	Hoeveel liter water kan een kameel in één keer drinken?	How many liters of water can a camel drink at once?
	Hoeveel procent van het Amazonebekken ligt ongeveer in Brazilië?	How much of the Amazon basin is in Brazil?
	Hoeveel schepen ondersteunden de geallieerde landing in Normandië?	How many ships did the Allied landing support in Normandy?
GEEN	Hoeveel kilogram weegt een volwassen mannetjesolifant in Afrika?	
GEEN	Hoeveel eilanden telt Papoea-Nieuw-Guinea ongeveer?	
	Hoeveel seizoenen heeft de serie Friends?	How many seasons does the series Friends have?
	Hoeveel zetels telt de Nieuw-Zeelandse Kamer van Afgevaardigden?	How many seats does the New Zealand Chamber of Representatives have?
	In welk jaar werd de eerste universiteit ter wereld gesticht volgens de traditionele telling?	In what year was the first university in the world founded according to the traditional census?
	Hoeveel meter hoog is Angel Falls ongeveer?	How many metres tall is Angel Falls about?
GEEN	Hoeveel duizend inwoners heeft Amsterdam?	
	Hoeveel passagiers kan een Airbus A380 maximaal vervoeren?	How many passengers can an Airbus A380 carry?
	Hoeveel vleugelslagen per seconde kan een kolibrie in volle vlucht maken?	How many wing strokes per second can a hummingbird make in full flight?
	Wat is de lengte van het Suezkanaal in Egypte in kilometers?	What is the length of the Suez Canal in Egypt in kilometres?
	Hoeveel spelers staan er tegelijk op het veld bij een honkbalwedstrijd?	How many players are on the field at the same time at a baseball game?
GEEN	Wat is de diameter van de Maan in kilometers?	
	Hoeveel hotels heeft Hilton wereldwijd ongeveer?	How many hotels does Hilton have worldwide?
	Hoeveel dagen duurde de Slag bij Verdun?	How many days did the Battle of Verdun last?
	Hoeveel aardse uren duurt één volledige draai van Mars ongeveer?	How many Earth hours does one full turn of Mars take about?
	In welk jaar werd de eerste camera uitgevonden?	What year was the first camera invented?
GEEN	In welk jaar werd Zuid-Afrika officieel anti-apartheid democratie met Mandela als president?	
	Op welke hoogte ligt het Titicacameer ongeveer boven zeeniveau?	At what altitude is Lake Titicaca about above sea level?
	In welk jaar werd de eerste digitale camera ontwikkeld?	In what year was the first digital camera developed?
	Hoeveel letters telt ons Latijnse alfabet?	How many letters does our Latin alphabet have?
GEEN	In welk jaar werd de Volksrepubliek China gesticht?	
	Hoeveel stappen per dag is de vaak geciteerde streefwaarde?	How many steps per day is the often quoted target?
	Hoeveel soldaten namen aan beide kanten samen deel aan de Slag bij Waterloo?	How many soldiers together participated in the Battle of Waterloo on both sides?
GEEN	Hoeveel ton staal werd wereldwijd geproduceerd in 2023?	
	Hoeveel kilometer lang is de kustlijn van de Middellandse Zee ongeveer?	How many kilometres long is the coastline of the Mediterranean?
	Hoeveel dorpen krijgt iedere speler bij de start van Catan?	How many villages will each player get at the start of Catan?
	Hoeveel liter melk geeft een gemiddelde Nederlandse koe per jaar?	How many litres of milk does an average Dutch cow give a year?
GEEN	Hoeveel kolibriesoorten komen voor in de Verenigde Staten?	
	Hoe klein was het kleinste paard ooit in centimeters?	How small was the smallest horse ever in centimeters?
GEEN	Hoeveel meter hoog is kasteel Neuschwanstein?	
	Hoeveel duizend zoekopdrachten verwerkt Google wereldwijd per seconde?	How many thousand searches does Google process worldwide per second?
GEEN	Hoeveel procent van Australië is woestijn of droog gebied?	
	Welk percentage van het aardoppervlak bestaat uit land?	What percentage of the earth's surface is land?
GEEN	Hoeveel miljoen inwoners heeft Peru?	
	Hoeveel wielen heeft een tuk-tuk meestal?	How many wheels does a tuk-tuk usually have?
	Hoeveel componenten telt het UNESCO-deel van de Neder-Germaanse Limes?	How many components does the UNESCO part of the Lower German Limes have?
	Hoeveel Grammy-nominaties had Beyoncé volgens de Grammy’s vóór de uitreiking van 2025?	How many Grammy nominations did Beyoncé have, according to the Grammys, before the award of 2025?
GEEN	Hoeveel landen zijn lid van de CELAC?	
	Hoeveel landen grenzen aan het Victoriameer?	How many countries border Lake Victoria?
	Hoeveel officiële UNESCO-werelderfgoedlocaties heeft Italië volgens de UNESCO-werelderfgoedlijst?	How many official UNESCO World Heritage Sites does Italy have according to the UNESCO World Heritage List?
	Hoeveel graden Celsius is het smeltpunt van aluminium ongeveer?	How many degrees Celsius is the melting point of aluminium about?
	Hoeveel zetels telt het Europees Parlement (2024-2029)?	How many seats does the European Parliament have (2024-2029)?
	Hoeveel soeras telt de Koran?	How many suras does the Koran have?
	Hoeveel stappen telt de Mayapyramide El Castillo per zijde?	How many steps does the Mayapyramid El Castillo have per side?
	Hoeveel nummers bevatte het album Un Verano Sin Ti van Bad Bunny?	How many songs did the album contain Un Verano Sin Ti from Bad Bunny?
	Hoeveel staten telt de Verenigde Staten?	How many states does the United States have?
	Wat is het atoomnummer van ijzer?	What is the atomic number of iron?
GEEN	Hoeveel vogelsoorten telt het Amazonegebied?	
	Hoeveel leden telt het Britse Lagerhuis?	How many members do the House of Commons have?
	Hoeveel botten zitten er in één menselijke voet en enkel?	How many bones are in one human foot and ankle?
	Hoeveel ontwikkelingskaarten zitten er in het basisspel van Catan?	How many development cards are in Catan's basic game?
GEEN	Hoeveel tanden heeft een volwassen witte haai in de voorste rij van de bovenkaak?	
GEEN	In welk jaar werd Toyota opgericht als automerk?	
	In welk jaar werd de Berlijnse Muur gebouwd?	In what year was the Berlin Wall built?
	In welk jaar werd de eerste internationale telefonische verbinding gemaakt?	In what year was the first international telephone connection made?
	Hoe diep is de Grand Canyon op het diepste punt ongeveer?	How deep is the Grand Canyon at the deepest point about?
GEEN	Hoeveel kilogram weegt een volwassen wombat?	
GEEN	Hoeveel boeken bevat de gepubliceerde hoofdserie A Song of Ice and Fire (stand 2026)?	
	Hoeveel smaakpapillen heeft een menselijke tong ongeveer?	How many taste buds does a human tongue have about?
	Hoeveel bijen leven er in een sterk bijenvolk in de zomer?	How many bees live in a strong bee population in the summer?
GEEN	Hoeveel winkels heeft Aldi wereldwijd ongeveer?	
	Hoeveel beelden staan er op de top van de Brandenburger Tor?	How many images are on top of the Brandenburg Gate?
	Hoeveel kilometer lang is het Himalayagebergte ongeveer?	How many kilometers is the Himalayas?
GEEN	Hoeveel bezoekers ontving het Louvre in 2023?	
	Wat is de snelheid van het licht in vacuüm in kilometer per seconde?	What is the speed of light in vacuum in kilometers per second?
	Hoeveel vierkante kilometer is de Sahara ongeveer groot?	How many square kilometres is the Sahara about large?
	In welk jaar werd de eerste mens in de ruimte gelanceerd?	In what year was the first man launched into space?
	In welk jaar werd de eerste Nobelprijs uitgereikt?	In what year was the first Nobel Prize awarded?
GEEN	Hoeveel procent van de Nederlanders fietst dagelijks?	
	Hoeveel jaar duurde de bouw van de Dom van Keulen?	How many years did the construction of the Cologne Cathedral take?
	Hoeveel Oscar nominaties kreeg La La Land?	How many Oscar nominations did La La Land get?
GEEN	Wat is de officiële hoogte van de Mount Everest in meters?	
	Hoeveel klinknagels zaten er naar schatting in de romp van de Titanic?	How many rivets were estimated in the Titanic hull?
	Wat is de snelheid van het licht in vacuüm ongeveer?	What is the speed of light in vacuum about?
	Hoeveel landen grenzen aan Brazilië?	How many countries border on Brazil?
	Hoeveel kilometer elektrische bekabeling zit er aan boord van het ISS?	How many kilometers of electrical wiring is there on board the ISS?
	Hoeveel verdiepingen heeft de Eureka Tower in Melbourne?	How many floors does the Eureka Tower have in Melbourne?
	Hoeveel miljoen passagiers verwerkt Atlanta Airport (Hartsfield-Jackson, de drukste luchthaven ter wereld) per jaar?	How many million passengers handles Atlanta Airport (Hartsfield-Jackson, the busiest airport in the world) a year?
	Hoeveel verdiepingen heeft het Empire State Building?	How many floors does the Empire State Building have?
	Hoeveel halve tonen bevat een octaaf?	How many half tones does an octave contain?
	Hoeveel speelminuten duurt een officiële voetbalwedstrijd zonder verlenging?	How many minutes to play is an official football game without extension?
	Hoeveel poten hebben volwassen kreeftachtigen van de orde Decapoda volgens de naam?	How many legs have adult crustaceans of the order Decapoda by the name?
	Hoeveel etsen worden aan Rembrandt toegeschreven in de catalogus van het Rijksmuseum?	How many etchings are attributed to Rembrandt in the catalogue of the Rijksmuseum?
	Hoeveel ton goud wordt wereldwijd jaarlijks gewonnen?	How many tons of gold is won worldwide?
GEEN	Hoeveel kilometer lang is het metronet van Rotterdam?	
	Hoeveel atomen bevat één molecuul water?	How many atoms does one molecule contain water?
	Hoeveel biljoen dollar is de jaarlijkse wereldhandel in goederen ongeveer?	How much trillion dollars is the annual world trade in goods about?
	In welk jaar werd de eerste Nintendo Game Boy uitgebracht?	In what year was the first Nintendo Game Boy released?
	Hoeveel tijdzones overspant Rusland over zijn gehele grondgebied?	How many time zones does Russia span its entire territory?
	Hoeveel ridders namen volgens de traditionele telling deel aan de Slag bij Hastings?	According to the traditional count, how many knights participated in the Battle of Hastings?
GEEN	Hoeveel ton weegt een volwassen blauwe vinvis?	
NL?	Hoeveel keer won Frankrijk de Tour de France bij de mannen tot 2024?	How many times did France win the Tour de France in the men until 2024?
	Hoeveel dagen duurt de zwangerschap van een varken?	How many days does a pig's pregnancy take?
	Hoeveel hoofdstukken bevat The Hobbit?	How many chapters does The Hobbit contain?
	Hoeveel kilo weegt een koningspinguin?	How many kilograms does a king penguin weigh?
GEEN	Hoeveel bekende manen heeft Saturnus officieel (stand 2026)?	
	Hoeveel dagen duurt de draagtijd van een olifant ongeveer?	How many days does the carrying time of an elephant last about?
	Hoeveel landen zijn lid van de Afrikaanse Unie (2024)?	How many countries are members of the African Union (2024)?
	Hoeveel astronauten hebben er in de geschiedenis op de maan gelopen?	How many astronauts have walked on the moon in history?
GEEN	Hoe zwaar was de grootste chocoladereep ooit in kilogram?	
	Hoeveel vleugels heeft een kever?	How many wings does a beetle have?
	Hoeveel kilogram weegt de Great Bell, de grote klok van Big Ben?	How many kilograms does the Great Bell, Big Ben's big clock weigh?
	In welk jaar landde de eerste ruimtesonde op Mars?	What year did the first space probe land on Mars?
	In welk jaar landde Apollo 11 op de maan?	What year did Apollo 11 land on the moon?
	Hoeveel landen delen het eiland Timor?	How many countries share the island of Timor?
GEEN	Hoeveel meter hoog is de Taj Mahal?	
	Hoeveel boeken bevat het Nieuwe Testament bij de protestante telling?	How many books does the New Testament contain at the Protestant have?
	In welk jaar werd de eerste ruimtestationmodule gelanceerd?	In what year was the first space station module launched?
	Hoeveel meter hoog is de Domtoren in Utrecht?	How many meters high is the Dom Tower in Utrecht?
GEEN	Hoeveel meter diep is de Grand Canyon op het diepste punt?	
	In welk jaar zette de eerste mens voet op de maan?	In what year did the first man set foot on the moon?
	Wat is de diepte van het diepste zoetwatermeer ter wereld (Baikalmeer in Rusland) in meters?	What is the depth of the deepest freshwater lake in the world (Baikal Lake in Russia) in meters?
	In welk jaar bereikte Christoffel Columbus volgens de traditionele Europese geschiedschrijving Amerika?	In what year did Christopher Columbus reach America according to the traditional European historiography?
	Hoeveel dagen duurt de zwangerschap van een geit?	How many days does a goat's pregnancy take?
GEEN	Hoeveel ton cement wordt wereldwijd jaarlijks geproduceerd?	
GEEN	Hoeveel ton plastic afval produceert de mensheid jaarlijks volgens UNEP ongeveer?	
	Hoeveel avatars heeft Vishnu volgens de Hindoe traditie?	How many avatars does Vishnu have according to Hindu tradition?
	Hoeveel tanden heeft een volwassen mens normaal?	How many teeth does a grown man have normal?
	Hoeveel landen hadden de euro als officiële munt bij de introductie van contant eurogeld?	How many countries had the euro as their official currency when it was introduced?
NL?	Hoeveel verdiepingen heeft De Rotterdam van architect Rem Koolhaas?	How many floors does De Rotterdam have by architect Rem Koolhaas?
	Hoeveel staten telt Mexico?	How many states does Mexico have?
	Hoeveel centrale Bijbelse scènes staan op het plafond van de Sixtijnse Kapel?	How many central biblical scenes are on the ceiling of the Sistine Chapel?
	Hoeveel keer werd de FIFA World Cup georganiseerd tot en met 2022?	How many times was the FIFA World Cup organized until 2022?
	Hoeveel meter kan een blauwe vinvis ongeveer lang worden?	How many meters can a blue whale grow about long?
	Hoeveel snaren heeft een standaard viool?	How many strings does a standard violin have?
	Hoeveel graden is elke binnenhoek van een regelmatige zeshoek?	How many degrees is each inner angle of a regular hexagon?
	Hoeveel verdiepingen heeft One World Trade Center?	How many floors does One World Trade Center have?
	Hoeveel zijden heeft een octagoon?	How many sides does an octagon have?
	Hoeveel koloniën kwamen in 1776 in opstand tegen Groot-Brittannië?	How many colonies rebelled against Britain in 1776?
	Hoeveel leden heeft de Nederlandse Tweede Kamer?	How many members has the Dutch Lower House?
GEEN	Hoeveel miljoen inwoners heeft Argentinië?	
	Hoeveel satellieten lanceerde India in één enkele raket als record (2017)?	How many satellites did India launch as record in a single rocket (2017)?
	Hoeveel spelers staan er tegelijk op het veld bij voetbal?	How many players are on the field at the same time at football?
	Hoeveel tanden heeft een volwassen huiskat?	How many teeth does a grown house cat have?
	Hoeveel duizend inwoners heeft Luxemburg?	How many thousand inhabitants does Luxembourg have?
	Hoeveel kilometer lang is het Tanganyikameer ongeveer?	How long is Lake Tanganyika about?
	Hoeveel decibel veroorzaakt een gemiddeld gesprek op normale toon?	How much decibel causes an average call in a normal tone?
	Hoeveel nationale talen heeft Zuid-Afrika volgens de grondwet?	How many national languages does South Africa have according to the constitution?
	Hoeveel landen grenzen aan China (vasteland excl. zee)?	How many countries bordering China (mainland excluding sea)?
	In welk jaar werd Microsoft opgericht?	What year was Microsoft founded?
GEEN	In welk jaar viel de Berlijnse Muur?	
	In welk jaar lanceerde Japan de Shinkansen hogesnelheidstrein?	In what year did Japan launch the Shinkansen high-speed train?
	Hoeveel leden heeft de G7?	How many members does the G7 have?
	In welk jaar werd de eerste kunstmatige satelliet gelanceerd?	What year was the first artificial satellite launched?
	In welk jaar werd de eerste computer met een microprocessor ontwikkeld?	In what year was the first computer developed with a microprocessor?
	Hoeveel landen grenzen aan Rusland (vasteland excl. overzeese)?	How many countries border on Russia (mainland excluding overseas)?
	In welk jaar werd Ghana als eerste Afrikaanse kolonie onafhankelijk?	In what year did Ghana become the first African colony to become independent?
	Hoeveel tramlijnen heeft Amsterdam?	How many tram lines does Amsterdam have?
	Hoeveel gram koolhydraten bevat een Amerikaanse McDonald’s cheeseburger?	How many grams of carbs does an American McDonald's cheeseburger contain?
	Hoeveel jaar duurde de apartheid in Zuid-Afrika (1948-1994)?	How many years did apartheid last in South Africa (1948-1994)?
GEEN	Hoeveel Afrikaanse landen produceren koffie?	
	Hoeveel officiële ringen heeft Uranus?	How many official rings does Uranus have?
	Uit hoeveel afzonderlijke onderdelen bestaat de UNESCO-site van Le Corbusier?	How many separate parts is the UNESCO site of Le Corbusier?
	Hoeveel landen telt Zuid-Amerika?	How many countries does South America have?
	Hoeveel departementen telt Peru?	How many departments does Peru have?
	Wat is een perfecte score bij tienpinsbowling?	What's a perfect score at tenpinsbowling?
	Hoeveel minuten officiële speeltijd heeft een basketbalwedstrijd volgens de NBA-regels?	How many minutes of official playing time does a basketball game have according to NBA rules?
	Hoeveel Algemeen Fonds-kaarten bevat een klassiek Monopoly-spel?	How many General Fund cards does a classic Monopoly game contain?
	Hoeveel miljard hartslagen maakt een mensenhart in een gemiddeld leven van 80 jaar?	How many billion heartbeats does a human heart make in an average life of 80 years?
NL?	Hoeveel schilderijen worden aan Vincent van Gogh toegeschreven volgens de telling van het Van Gogh Museum?	How many paintings are attributed to Vincent van Gogh according to the count of the Van Gogh Museum?
	Hoeveel bogen heeft de Romeinse brug Pont du Gard in de onderste booglaag?	How many arches has the Roman bridge Pont du Gard in the lower arch?
GEEN	Hoeveel miljoen kilometer is de gemiddelde afstand van de aarde tot de zon?	
	In welk jaar reed de eerste hogesnelheidstrein in commerciële dienst?	In what year was the first high-speed train in commercial service?
	Hoeveel paar chromosomen heeft een kat?	How many pairs of chromosomes does a cat have?
	In welk jaar werd Microsoft Word voor het eerst uitgebracht?	In what year was Microsoft Word first released?
	Hoeveel artikelen bevat de Franse Verklaring van de Rechten van de Mens en de Burger?	How many articles does the French Declaration of Human Rights and the Citizen contain?
GEEN	Hoeveel jaar regeerde Cleopatra VII?	
	Hoe oud werd de oudste kat ooit in jaren?	How old was the oldest cat ever in years?
	Hoeveel paar chromosomen heeft een hond?	How many pairs of chromosomes does a dog have?
	Hoeveel geboden bevat de traditionele christelijke indeling van de Tien Geboden?	How many commandments does the traditional Christian division of the Ten Commandments contain?
	Hoeveel landen nemen er deel aan de Schengenzone (2024)?	How many countries participate in the Schengen area (2024)?
GEEN	Hoeveel armen heeft een octopus?	
	Hoeveel minaretten heeft de Blauwe Moskee in Istanbul?	How many minarets does the Blue Mosque have in Istanbul?
	Hoeveel landen doen mee aan het FIFA World Cup 2026?	How many countries participate in the FIFA World Cup 2026?
	Hoeveel minuten duurt een NBA-basketbalwedstrijd officieel?	How many minutes is an official NBA basketball game?
	Hoeveel landen liggen op het Iberisch Schiereiland?	How many countries are on the Iberian Peninsula?
	Hoeveel stukken heeft iedere speler bij de start van schaken?	How many pieces does each player have at the start of chess?
	Hoeveel kilogram staal zit er ongeveer in een gemiddelde auto?	How many kilograms of steel is there in an average car?
	Hoeveel studioalbums bracht Queen uit?	How many studio albums did Queen release?
	Hoeveel kaarten bevat een klassiek Monopoly-spel in totaal aan eigendoms-, kans- en algemeenfondskaarten?	How many cards does a classic Monopoly game contain in total ownership, probability and general fund cards?
	Hoeveel snaren heeft een standaard gitaar?	How many strings does a standard guitar have?
	Hoeveel minuten officiële speeltijd heeft een NBA-wedstrijd?	How many minutes of official playing time has an NBA game?
	Welk percentage van het wereldwijde staal wordt geproduceerd in China?	What percentage of global steel is produced in China?
GEEN	Hoeveel kilometer per uur sprint een jaguar?	
	Hoeveel electorale stemmen heeft Californië (2024)?	How many electoral votes has California (2024)?
	Hoeveel procent van Nederland ligt onder zeeniveau?	How much of the Netherlands is below sea level?
	Wat is de oppervlakte van de Sahara-woestijn in miljoen vierkante kilometer?	What is the surface of the Sahara Desert in million square kilometres?
	In hoeveel officiële James Bond-films speelde Sean Connery de hoofdrol?	How many official James Bond movies did Sean Connery play the lead role?
	Hoeveel diagonalen heeft een regelmatige twaalfhoek?	How many diagonals does a regular pentagon have?
	Hoeveel minuten duurt een volledige baan van het ISS rond de aarde ongeveer?	How many minutes does a full orbit of the ISS around Earth take?
GEEN	Hoeveel dagen duurt de Ramadan maximaal?	
	Hoeveel kleuren heeft de vlag van België?	How many colours does the flag of Belgium have?
	Hoeveel rechters telt het Internationaal Gerechtshof?	How many judges does the International Court of Justice have?
	Hoeveel boeken telt de Tenach in de joodse traditie?	How many books does the Tenach have in the Jewish tradition?
	Hoeveel afgevaardigden ondertekenden de Amerikaanse Grondwet?	How many delegates signed the American Constitution?
	Hoeveel meter hoog is de Christus Redentor standbeeld (met sokkel)?	How many meters high is the Christ Redendor statue (with pedestal)?
GEEN	Hoeveel graden Celsius is de gemiddelde zomertemperatuur in Nederland?	
GEEN	Hoeveel uur per dag slaapt een koala?	
	Hoeveel letters had het klassieke Latijnse alfabet?	How many letters did the classic Latin alphabet have?
	Hoeveel ijsreuzen telt ons zonnestelsel?	How many ice giants does our solar system have?
	Hoeveel zuilen had het oorspronkelijke Parthenon volgens de klassieke indeling?	How many columns did the original Parthenon have according to the classic layout?
	Hoeveel meter hoog is de Christus de Verlosser inclusief sokkel?	How many metres high is Christ the Savior including pedestal?
	Hoeveel individuele landen telt de G20?	How many individual countries does the G20 have?
	Hoeveel landen liggen aan het Titicacameer?	How many countries are on Lake Titicaca?
	Hoeveel oorspronkelijke koloniën vormden de Verenigde Staten?	How many original colonies were the United States?
	Hoeveel staten heeft Brazilië?	How many states does Brazil have?
GEEN	Hoeveel gram suiker zit er in een Amerikaans blikje Coca-Cola van 355 ml?	
GEEN	Hoeveel toneelstukken schreef Shakespeare volgens de gangbare telling?	
	Hoeveel torens heeft de Sagrada Família volgens het voltooide ontwerp?	How many towers does the Sagrada Família have according to the completed design?
	Hoeveel snaren heeft de klassieke Afrikaanse kora traditioneel?	How many strings has the classic African kora traditionally?
GEEN	Hoeveel landen zijn lid van het Pacific Islands Forum?	
	Hoeveel elektronen deelt een enkelvoudige covalente binding?	How many electrons does a single covalent bond share?
	Hoeveel procent van de oorspronkelijke bossen in de wereld is nog over?	How many percent of the original forests in the world are left?
	Hoeveel provincies heeft Indonesië (2024)?	How many provinces has Indonesia (2024)?
	Hoeveel elementen bevat keukenzout, natriumchloride?	How many elements does kitchen salt, sodium chloride contain?
	Hoeveel landen vormen de G20?	How many countries are the G20?
GEEN	Hoeveel duizend kilometer fietspad telt Nederland?	
	Hoeveel spelers staan er per voetbalteam op het veld?	How many players per football team are on the field?
	Hoeveel presidenten hebben de Verenigde Staten gehad tot en met Joe Biden?	How many presidents have the United States had until Joe Biden?
	Hoeveel metrolijnen heeft de New York City Subway?	How many subway lines does the New York City Subway have?
	Hoeveel poten heeft een krab?	How many legs does a crab have?
	Hoeveel graden heeft een volledige cirkel?	How many degrees does a full circle have?
	Welk percentage van het wereldwijde cement wordt geproduceerd in China?	What percentage of global cement is produced in China?
GEEN	Hoeveel symfonieën schreef Mozart?	
	Hoeveel komedies schreef Shakespeare volgens de traditionele genre-indeling?	How many comedies did Shakespeare write according to the traditional genre format?
	Hoeveel films regisseerde Christopher Nolan vóór Oppenheimer?	How many films did Christopher Nolan direct before Oppenheimer?
	Hoeveel jaar zaten er tussen het begin en het einde van de Punische oorlogen?	How many years were there between the start and the end of the Punic Wars?
	Hoeveel liter water gebruikt een gemiddeld huishouden per persoon per dag in Nederland?	How many litres of water does an average household per person per day use in the Netherlands?
	Hoeveel kilometer lang is de kustlijn van Japan ongeveer?	How many kilometres long is the coastline of Japan about?
	Hoeveel schepen werden ingezet bij de evacuatie van Duinkerke?	How many ships were deployed in the evacuation of Dunkirk?
	Hoeveel gram suiker zit er in een blikje Coca-Cola van 330 ml?	How many grams of sugar is there in a can of Coca-Cola of 330 ml?
	Hoeveel stenen beelden staan er in het Terracottaleger ongeveer?	How many stone statues are there in the Terracottaleger?
	Hoeveel uren aan videomateriaal wordt er wereldwijd elke minuut geüpload naar YouTube?	How many hours of video material is uploaded to YouTube every minute worldwide?
	Hoeveel vierkante kilometer is het Arctische zee-ijs in de zomer ongeveer minimaal?	How many square kilometres is the Arctic sea ice in the summer about minimal?
GEEN	In welk jaar werd Apple opgericht?	
	Hoeveel meter lang is de Brooklyn Bridge?	How many meters long is the Brooklyn Bridge?
	Hoeveel Pokémon telt de eerste generatie, de Kanto Pokédex?	How much Pokémon counts the first generation, the Kanto Pokédex?
	Hoeveel inwoners heeft Monaco?	How many inhabitants does Monaco have?
GEEN	Hoeveel vliegtuigen ondersteunden D-Day?	
	Hoeveel toeschouwers konden er tegelijk plaatsnemen in het Colosseum in het Oude Rome?	How many spectators could sit at the Colosseum in Old Rome at the same time?
GEEN	Hoeveel winkels heeft Lidl wereldwijd ongeveer?	
GEEN	Hoeveel kilometer van de Maas ligt in Nederland?	
	Hoeveel witte toetsen heeft een concertpiano?	How many white keys does a concert piano have?
GEEN	Hoeveel soorten worst kent de Duitse keuken ongeveer?	
GEEN	Hoeveel kilogram weegt een volwassen emoe?	
	Hoeveel verkeerslichten zijn er ongeveer in New York City?	How many traffic lights are there in New York City?
	In welk jaar begon de Koreaanse oorlog?	What year did the Korean war start?
	Hoeveel procent van de extra warmte door klimaatverandering wordt door de oceanen opgenomen?	How much of the extra heat from climate change is absorbed by the oceans?
	Hoeveel treden heeft het Empire State Building van straatniveau tot het observatiedek?	How many steps does the Empire State Building have from street level to observation deck?
	Hoeveel chromosomen heeft een gewone tuinerwt Pisum sativum in een lichaamscel?	How many chromosomes does a common pea have Pisum silica in a body cell?
	In welk jaar werd de eerste film publiek vertoond?	In what year was the first film audience shown?
	In welk jaar bereikte de eerste expeditie de Noordpool volgens de traditionele erkenning?	In what year did the first expedition reach the North Pole according to traditional recognition?
	In welk jaar voor Christus viel Carthago in handen van de Romeinen?	In which year BC did Carthage fall to the Romans?
	Hoeveel natuurlijke manen heeft Mars?	How many natural moons does Mars have?
	Hoeveel afleveringen telt de serie Game of Thrones?	How many episodes does the Game of Thrones series have?
	Hoeveel Muzen (dochters van Zeus) telt de Griekse mythologie?	How many Musians (daughters of Zeus) count Greek mythology?
	Hoeveel botten bevat één menselijke hand inclusief de pols?	How many bones does one human hand contain including the wrist?
	Hoeveel aardse dagen duurt één volledige draai van Venus ongeveer?	How many earthly days does one full turn of Venus last about?
	Hoeveel leden telt de Duitse Bondsdag volgens de wettelijke omvang sinds de hervorming?	How many members of the German Bundestag have the legal size since the reform?
	Hoeveel kilometer per seconde draait de aarde om de zon?	How many kilometres per second does the Earth orbit the Sun?
	Hoeveel spieren heeft het menselijk lichaam ongeveer?	How many muscles does the human body have?
GEEN	Hoeveel kilometer lang is het metronet van Mexico-Stad?	
GEEN	Hoeveel uur duurde het langste videogame-marathonrecord (stand 2026)?	
	Hoeveel schepen had de Atheense vloot tijdens de Slag bij Salamis ongeveer?	How many ships had the Athenian fleet during the Battle of Salamis about?
	Hoeveel verdiepingen heeft de Shanghai Tower?	How many floors does the Shanghai Tower have?
	Hoeveel noten bevat een standaard majeurtoonladder inclusief het herhaalde octaaf?	How many notes does a standard major tone ladder include the repeated octave?
	Hoeveel deelstaten telt Duitsland?	How many federal states does Germany have?
	Hoeveel punten heeft een try in rugby union?	How many points does a try in rugby union have?
	Hoeveel landen telt Afrika?	How many countries does Africa have?
	Hoeveel electorale stemmen zijn er nodig om de VS-presidentsverkiezing te winnen?	How many electoral votes does it take to win the U.S. presidential election?
	Hoeveel protonen heeft een neutraal atoom van uranium?	How many protons has a neutral atom of uranium?
	Hoeveel tanden heeft een volwassen hond?	How many teeth does a grown dog have?
	Hoeveel kilometer lang is de Kanaaltunnel?	How many kilometres is the Channel Tunnel?
	Hoeveel snaren heeft een standaard concert-pedaalharp?	How many strings has a standard concert pedal harp?
	Welk percentage van het zoete water zit vast in ijs en gletsjers?	What percentage of the fresh water is stuck in ice and glaciers?
	Hoeveel jaar duurde de Honderdjarige Oorlog daadwerkelijk?	How many years did the Hundred Years War actually last?
	Hoeveel standaard 20-voet zeecontainers (TEU) kan het grootste containerschip ter wereld in één keer vervoeren?	How many standard 20-foot sea containers (TEU) can transport the largest container ship in the world at once?
	Hoeveel kilometer lang is de Nederlandse kustlijn ongeveer?	How many kilometres long is the Dutch coastline about?
	Hoeveel chromosomen heeft een gewone ui Allium cepa in een lichaamscel?	How many chromosomes does an ordinary onion have Allium cepa in a body cell?
	Hoeveel delen bevatte de oorspronkelijke publicatie van The Lord of the Rings?	How many parts contained the original publication of The Lord of the Rings?
	Hoeveel KFC-restaurants zijn er wereldwijd ongeveer?	How many KFC restaurants are there around the world?
	Hoeveel kilometer moet een bijenvolk gezamenlijk vliegen om één kilo honing te produceren?	How many kilometers does a bee race have to fly together to produce one kilo of honey?
	Hoeveel pixels breed is een standaard 4K Ultra HD videoscherm?	How many pixels wide is a standard 4K Ultra HD video screen?
	In welk jaar werd penicilline ontdekt?	What year was penicillin discovered?
	In welk jaar zonk de Titanic?	What year did the Titanic sink?
GEEN	Hoeveel vogelsoorten telt Australië?	
	Hoeveel kamers heeft Buckingham Palace?	How many rooms does Buckingham Palace have?
	In welk jaar werd de eerste moderne krant gepubliceerd?	In what year was the first modern newspaper published?
	Hoeveel tanden wisselt een haai gedurende zijn leven ongeveer?	How many teeth does a shark change in his life?
	Hoeveel kilometer lang was de Romeinse rijksgrens, de Roman Limes, volgens UNESCO ongeveer?	How many kilometres long was the Roman Empire border, the Roman Limes, according to UNESCO about?
	Hoeveel minaretten heeft de Taj Mahal?	How many minarets does the Taj Mahal have?
	Hoeveel meter hoog is de Golden Gate Bridge boven het water?	How many metres high is the Golden Gate Bridge above the water?
	Hoeveel poten heeft een spin?	How many legs does a spider have?
	In welk jaar werd Argentinië onafhankelijk van Spanje?	In what year did Argentina become independent of Spain?
	Hoeveel centimeter meten de dunne en dikke darm samen, volledig uitgestrekt?	How many centimeters do the small and large intestine measure together, fully extended?
	Hoeveel kilometer per uur rijdt een hogesnelheidstrein zoals de TGV maximaal in reguliere dienst?	How many kilometres per hour does a high-speed train such as TGV run in regular service?
	Hoeveel meter ligt de Dode Zee ongeveer onder zeeniveau?	How many metres is the Dead Sea about below sea level?
	Hoeveel meter lang is de langste overspanning van de Akashi Kaikyōbrug?	How many meters long is the longest span of the Akashi Kaikyō Bridge?
	Hoeveel albums bracht AC/DC uit tot 2024 (studioalbums)?	How many albums did AC/DC release until 2024 (studio albums)?
	In welk jaar werd de eerste Android-telefoon uitgebracht?	In what year was the first Android phone released?
GEEN	Hoeveel kilogram weegt een volwassen Aziatische olifant?	
	Hoe zwaar was de grootste portie friet ooit in kilogram?	How heavy was the largest portion of fries ever in kilograms?
	Hoeveel leeuwen staan er rond de Nelson’s Column in Londen?	How many lions are there around the Nelsons Column in London?
	Hoeveel gram koolhydraten bevat een Amerikaanse McDonald’s Big Mac?	How many grams of carbohydrates does an American McDonald... Big Mac contain?
GEEN	Hoeveel kilometer per uur zwemt een dolfijn op zijn snelst?	
GEEN	Hoeveel miljoen inwoners heeft India?	
	Hoeveel delen CO₂ per miljoen delen lucht zat er rond het pre-industriële referentiejaar in de atmosfeer?	How many parts of CO2 per million parts of air were in the atmosphere around the pre-industrial reference year?
	Hoeveel tekeningen van Rembrandt bezit het Rijksmuseum volgens de huidige collectie-informatie?	How many drawings by Rembrandt do the Rijksmuseum have according to the current collection information?
	Hoeveel mogelijke worpen zijn er met drie gewone dobbelstenen?	How many possible throws are there with three ordinary dice?
	Hoeveel volt heeft een standaard stopcontact in Nederland?	How much volt does a standard plug socket in the Netherlands?
	Hoe lang was de langste vrouw ooit in centimeters?	How long was the longest woman ever in centimeters?
	In welk jaar viel het West-Romeinse Rijk traditioneel?	In what year did the West Roman Empire traditionally fall?
GEEN	Hoeveel kilogram weegt een volwassen mannelijke Bengaalse tijger?	
	Hoeveel Oscars won de film Titanic (1997)?	How many Oscars won the film Titanic (1997)?
	Hoeveel watt laadt een standaard iPhone snellader?	How much watts does a standard iPhone charger charge?
	Hoeveel hartkleppen heeft het menselijk hart?	How many valves does the human heart have?
	Hoeveel leden heeft de Nederlandse Eerste Kamer?	How many members have the Dutch First Chamber?
	Hoeveel kilocalorieën bevat een Amerikaanse McDonald’s cheeseburger?	How many kilocalories does an American McDonald's cheeseburger contain?
	Hoeveel procent van de wetlands is sinds 1700 wereldwijd verdwenen?	How many percent of wetlands have disappeared worldwide since 1700?
	Hoeveel toetsen heeft een standaard MIDI-pianotoetsenbord met vijf octaven?	How many keys does a standard MIDI piano keyboard with five octaves?
	Hoeveel boeken bevat Homerus’ Odyssee?	How many books does Homer's Odyssey contain?
	Hoeveel torens heeft het Kremlin in Moskou?	How many towers does the Kremlin have in Moscow?
	Hoeveel letters heeft het Armeense alfabet?	How many letters does the Armenian alphabet have?
	Hoe hoog was de hoogste duik vanaf een klif in meters?	How high was the highest dive from a cliff in meters?
	Hoeveel ton bananen worden wereldwijd jaarlijks geproduceerd?	How many tonnes of bananas are produced worldwide?
	Hoeveel traptreden telt de Eiffeltoren naar de top?	How many steps does the Eiffel Tower have to the top?
	In welk jaar werd de eerste PlayStation uitgebracht?	In what year was the first PlayStation released?
GEEN	Hoeveel LEGO-steentjes werden gebruikt voor het grootste LEGO-model?	
	Hoeveel kilometer lang is het Suezkanaal?	How many kilometres is the Suez Canal?
	Hoeveel kiesmannen telt het Amerikaanse Electoral College?	How many electors does the U.S. electoral college have?
	Hoeveel meter lang is het Millauviaduct in Frankrijk?	How many meters long is the Millauviaduct in France?
	Hoeveel keer klopt een menselijk hart gemiddeld op één dag (bij rust)?	How many times does a human heart beat on average in one day (at rest)?
	Hoeveel republieken vormden de Sovjet-Unie bij haar ontbinding in 1991?	How many republics did the Soviet Union form when it was dissolved in 1991?
GEEN	Hoeveel meter hoog is De Zalmhaven in Rotterdam?	
GEEN	Wat is de baansnelheid van het ISS ongeveer?	
	Hoeveel delen telt de Harry Potter filmreeks van Warner Bros?	How many parts does the Harry Potter film series by Warner Bros have?
	Hoeveel munten telt een volledige set eurocent- en euromunten?	How many coins does a full set of euro cents and euro coins have?
	Hoe lang is de Afsluitdijk in kilometers?	How long is the Afsluitdijk in kilometres?
	Hoeveel landen zijn lid van de NAVO?	How many countries are members of NATO?
	Hoeveel Grammys won Beyoncé in totaal tot 2023?	How many Grammys won Beyoncé until 2023?
	In welk jaar werd de eerste iPhone uitgebracht?	In what year was the first iPhone released?
	Hoeveel ton suiker wordt wereldwijd jaarlijks geproduceerd?	How many tons of sugar is produced worldwide?
	Hoeveel bedrijven vormen de Nasdaq-100-index?	How many companies form the Nasdaq-100 index?
	Hoeveel naamvallen heeft het Fins?	How many names does it have in Finnish?
	Hoeveel centimeter zet de Eiffeltoren uit op een hete zomerdag?	How many centimeters does the Eiffel Tower turn off on a hot summer day?
	In welk jaar werd Paraguay onafhankelijk van Spanje?	In what year did Paraguay become independent of Spain?
	Hoeveel perioden heeft het moderne periodiek systeem?	How many periods does the modern periodic table have?
	Hoeveel metrolijnen heeft de Parijse metro?	How many subway lines does the Paris subway have?
GEEN	Hoeveel mensen bezochten de Wereldtentoonstelling van 1893 in Chicago?	
GEEN	Hoeveel miljoen inwoners heeft China?	
	Hoeveel landen grenzen aan de Rode Zee?	How many countries border on the Red Sea?
GEEN	Hoeveel kilometer per uur sprint een leeuw?	
	Uit hoeveel leden bestaat de VN-Veiligheidsraad in totaal?	How many members is the UN Security Council in total?
	Hoeveel vierkante kilometer is de oppervlakte van IJsland ongeveer?	How many square kilometres is the area of Iceland about?
GEEN	Hoeveel Amerikaanse militairen kwamen tijdens de Tweede Wereldoorlog om het leven?	
	Hoeveel ton maïs werd wereldwijd geproduceerd in 2023?	How many tons of corn was produced worldwide in 2023?
	Hoeveel verschillende euromunten zijn er?	How many different euro coins are there?
	Hoeveel wegen krijgt iedere speler bij de start van Catan?	How many roads does each player get at the start of Catan?
	Welke pH-waarde heeft zuiver water bij kamertemperatuur ongeveer?	What pH value does pure water have at room temperature about?
	Hoeveel spelers telt een waterpoloteam in het water?	How many players does a water polo team in the water have?
	Hoeveel keer is de Elfstedentocht in de 20e eeuw geschaatst?	How many times has the Elfstedentocht been skated in the 20th century?
	In welk jaar werd Amazon opgericht?	What year was Amazon founded?
	Hoeveel push-ups werden er in 24 uur uitgevoerd bij het huidige record?	How many push-ups were performed in 24 hours at the current record?
	Hoeveel cent zit er in één euro?	How much is in one euro?
GEEN	Hoeveel meter hoog is Mount Cook (Aoraki)?	
	In welk jaar werd Chili onafhankelijk van Spanje?	In what year did Chile become independent of Spain?
	Hoeveel vierkante kilometer is de oppervlakte van Japan ongeveer?	How many square kilometres is the area of Japan about?
	Hoeveel hoofdkabels dragen de Golden Gate Bridge?	How many main cables are wearing the Golden Gate Bridge?
	Hoeveel cilinders had de Honda RA168E Formule 1-motor uit 1988?	How many cylinders had the Honda RA168E Formula 1 engine from 1988?
GEEN	Hoeveel Afrikaanse landen grenzen aan de Atlantische Oceaan?	
	In welk jaar werd de eerste commerciële mobiele telefoon uitgebracht?	What year was the first commercial mobile phone released?
	Hoe zwaar was de zwaarste pompoen ooit in kilogram?	How heavy was the toughest pumpkin ever in kilograms?
	Hoeveel windmolens staan er op de werelderfgoedlocatie Kinderdijk?	How many windmills are in the world heritage site Kinderdijk?
GEEN	Hoeveel meter hoog is de Shanghai Tower?	
GEEN	Hoeveel pianosonates schreef Beethoven?	
	Hoeveel staten heeft Australië?	How many states does Australia have?
GEEN	In welk jaar werd Venezuela onafhankelijk van Spanje?	
	Hoeveel landen vormen Centraal-Amerika?	How many countries are Central America?
GEEN	Hoeveel kilometer lang is de Ganges?	
	Hoeveel start- en landingsbanen heeft Heathrow?	How many runways does Heathrow have?
	Hoeveel vierkante kilometer is de Noordzee ongeveer groot?	How many square kilometres is the North Sea about large?
	Hoeveel Champions League-titels won Real Madrid tot 2024?	How many Champions League titles did Real Madrid win until 2024?
	Hoe hoog was de hoogste robot ooit gebouwd in meters?	How high was the highest robot ever built in meters?
	Hoeveel wagons heeft een Eurostar-trein meestal in een volledige standaardtrein?	How many wagons does a Eurostar train usually have on a full standard train?
	Hoeveel kilometer lang is de kust van de Nederlandse Waddeneilanden ongeveer?	How many kilometres long is the coast of the Dutch Wadden Islands about?
	Hoeveel poten heeft een standaard statief?	How many legs has a standard tripod?
	In welk jaar werd de eerste e-mail verstuurd?	What year was the first e-mail sent?
	Hoeveel spelers heeft een rugbyteam per ploeg op het veld (union)?	How many players have a rugby team per team on the field (union)?
	Hoeveel millimeter per jaar groeit de Mount Everest gemiddeld?	How many millimeters a year does Mount Everest grow on average?
	Hoeveel poten heeft een kreeft?	How many legs does a lobster have?
	Hoeveel officiële talen erkent de Verenigde Naties (VN)?	How many official languages does the United Nations (UN) recognise?
	Hoeveel Disneyland-resorts bestaan er wereldwijd?	How many Disneyland resorts exist worldwide?
GEEN	Hoeveel provincies telt China?	
	Hoeveel zijden heeft een hexagoon?	How many sides does a hexagon have?
	Hoeveel hoofdringen heeft Saturnus volgens de NASA-indeling?	How many head rings does Saturn have according to NASA format?
	Hoeveel basis-ingrediënten heeft een klassieke pizza Margherita?	How many basic ingredients does a classic pizza have Margherita?
	Hoeveel cijfers heeft een standaard ISBN-13?	How many numbers does a standard ISBN-13 have?
	Welk percentage van plastic afval wordt wereldwijd gestort?	What percentage of plastic waste is landfilled worldwide?
	Hoeveel punten levert een safety op bij American football?	How many points does a safety pay for American football?
	Hoeveel landen grenzen direct aan de Zwarte Zee?	How many countries border directly on the Black Sea?
	Hoeveel snaren heeft een klassieke Japanse koto?	How many strings does a classic Japanese koto have?
GEEN	Hoeveel meter hoog is Mount Kenya?	
	Hoeveel ml bevat een standaard Nederlandse borrelglas jenever?	How many ml does a standard Dutch gin glass contain?
	Hoeveel landen zijn lid van de Europese Unie (2024)?	How many countries are members of the European Union (2024)?
	Hoeveel nummers staan er op het album Thriller van Michael Jackson?	How many songs are on Michael Jackson's album Thriller?
	Hoeveel eilanden telt de Filipijnen officieel (volgens NAMRIA)?	How many islands do the Philippines officially have (according to NAMRIA)?
GEEN	Hoeveel studioalbums bracht Kylie Minogue uit?	
	Hoeveel jaar zat Nelson Mandela gevangen?	How many years was Nelson Mandela in prison?
	Hoeveel landen grenzen aan Honduras?	How many countries border Honduras?
	Wat is de geschatte leeftijd van de planeet Aarde in miljoenen jaren?	What is the estimated age of planet Earth in millions of years?
	Hoeveel keer won Brazilië de FIFA World Cup voetbal bij de mannen (2024)?	How many times did Brazil win the FIFA World Cup football in the men (2024)?
	Hoeveel landen worden door de evenaar doorkruist?	How many countries are crossed by the equator?
	Hoeveel keer was Brazilië gastheer van de FIFA World Cup?	How many times was Brazil host to the FIFA World Cup?
GEEN	Wat is de diameter van de Aarde over de evenaar in kilometers?	
GEEN	Hoeveel meter diep is de Challengerdiepte in de Marianentrog?	
	Hoeveel planeten staan dichter bij de zon dan de aarde?	How many planets are closer to the Sun than Earth?
	Hoeveel vleugels heeft een passagiersvliegtuig?	How many wings does a passenger plane have?
	Hoeveel zuilen heeft het Rijksmuseum aan de voorgevel?	How many columns does the Rijksmuseum have on the facade?
	Wat is de hoogte van de Mont Blanc in de Alpen in meters?	What is the altitude of Mont Blanc in the Alps in meters?
	Hoeveel meter per seconde meet een wind van windkracht 5?	How many meters per second does a wind of wind force 5 measure?
GEEN	Hoeveel duizend vierkante kilometer groot is Australië?	
	Hoeveel themaparken telt Walt Disney World in Florida?	How many theme parks does Walt Disney World have in Florida?
GEEN	Hoeveel schaatsbanen van 400 meter telt Nederland?	
	Hoeveel James Bond films met Daniel Craig verschenen er?	How many James Bond films with Daniel Craig appeared?
GEEN	In welk jaar werd de Amerikaanse Onafhankelijkheidsverklaring ondertekend?	
GEEN	Hoeveel meter hoog is de Kilimanjaro?	
	Hoeveel punten levert een touchdown zonder extra point op?	How many points does a touchdown get without an extra point?
	Hoeveel schepen vertrokken met Christoffel Columbus bij zijn eerste reis in 1492?	How many ships left with Christopher Columbus on his first voyage in 1492?
	Hoeveel dansstijlen worden er klassiek onderscheiden in de Cubaanse rumba-familie (drie hoofdstijlen)?	How many dance styles are classically distinguished in the Cuban rumba family (three main styles)?
	Hoeveel pogingen heeft een gewichtheffer per discipline?	How many attempts does a weightlifter have per discipline?
	Hoeveel meter lang was de langste trouwjurkstaart volgens Guinness World Records?	How many meters long was the longest wedding dress tail according to Guinness World Records?
	Hoeveel meter hoog is het hoogste punt van het Millauviaduct?	How many meters high is the highest point of the Millauviaduct?
GEEN	Hoeveel meter hoog is de Aconcagua?	
	Hoeveel van de Grote Meren liggen in de VS en Canada samen?	How many of the Great Lakes are in the US and Canada together?
GEEN	Hoeveel meter hoog is Mount Everest?	
GEEN	Hoeveel vierkante kilometer is de oppervlakte van het Baikalmeer ongeveer?	
GEEN	Wat is de omtrek van de Aarde rond de evenaar in kilometers?	
GEEN	Hoeveel kilometer lang is de evenaar ongeveer?	
GEEN	Hoeveel miljoen inwoners heeft Chili?	
GEEN	Hoeveel McDonald’s-restaurants waren er wereldwijd aan het einde van 2023?	
	Hoeveel landen gebruiken de euro als officiële munt?	How many countries use the euro as an official currency?
GEEN	Hoeveel kilometer lang is de Kongo?	
	Hoeveel landen grenzen aan Kameroen?	How many countries border Cameroon?
	Hoeveel keer per dag bidden moslims volgens de vijf pilaren van de islam?	How many times a day do Muslims pray according to the five pillars of Islam?
	Hoeveel eilanden vormen Indonesië volgens de officiële telling?	How many islands form Indonesia according to the official count?
	In welk year ontdekte Columbus Amerika (de eerste reis)?	In which year did Columbus discover America (the first trip)?
	Hoeveel klokken hangen er in het carillon van de Utrechtse Domtoren?	How many bells are in the carillon of the Utrecht Cathedral?
GEEN	Hoeveel kilometer lang was Route 66?	
	Hoeveel spelers zitten er in een Nederlands korfbalteam op het veld?	How many players are on a Dutch basketball team on the field?
GEEN	Hoeveel landen gebruiken de West-Afrikaanse CFA-frank?	
	Hoe zwaar was de grootste kaas ooit gemaakt in kilogram?	How heavy was the biggest cheese ever made in kilograms?
GEEN	Hoeveel vierkante kilometer is het Victoriameer ongeveer?	
	Hoeveel knopen heeft een standaard overhemd meestal aan de voorkant?	How many buttons does a standard shirt usually have in front?
	Hoeveel Eurovision Songfestivals won Ierland (2024 stand)?	How many Eurovision Song Festivals won Ireland (2024 stand)?
	Hoeveel karaat is puur goud?	How much carat is pure gold?
	Hoeveel dagen duurt de Nederlands Film Festival in Utrecht?	How many days does the Dutch Film Festival in Utrecht last?
GEEN	Hoeveel kilometer lang is de kustlijn van Canada ongeveer?	
GEEN	Hoeveel meter is een marathon exact?	
	Hoeveel Spaceshuttles bouwde NASA totaal voor orbitale vluchten?	How many Space Shuttles did NASA build for orbital flights?
GEEN	Hoeveel miljoen gnoes trekken mee in de Grote Migratie van de Serengeti?	
	Hoeveel landen grenzen aan Nederland?	How many countries border the Netherlands?
	Hoeveel graden Celsius kookt water op zeeniveau?	How many degrees Celsius boils water at sea level?
	Hoeveel studioalbums bracht Taylor Swift uit tot 2024?	How many studio albums did Taylor Swift release until 2024?
	Hoeveel kilometer lang is de Grote Muur van China ongeveer?	How many kilometers long is the Great Wall of China about?
GEEN	Wat is de exacte afstand van een marathonwedstrijd in meters?	
	Hoeveel bits bevat één byte?	How many bits does one byte contain?
	Hoeveel Wonderen van de Oude Wereld lagen in Azië of Noord-Afrika samen?	How many wonders of the Old World were in Asia or North Africa together?
	Hoe lang was de langste baard ooit in meters?	How long was the longest beard ever in metres?
	Hoeveel miljard kilometer legt licht af in één lichtjaar, afgerond?	How many billion kilometers goes light in one light year, rounded?
GEEN	Hoeveel liter olijfolie gebruikt een Griek per jaar?	
GEEN	Hoeveel kilometer is de diameter van Jupiter ongeveer?	
	Wat is het atoomnummer van zuurstof?	What's the atomic number of oxygen?
GEEN	Hoeveel kilometer lang is de Grote Muur van China volgens de officiële meting?	
	Hoeveel Copa América titels won Argentinië tot 2024?	How many Copa América titles did Argentina win until 2024?
	Hoeveel mensen namen deel aan de grootste massale yogales?	How many people participated in the largest mass yoga class?
	Hoeveel advocaten-generaal heeft het Hof van Justitie van de Europese Unie?	How many Advocates-General has the Court of Justice of the European Union?
	Hoeveel miljoen toeristen bezoekt Amsterdam jaarlijks ongeveer?	How many million tourists visit Amsterdam every year?
	Hoeveel spelers heeft een hockeyteam op het veld per ploeg?	How many players does a field hockey team have per team?
	Hoeveel spelers staan er per team op het veld bij American football?	How many players per team are on the field at American football?
GEEN	Hoeveel landen hebben grondgebied in de Sahara?	
	Wat is de gemiddelde afstand van de aarde tot de maan?	What is the average distance from the Earth to the Moon?
	Hoeveel dollarcent zit er in één Amerikaanse dollar?	How much dollar cents is in one American dollar?
	Wat is de baansnelheid van het ISS ruimtestation in kilometer per uur?	What is the orbital speed of the ISS space station in kilometres per hour?
	Hoeveel procent bedraagt het standaard-btw-tarief in Duitsland?	How much is the standard VAT rate in Germany?
	Hoeveel Hollandse waterlijnen kent de oude Nederlandsche Waterlinie?	How many Dutch water lines does the old Dutch Waterline know?
	Hoeveel minuten officiële speeltijd heeft een rugbyunionwedstrijd?	How many minutes of official playing time does a rugbyunion match?
GEEN	Wat is het grootste binnenlandse waterlichaam ter wereld naar oppervlakte?	
	Hoeveel landen ondertekenden oorspronkelijk het Handvest van de Verenigde Naties?	How many countries originally signed the United Nations Charter?
	Hoeveel sterren staan er op de vlag van de Verenigde Staten?	How many stars are on the flag of the United States?
	Hoeveel polders telt Flevoland in de klassieke indeling?	How many polders does Flevoland have in the classic classification?
	Hoeveel nummer 1-hits had The Beatles in de Billboard Hot 100?	How many songs did The Beatles have in the Billboard Hot 100?
	Hoeveel kilometer fietst een Nederlander gemiddeld per jaar?	How many kilometres does a Dutchman cycle on average per year?
	Hoeveel spelers staan er op het ijs bij ijshockey (beide teams inclusief keepers)?	How many players are on the ice at hockey (both teams including goalkeepers)?
